Serial,name,Density,PLD,LCD,GSA,Void_Fraction,Pore_Volume,UnitCell_MW_g_mol,score_svr
580,c6ce00407e7_ASR_pacman,0.207465,15.95479,33.68342,4888.62,0.90886,4.3808,10846.176,0.900351207
581,c6ce00407e7_FSR_pacman,0.207465,15.95479,33.68342,4888.62,0.90886,4.3808,10846.176,0.900351207
1664,cm9b00960_si_001_ASR_pacman,0.86678,28.07721,29.49494,2340.83,0.78458,0.905166,8074.607,0.816163699
1665,cm9b00960_si_001_FSR_pacman,0.886315,28.07721,29.49494,2391.77,0.7767,0.876325,8266.595,0.810391299
407,an9b00188_si_002_ASR_pacman,0.875091,28.16268,28.89451,2436.33,0.78464,0.896638,5161.874,0.801333533
1697,cs0c01844_si_003_FSR_pacman,1.07827,25.58259,28.66758,2215.21,0.75346,0.698765,8420.014,0.796758783
1696,cs0c01844_si_003_ASR_pacman,0.970229,25.58259,28.66758,2295.11,0.76498,0.788453,8361.321,0.790794211
408,an9b00188_si_002_FSR_pacman,0.901599,28.16269,28.89451,2520.04,0.77238,0.856677,5449.856,0.788283068
1694,cs0c01844_si_002_ASR_pacman,0.676345,29.08474,30.63652,2453.71,0.82198,1.21533,7856.883,0.787047368
1632,cm0c02277_si_001_FSR_pacman,0.165664,16.12488,33.84988,4269.37,0.9374,5.65845,7610.509,0.754997575
1631,cm0c02277_si_001_ASR_pacman,0.165664,16.12488,33.84988,4269.37,0.9374,5.65845,7610.509,0.754997575
3309,ja8b00605_si_002_FSR_pacman,0.746302,27.51098,29.2185,2644.41,0.78942,1.05778,6695.37,0.741207509
1388,c9ce02034a2_ASR_pacman,1.40102,24.51384,26.84407,1533.93,0.76978,0.549444,6497.895,0.727113061
1389,c9ce02034a2_FSR_pacman,1.40102,24.51384,26.84407,1533.93,0.76978,0.549444,6497.895,0.727113061
1718,cs8b02921_si_003_FSR_pacman,0.83434,23.24974,29.10912,2533.73,0.76902,0.92171,6642.196,0.715164671
1717,cs8b02921_si_003_ASR_pacman,0.83434,23.24974,29.10912,2533.73,0.76902,0.92171,6642.196,0.715164671
1700,cs0c01844_si_005_ASR_pacman,0.884343,26.40351,28.34486,2778.37,0.7503,0.848427,6897.176,0.707351556
1715,cs8b02921_si_002_ASR_pacman,0.760451,23.96243,29.18218,2576.86,0.79202,1.04151,6561.891,0.706583909
2874,ja0c10367_si_003_ASR_pacman,0.634898,29.24165,29.81015,2745.12,0.81732,1.28732,6417,0.705513469
2875,ja0c10367_si_003_FSR_pacman,0.649109,28.64764,29.73035,2755.92,0.81204,1.25101,6608.988,0.701313039
3365,ja8b05890_si_005_FSR_pacman,0.75437,22.89902,25.18972,2298.48,0.80376,1.06547,2883.882,0.699997049
3364,ja8b05890_si_005_ASR_pacman,0.75437,22.89902,25.18972,2298.48,0.80376,1.06547,2883.882,0.699997049
1701,cs0c01844_si_005_FSR_pacman,0.903574,26.40351,28.34486,2848.86,0.74192,0.821095,6913.175,0.690128234
2873,ja0c10367_si_001_FSR_pacman,0.634237,27.25099,29.31643,2757.88,0.8085,1.27476,6705.076,0.682007687
2872,ja0c10367_si_001_ASR_pacman,0.634237,27.25099,29.31643,2757.88,0.8085,1.27476,6705.076,0.682007687
3560,ja9b07700_si_002_FSR_pacman,0.998951,21.03982,23.05854,1988.87,0.719,0.719755,5422.359,0.680073551
3559,ja9b07700_si_002_ASR_pacman,0.96392,21.03981,23.05854,1969.83,0.73022,0.757552,5230.371,0.679070108
3561,ja9b07700_si_003_ASR_pacman,1.1966,20.90923,23.12938,1729.03,0.71872,0.600635,6505.584,0.665480095
3562,ja9b07700_si_003_FSR_pacman,1.1966,20.90923,23.12938,1729.03,0.71872,0.600635,6505.584,0.665480095
1716,cs8b02921_si_002_FSR_pacman,0.832529,23.96243,27.66827,2786.3,0.76612,0.920232,6705.882,0.661485475
1698,cs0c01844_si_004_ASR_pacman,0.631957,25.82106,29.52403,2849.48,0.81204,1.28496,6695.276,0.632671309
1699,cs0c01844_si_004_FSR_pacman,0.631957,25.82106,29.52403,2849.48,0.81204,1.28496,6695.276,0.632671309
3197,ja7b02272_si_016_ASR_pacman,1.37244,21.67249,23.97346,2939.26,0.63012,0.459125,18364.104,0.629707034
3198,ja7b02272_si_016_FSR_pacman,1.37244,21.67249,23.97346,2939.26,0.63012,0.459125,18364.104,0.629707034
3347,ja8b05107_si_002_1_FSR_pacman,0.748359,24.12545,26.20211,2917.42,0.76442,1.02146,6917.061,0.609771064
3346,ja8b05107_si_002_1_ASR_pacman,0.748359,24.12545,26.20211,2917.42,0.76442,1.02146,6917.061,0.609771064
574,c6ce00407e11_ASR_pacman,0.23071,12.08584,14.17413,5581.71,0.89116,3.86268,1128.11,0.601437935
575,c6ce00407e11_FSR_pacman,0.23071,12.08584,14.17413,5581.71,0.89116,3.86268,1128.11,0.601437935
1251,c8sc04220a2_2_ASR_pacman,0.659046,27.96122,29.46683,3075.11,0.78942,1.19782,6527.841,0.593983201
1252,c8sc04220a2_2_FSR_pacman,0.678323,27.96122,29.46683,3124.04,0.78166,1.15234,6719.829,0.58281417
3431,ja8b11230_si_002_ASR_pacman,0.333391,28.77217,31.23988,2384.99,0.91688,2.75016,6947.784,0.576007363
322,am8b02825_si_002_ASR_pacman,0.56025,28.56158,29.9959,3076.43,0.8144,1.45364,6877.23,0.565322794
2908,ja403810k_si_003_ASR_pacman,0.252736,26.27887,31.39937,4314.89,0.90478,3.57994,32410.728,0.560499069
2909,ja403810k_si_003_FSR_pacman,0.252736,26.27887,31.39937,4314.89,0.90478,3.57994,32410.728,0.560499069
323,am8b02825_si_002_FSR_pacman,0.574681,28.03073,29.31556,3099.62,0.80912,1.40795,7069.218,0.556161495
2852,ja0c07081_si_004_ASR_pacman,0.791145,16.17958,22.3583,2092.26,0.78832,0.996429,3702.272,0.555073861
2273,d2cc06945h2_1_ASR_pacman,1.05992,13.40436,23.68465,2201.98,0.74146,0.699541,17397.768,0.553631209
2274,d2cc06945h2_1_FSR_pacman,1.05992,13.40436,23.68465,2201.98,0.74146,0.699541,17397.768,0.553631209
409,an9b00188_si_003_ASR_pacman,1.26426,15.8216,17.30675,2676.4,0.66174,0.52342,9316.125,0.547900348
3254,ja7b06197_si_003_FSR_pacman,1.02626,17.4678,18.08664,2013.02,0.76334,0.743811,4159.764,0.547470611
3253,ja7b06197_si_003_ASR_pacman,1.02626,17.4678,18.08664,2013.02,0.76334,0.743811,4159.764,0.547470611
1719,cs8b04828_si_002_ASR_pacman,0.713742,26.01153,27.60461,3237.03,0.7481,1.04814,7232.543,0.538043066
1720,cs8b04828_si_002_FSR_pacman,0.713742,26.01153,27.60461,3237.03,0.7481,1.04814,7232.543,0.538043066
3518,ja9b05571_si_002_ASR_pacman,0.749575,17.53958,19.47325,1984.97,0.8202,1.09422,17433.12,0.533772025
3524,ja9b05571_si_006_ASR_pacman,0.749575,17.53958,19.47325,1984.97,0.8202,1.09422,17433.12,0.533772025
2853,ja0c07081_si_004_FSR_pacman,0.805518,14.67185,22.3583,2154.96,0.78154,0.970233,3798.266,0.529036721
3611,ja9b11260_si_002_FSR_pacman,0.995209,9.88711,26.16433,2220.38,0.74314,0.746718,20408.64,0.526743284
410,an9b00188_si_003_FSR_pacman,1.32408,12.20464,16.56481,2804.8,0.63512,0.479668,10084.077,0.526493495
1981,d0nr02007a2_ASR_pacman,1.23492,5.96841,18.40839,2939.92,0.63532,0.514464,10103.136,0.524426111
1982,d0nr02007a2_FSR_pacman,1.23492,5.96841,18.40839,2939.92,0.63532,0.514464,10103.136,0.524426111
3610,ja9b11260_si_002_ASR_pacman,0.97969,9.88711,26.16433,2176.76,0.74934,0.764875,20024.664,0.523583718
2297,d2dt01108e2_2_FSR_pacman,1.10912,4.8102,18.60877,3175.74,0.6299,0.567927,16059.438,0.522866788
3352,ja8b05471_si_001_ASR_pacman,1.09799,6.94675,19.06104,3502.72,0.6253,0.569497,11511.216,0.521232387
3353,ja8b05471_si_001_FSR_pacman,1.09799,6.94675,19.06104,3502.72,0.6253,0.569497,11511.216,0.521232387
2124,d1cc06440a2_ASR_pacman,1.26104,13.92052,16.04634,2353.77,0.65594,0.520158,3610.026,0.520144646
3300,ja808995d_si_002_10_FSR_pacman,1.35464,10.50821,17.81948,2646.18,0.66434,0.490418,44551.242,0.519527574
3299,ja808995d_si_002_10_ASR_pacman,1.35464,10.50821,17.81948,2646.18,0.66434,0.490418,44551.242,0.519527574
3307,ja808995d_si_002_9_FSR_pacman,1.34487,10.58241,17.9257,2648.16,0.66702,0.495975,46911.936,0.519488523
3306,ja808995d_si_002_9_ASR_pacman,1.34487,10.58241,17.9257,2648.16,0.66702,0.495975,46911.936,0.519488523
2295,d2dt01108e2_1_FSR_pacman,1.13111,8.14026,18.59701,2826.25,0.66284,0.586006,15674.248,0.514589722
3308,ja8b00605_si_002_ASR_pacman,0.504596,28.69649,30.71957,3156.33,0.83214,1.64912,6097.92,0.51184675
1522,c9sc03348c4_1_ASR_pacman,1.33811,9.36143,15.59912,3009.47,0.59696,0.446122,26609.663,0.511067909
2052,d0sc03727c2_6_ASR_pacman,0.288816,15.01662,28.52016,4020.87,0.88904,3.07822,4846.32,0.510998586
3256,ja7b06197_si_004_FSR_pacman,1.25552,14.69974,16.38339,2032.91,0.7139,0.568608,4447.746,0.508843522
3255,ja7b06197_si_004_ASR_pacman,1.25552,14.69974,16.38339,2032.91,0.7139,0.568608,4447.746,0.508843522
3301,ja808995d_si_002_12_ASR_pacman,1.08183,10.42328,18.28997,3173.3,0.66494,0.614646,44018.088,0.508290957
3302,ja808995d_si_002_12_FSR_pacman,1.08183,10.42328,18.28997,3173.3,0.66494,0.614646,44018.088,0.508290957
1913,d0dt01666g2_FSR_pacman,1.07195,10.25467,16.0974,3417.98,0.60908,0.5682,3431.007,0.506112947
2656,el9b00088_si_005_FSR_pacman,1.03468,19.01208,20.11411,3517.64,0.64456,0.622957,11392.206,0.504565022
1000,c8cc04482a2_ASR_pacman,1.05169,20.81208,21.13316,3460.64,0.6702,0.63726,9685.72,0.503577876
2955,ja5103103_si_002_1_FSR_pacman,0.738783,14.46165,23.35911,2284.34,0.81632,1.10495,17025.612,0.50104953
2954,ja5103103_si_002_1_ASR_pacman,0.738783,14.46165,23.35911,2284.34,0.81632,1.10495,17025.612,0.50104953
1001,c8cc04482a2_FSR_pacman,1.1689,16.22319,18.61938,3738.33,0.6145,0.525709,10453.672,0.501021552
2125,d1cc06440a2_FSR_pacman,1.32099,11.77418,14.7309,2532.11,0.62808,0.475462,3802.014,0.499098877
308,am7b16380_si_003_FSR_pacman,1.07514,12.35974,16.20698,3464.16,0.63634,0.591865,6189,0.49876615
3519,ja9b05571_si_002_FSR_pacman,0.910315,14.07533,19.45209,2406.44,0.754,0.828285,19946.764,0.497036938
307,am7b16380_si_003_ASR_pacman,1.04354,15.38206,16.20698,3418.61,0.64824,0.621193,6093.006,0.49635694
3485,ja9b02603_si_004_ASR_pacman,0.781244,12.58383,25.0364,2600.69,0.76654,0.981178,8466.733,0.495738942
3486,ja9b02603_si_004_FSR_pacman,0.781244,12.58383,25.0364,2600.69,0.76654,0.981178,8466.733,0.495738942
735,c7ce00803a2_2_ASR_pacman,1.64124,2.4988,17.50388,2467.52,0.58502,0.356451,12880.68,0.495462892
3192,ja7b02272_si_011_FSR_pacman,0.978898,5.36985,30.81889,3792.95,0.6656,0.679948,161608.909,0.495457884
2138,d1dt00518a2_1_ASR_pacman,0.515372,27.56489,31.94565,3199.6,0.82814,1.60688,6939.948,0.495224694
3495,ja9b03914_si_002_FSR_pacman,1.12236,14.1758,18.84584,3876.54,0.61116,0.544533,10646.068,0.493326896
736,c7ce00803a2_2_FSR_pacman,1.69923,2.4988,17.50388,2609.54,0.55546,0.326889,13648.632,0.492834171
2650,d3tc03606e2_2_FSR_pacman,1.2707,13.41414,15.37535,2088.64,0.68726,0.540851,5368.944,0.492782695
2649,d3tc03606e2_2_ASR_pacman,1.2707,13.41414,15.37535,2088.64,0.68726,0.540851,5368.944,0.492782695
1119,c8dt00434j2_ASR_pacman,0.805617,11.05439,25.64488,2074.01,0.81454,1.01108,9528.096,0.492542113
3525,ja9b05571_si_006_FSR_pacman,0.86777,14.07533,19.45209,2169.13,0.77706,0.895468,18969.024,0.492465979
3185,ja7b02272_si_007_FSR_pacman,0.981292,4.46868,33.72153,3861.09,0.6549,0.667385,86926.668,0.491221043
1243,c8sc01533c2_ASR_pacman,1.04298,13.61747,13.69385,3226.06,0.62608,0.600279,4822.132,0.490956577
1244,c8sc01533c2_FSR_pacman,1.04298,13.61747,13.69385,3226.06,0.62608,0.600279,4822.132,0.490956577
2655,el9b00088_si_005_ASR_pacman,0.897894,19.01208,20.11411,3215.48,0.717,0.798535,9806.01,0.490777282
2334,d2qi02631g2_2_FSR_pacman,1.27521,13.09942,15.96408,2235.53,0.70876,0.555799,4649.412,0.490439602
3103,ja6b13176_si_002_ASR_pacman,1.0576,23.70135,24.67165,3702.84,0.62286,0.588935,6212.381,0.487666878
3104,ja6b13176_si_002_FSR_pacman,1.0576,23.70135,24.67165,3702.84,0.62286,0.588935,6212.381,0.487666878
3640,jp0c05314_si_003_ASR_pacman,1.5406,12.91847,13.70504,2249.55,0.63264,0.410646,1929.384,0.486999804
3641,jp0c05314_si_003_FSR_pacman,1.5406,12.91847,13.70504,2249.55,0.63264,0.410646,1929.384,0.486999804
3279,ja7b09496_si_004_ASR_pacman,1.42858,13.85067,14.94368,2030.51,0.7073,0.495105,3704.803,0.486642672
1120,c8dt00434j2_FSR_pacman,0.85057,11.05435,24.21494,2189.48,0.79772,0.937865,9912.072,0.486405032
2348,d2sc01497a2_2_ASR_pacman,1.54836,3.20092,19.81152,1708.91,0.60422,0.390233,15296.706,0.486150852
2349,d2sc01497a2_2_FSR_pacman,1.54836,3.20092,19.81152,1708.91,0.60422,0.390233,15296.706,0.486150852
2946,ja507119n_si_002_FSR_pacman,1.42877,11.89625,15.61523,1901.83,0.66088,0.46255,23019.127,0.485850024
2945,ja507119n_si_002_ASR_pacman,1.42877,11.89625,15.61523,1901.83,0.66088,0.46255,23019.127,0.485850024
2333,d2qi02631g2_2_ASR_pacman,1.25476,13.09942,15.96408,2181.2,0.71842,0.572554,4457.424,0.485363409
3339,ja8b04745_si_002_FSR_pacman,2.61978,14.04233,20.08771,708.726,0.7028,0.268267,7297.627,0.484979441
3338,ja8b04745_si_002_ASR_pacman,2.61978,14.04233,20.08771,708.726,0.7028,0.268267,7297.627,0.484979441
3630,ja9b12527_si_005_ASR_pacman,1.35867,7.10822,15.7173,2743.24,0.53654,0.394901,8251.968,0.484663799
3631,ja9b12527_si_005_FSR_pacman,1.35867,7.10822,15.7173,2743.24,0.53654,0.394901,8251.968,0.484663799
2058,d0sc04979d2_2_ASR_pacman,1.31102,4.51857,15.90588,2838.33,0.66358,0.506156,13021.596,0.484289533
2963,ja5109535_si_002_FSR_pacman,0.952176,7.26002,18.41939,3979.25,0.6252,0.656601,9368.122,0.483772711
3653,jp8b09178_si_012_ASR_pacman,0.528997,28.4244,30.41159,3257.17,0.82522,1.55997,7305.294,0.483708112
3654,jp8b09178_si_012_FSR_pacman,0.528997,28.4244,30.41159,3257.17,0.82522,1.55997,7305.294,0.483708112
2654,el9b00088_si_003_FSR_pacman,1.0169,18.28269,19.73006,3672.77,0.64532,0.634593,11392.206,0.48345293
2303,d2dt03158b2_FSR_pacman,1.01959,2.18311,16.1572,3492.69,0.6379,0.625645,8198.973,0.482088671
2302,d2dt03158b2_ASR_pacman,1.01959,2.18311,16.1572,3492.69,0.6379,0.625645,8198.973,0.482088671
3184,ja7b02272_si_007_ASR_pacman,0.977667,4.46868,36.94957,3844,0.65654,0.671537,86542.692,0.481384981
2306,d2dt04043c2_FSR_pacman,1.17708,9.30686,13.99382,2981.01,0.63346,0.538161,9666.596,0.480841758
2139,d1dt00518a2_1_FSR_pacman,0.53969,27.56489,31.38943,3271.2,0.81892,1.51739,7323.924,0.480101396
3432,ja8b11230_si_002_FSR_pacman,0.499218,22.85158,28.51592,3000.02,0.85032,1.7033,10403.568,0.479584427
3433,ja8b11230_si_003_ASR_pacman,0.354208,24.15538,50.91309,2927.44,0.9,2.54088,75581.268,0.479085726
585,c6ce00407e9_FSR_pacman,0.313341,9.85984,13.17313,4962.53,0.863,2.75418,715.619,0.478850077
584,c6ce00407e9_ASR_pacman,0.313341,9.85984,13.17313,4962.53,0.863,2.75418,715.619,0.478850077
2952,ja508679h_si_001_ASR_pacman,0.839842,3.31512,23.63497,2724.61,0.73422,0.874236,20798.256,0.477778465
2953,ja508679h_si_001_FSR_pacman,0.839842,3.31512,23.63497,2724.61,0.73422,0.874236,20798.256,0.477778465
2305,d2dt04043c2_ASR_pacman,1.15751,9.30686,13.99382,2941.89,0.64294,0.555451,9474.608,0.477217639
2653,el9b00088_si_003_ASR_pacman,0.880002,18.28269,19.73006,3244.36,0.72124,0.819589,9806.01,0.474939485
2818,ja0c01713_si_004_FSR_pacman,1.98253,11.04072,14.90514,1820.77,0.59894,0.302109,7977.627,0.474699357
2817,ja0c01713_si_004_ASR_pacman,1.98253,11.04072,14.90514,1820.77,0.59894,0.302109,7977.627,0.474699357
3615,ja9b11260_si_004_FSR_pacman,1.16335,9.15619,16.05547,2288.51,0.6786,0.583317,7884.696,0.474518757
3613,ja9b11260_si_003_FSR_pacman,1.01825,9.40607,16.70513,2594.31,0.69418,0.681739,5024.046,0.474369493
2883,ja110042b_si_002_FSR_pacman,1.05745,4.8679,18.38266,2763.02,0.7124,0.673695,29827.968,0.473678791
2934,ja500330a_si_007_FSR_pacman,1.47365,10.09089,15.63835,1786.27,0.63362,0.429967,22985.901,0.473564014
1534,c9ta00825j3_3_FSR_pacman,1.39305,7.13949,14.76954,2435.97,0.60562,0.434743,43098.189,0.473559342
1533,c9ta00825j3_3_ASR_pacman,1.39305,7.13949,14.76954,2435.97,0.60562,0.434743,43098.189,0.473559342
3007,ja512973b_si_004_FSR_pacman,2.33183,9.2376,23.31228,755.627,0.77684,0.333146,2898.683,0.472699749
3006,ja512973b_si_004_ASR_pacman,2.33183,9.2376,23.31228,755.627,0.77684,0.333146,2898.683,0.472699749
1456,c9dt04158c2_2_ASR_pacman,1.06726,9.75827,13.60039,3542.81,0.62154,0.582369,7595.152,0.471596309
1598,cg501231v_si_002_FSR_pacman,1.93773,7.02536,14.41453,2446.93,0.60244,0.3109,30028.032,0.471261645
3280,ja7b09496_si_004_FSR_pacman,1.52215,13.0564,13.45339,2054.37,0.67618,0.444228,4008.784,0.471239261
3016,ja5b00450_si_004_FSR_pacman,1.60303,6.56889,15.3529,2256.81,0.57866,0.360979,9952.536,0.471152875
1327,c9ce00233b2_ion_pacman,1.27716,11.43488,12.37266,3177.46,0.5641,0.441684,6189.312,0.471126281
3015,ja5b00450_si_004_ASR_pacman,1.59296,6.56889,15.3529,2236.81,0.58344,0.366261,9904.539,0.470958428
772,c7cy01668a2_2_ASR_pacman,1.3011,12.38195,16.3152,1664.12,0.74214,0.570395,32061.054,0.470264039
3614,ja9b11260_si_004_ASR_pacman,1.13321,9.81057,16.05547,2208.13,0.69136,0.610091,7596.714,0.470035409
2815,ja0c01713_si_003_ASR_pacman,1.2776,10.34026,13.34155,2519.23,0.62612,0.490073,4455.966,0.469989759
2816,ja0c01713_si_003_FSR_pacman,1.2776,10.34026,13.34155,2519.23,0.62612,0.490073,4455.966,0.469989759
1080,c8ce00992a2_1_ASR_pacman,1.7481,11.96174,15.74873,1447.82,0.69914,0.399943,25830.487,0.46957399
1254,c8sc05218b2_FSR_pacman,0.780787,5.02175,25.57538,3769.11,0.70486,0.902756,144222.751,0.469477493
3554,ja9b07422_si_001_FSR_pacman,0.928505,7.60399,15.57219,3542.29,0.66366,0.714762,5762.82,0.469256466
2236,d1tc01043c2_FSR_pacman,0.907665,5.23184,17.07846,3959.68,0.65026,0.71641,10566.936,0.468917088
3434,ja8b11230_si_003_FSR_pacman,0.39192,21.45155,50.91309,3082.84,0.88482,2.25766,84604.704,0.46889295
1986,d0qi00231c2_FSR_pacman,0.911672,4.42072,17.02445,3514.07,0.691,0.757948,7132.158,0.468888133
2053,d0sc03727c2_6_FSR_pacman,0.298951,15.01662,23.54434,4166.24,0.88388,2.9566,5038.308,0.468758603
3350,ja8b05107_si_002_3_ASR_pacman,1.64606,11.6932,15.31945,1658.03,0.69572,0.422657,27140.6,0.468618013
615,c6dt04719j2_1_ASR_pacman,0.877798,15.43391,17.47921,3467.14,0.677,0.771248,5571.209,0.46853739
2235,d1tc01043c2_ASR_pacman,0.878204,6.73083,17.07846,3823.95,0.66386,0.755929,10146.672,0.468467993
1054,c8ce00653a2_3_ASR_pacman,1.25729,11.16476,12.34458,3217.84,0.64092,0.509764,18461.425,0.468465997
3526,ja9b05571_si_007_FSR_pacman,0.51483,28.47866,29.11713,3284.71,0.81934,1.59148,6481.896,0.468251675
3523,ja9b05571_si_005_FSR_pacman,0.51483,28.47866,29.11713,3284.71,0.81934,1.59148,6481.896,0.468251675
2910,ja4050828_si_002_FSR_pacman,0.51483,28.47866,29.11713,3283.85,0.82186,1.59637,6481.896,0.467436014
2059,d0sc04979d2_2_FSR_pacman,1.463,4.51857,14.2966,3209.4,0.58524,0.400028,14775.876,0.467419256
2060,d0sc04979d2_3_ASR_pacman,1.2158,4.54214,14.27855,3552.77,0.6255,0.514478,14664.144,0.466619089
3536,ja9b05872_si_008_FSR_pacman,1.13404,5.01319,17.88238,2490.73,0.71462,0.630156,25855.17,0.466558886
1723,cs9b01043_si_004_ASR_pacman,1.48657,9.899,16.05032,1791.72,0.69374,0.466671,7813.137,0.466271326
1724,cs9b01043_si_004_FSR_pacman,1.48657,9.899,16.05032,1791.72,0.69374,0.466671,7813.137,0.466271326
1535,c9ta00825j3_4_ASR_pacman,1.2836,7.15591,14.79486,2386.21,0.64728,0.504268,41242.749,0.466146946
1536,c9ta00825j3_4_FSR_pacman,1.2836,7.15591,14.79486,2386.21,0.64728,0.504268,41242.749,0.466146946
1082,c8ce00992a2_2_ASR_pacman,1.91056,11.66766,15.03185,1506.83,0.67772,0.354723,27480.406,0.465650345
770,c7cy01668a2_1_ASR_pacman,1.09427,11.56209,18.27138,1757.65,0.77972,0.712548,28205.814,0.4654273
2882,ja110042b_si_002_ASR_pacman,1.04043,4.99969,18.38266,2673.9,0.72144,0.693408,29060.016,0.465220349
3607,ja9b10923_si_002_1_FSR_pacman,1.44039,4.55682,14.62344,2618.79,0.65638,0.455696,13165.728,0.465138408
3606,ja9b10923_si_002_1_ASR_pacman,1.44039,4.55682,14.62344,2618.79,0.65638,0.455696,13165.728,0.465138408
1432,c9dt02866h2_2_ASR_pacman,1.07901,4.18738,14.17395,3124.57,0.6399,0.593041,2857.55,0.465024692
1433,c9dt02866h2_2_FSR_pacman,1.07901,4.18738,14.17395,3124.57,0.6399,0.593041,2857.55,0.465024692
3612,ja9b11260_si_003_ASR_pacman,0.988497,9.52722,16.70513,2515.21,0.70664,0.714863,4736.064,0.464938875
773,c7cy01668a2_2_FSR_pacman,1.7468,6.73034,16.3152,1768.79,0.6469,0.370335,43183.308,0.464302417
3370,ja8b06757_si_002_FSR_pacman,1.73091,4.67739,16.42558,2060.85,0.54136,0.31276,27490.593,0.462392849
3535,ja9b05872_si_008_ASR_pacman,1.11394,7.01462,17.88238,2432.35,0.72328,0.649298,25087.218,0.4622548
3529,ja9b05872_si_002_FSR_pacman,1.96628,2.99951,18.60396,1353.41,0.5778,0.293855,33828.741,0.462240142
707,c7cc08200b2_1_ASR_pacman,0.551565,22.4049,27.56065,3119.85,0.82058,1.48773,6069.114,0.46214981
1546,c9ta07278k2_FSR_pacman,0.930676,5.15598,15.18426,3787.44,0.64744,0.695666,6403.277,0.461970408
3553,ja9b07422_si_001_ASR_pacman,0.897986,10.51168,15.57219,3518.52,0.6728,0.749233,5570.832,0.461860312
3190,ja7b02272_si_010_ASR_pacman,0.864915,5.9884,31.25572,4407.89,0.6645,0.768284,42047.013,0.461242028
3191,ja7b02272_si_010_FSR_pacman,0.864915,5.9884,31.25572,4407.89,0.6645,0.768284,42047.013,0.461242028
3530,ja9b05872_si_003_FSR_pacman,1.93761,2.9963,18.43784,1443.36,0.55252,0.285156,35066.068,0.461214307
3531,ja9b05872_si_004_FSR_pacman,1.93818,2.99579,18.43579,1443.02,0.55244,0.28503,34241.827,0.461178354
3532,ja9b05872_si_005_FSR_pacman,1.99245,2.89103,18.57029,1358.83,0.5652,0.283671,32913.394,0.461023814
942,c7ta06118h2_ASR_pacman,0.849386,4.68319,18.09862,3232.35,0.71104,0.837122,2937.768,0.460639894
943,c7ta06118h2_FSR_pacman,0.849386,4.68319,18.09862,3232.35,0.71104,0.837122,2937.768,0.460639894
1722,cs9b01043_si_003_FSR_pacman,1.50922,9.63233,15.70234,1747.29,0.69628,0.461352,7803.363,0.459564932
1721,cs9b01043_si_003_ASR_pacman,1.50922,9.63233,15.70234,1747.29,0.69628,0.461352,7803.363,0.459564932
3556,ja9b07422_si_002_FSR_pacman,0.878558,7.16766,15.50934,3516.26,0.67702,0.770604,4785.036,0.459458488
1523,c9sc03348c4_1_FSR_pacman,1.36507,7.32332,12.96214,3070.23,0.58516,0.428668,26945.642,0.459258149
3609,ja9b10923_si_002_2_FSR_pacman,1.591,4.52667,14.28842,2972.69,0.56388,0.354418,59279.52,0.459208629
3608,ja9b10923_si_002_2_ASR_pacman,1.591,4.52667,14.28842,2972.69,0.56388,0.354418,59279.52,0.459208629
604,c6dt03969c2_2_ASR_pacman,1.0064,13.17566,15.13789,4044.27,0.62544,0.621461,42944.992,0.458958831
2294,d2dt01108e2_1_ASR_pacman,0.867223,10.25847,20.18155,2748.81,0.74296,0.856711,12380.268,0.457879762
3484,ja9b02603_si_003_FSR_pacman,0.719354,12.70506,24.98171,3023.64,0.74726,1.03879,6959.941,0.457206922
2826,ja0c03063_si_004_ASR_pacman,0.283746,17.36179,19.44646,4132.39,0.8939,3.15035,943.514,0.456686101
2827,ja0c03063_si_004_FSR_pacman,0.283746,17.36179,19.44646,4132.39,0.8939,3.15035,943.514,0.456686101
1081,c8ce00992a2_1_FSR_pacman,2.05302,9.44967,14.8129,1576.1,0.63542,0.309506,30638.466,0.45632484
2851,ja0c06605_si_006_FSR_pacman,0.102077,28.78983,34.26872,5684.34,0.94916,9.29844,4223.442,0.456080818
2850,ja0c06605_si_006_ASR_pacman,0.102077,28.78983,34.26872,5684.34,0.94916,9.29844,4223.442,0.456080818
1942,d0dt02730h2_ASR_pacman,0.981337,10.78111,14.25693,3340.7,0.68218,0.695153,13837.338,0.456058173
3435,ja8b11525_si_002_ASR_pacman,1.07718,9.50735,16.52327,2175.87,0.7229,0.671105,5486.562,0.455574363
3436,ja8b11525_si_002_FSR_pacman,1.07718,9.50735,16.52327,2175.87,0.7229,0.671105,5486.562,0.455574363
2296,d2dt01108e2_2_ASR_pacman,0.828895,10.34177,20.13925,3189.12,0.719,0.86742,12800.568,0.455277458
3437,ja8b11525_si_003_ASR_pacman,1.08079,9.20581,16.31625,2227.64,0.71796,0.664295,5258.353,0.454764051
3438,ja8b11525_si_003_FSR_pacman,1.08079,9.20581,16.31625,2227.64,0.71796,0.664295,5258.353,0.454764051
2813,ja0c01713_si_002_ASR_pacman,1.60394,10.23961,13.22414,2024.66,0.62176,0.387644,8143.131,0.454747291
2814,ja0c01713_si_002_FSR_pacman,1.60394,10.23961,13.22414,2024.66,0.62176,0.387644,8143.131,0.454747291
2957,ja5103103_si_002_2_FSR_pacman,0.778541,10.60721,23.6603,2375.06,0.8039,1.03257,17297.595,0.454728307
2956,ja5103103_si_002_2_ASR_pacman,0.778541,10.60721,23.6603,2375.06,0.8039,1.03257,17297.595,0.454728307
3039,ja6b01345_si_002_ASR_pacman,0.318001,15.9123,18.50354,4600.9,0.87078,2.73829,4376.692,0.45436618
2871,ja0c10007_si_004_FSR_pacman,0.324258,21.39338,41.13938,4166.96,0.86744,2.67515,16959.492,0.454231274
2870,ja0c10007_si_004_ASR_pacman,0.324258,21.39338,41.13938,4166.96,0.86744,2.67515,16959.492,0.454231274
971,c8cc01225c2_5_ion_pacman,1.08255,10.09035,14.90917,2649.14,0.7051,0.651331,5566.956,0.454077615
1018,c8cc07441k2_2_FSR_pacman,1.27576,10.41441,11.40488,3014.24,0.60192,0.471814,5080.796,0.453997755
577,c6ce00407e4_FSR_pacman,0.0636525,28.21292,54.27627,5355.08,0.97004,15.2396,12741.018,0.453696547
576,c6ce00407e4_ASR_pacman,0.0636525,28.21292,54.27627,5355.08,0.97004,15.2396,12741.018,0.453696547
579,c6ce00407e5_FSR_pacman,0.0569195,29.54975,64.07256,5495.36,0.972,17.0768,38223.054,0.453696547
578,c6ce00407e5_ASR_pacman,0.0569195,29.54975,64.07256,5495.36,0.972,17.0768,38223.054,0.453696547
1826,d0ce00408a2_FSR_pacman,1.08627,2.47985,14.83874,3643.64,0.59236,0.545317,5798.375,0.453642931
1825,d0ce00408a2_ASR_pacman,1.08627,2.47985,14.83874,3643.64,0.59236,0.545317,5798.375,0.453642931
1017,c8cc07441k2_2_ASR_pacman,1.25172,10.41441,11.40488,2977.88,0.6121,0.489007,4952.804,0.453420602
968,c8cc01225c2_1_ion_pacman,1.17239,9.10834,14.44318,2464.32,0.6909,0.589311,5566.956,0.453402052
3534,ja9b05872_si_007_FSR_pacman,1.95046,2.84198,17.62684,1462.93,0.53648,0.275053,33267.348,0.452628606
1083,c8ce00992a2_2_FSR_pacman,1.92448,9.20551,15.03185,1525.57,0.67188,0.349123,27842.47,0.452627896
306,am7b16380_si_002_FSR_pacman,0.909709,11.96927,16.32574,4093.14,0.64296,0.706776,4209.84,0.45259891
1532,c9sc06009j2_FSR_pacman,0.669768,16.07648,28.0667,3109.29,0.77466,1.15661,16437.864,0.452576597
1531,c9sc06009j2_ASR_pacman,0.669768,16.07648,28.0667,3109.29,0.77466,1.15661,16437.864,0.452576597
3533,ja9b05872_si_006_FSR_pacman,1.95193,2.84072,17.62187,1461.95,0.53642,0.274816,34132.662,0.452555761
3341,ja8b04745_si_005_FSR_pacman,1.39559,3.07886,14.45256,2378.01,0.64298,0.460722,52942.608,0.452473056
3340,ja8b04745_si_005_ASR_pacman,1.39559,3.07886,14.45256,2378.01,0.64298,0.460722,52942.608,0.452473056
843,c7dt04087c2_FSR_pacman,1.25701,5.14365,14.44218,2529.43,0.67548,0.537371,29447.04,0.452345579
3448,ja8b12372_si_004_FSR_pacman,1.21587,10.09583,11.51419,2981.57,0.62086,0.51063,9806.157,0.452258778
3662,mp7b00168_si_002_ion_pacman,0.953951,7.06376,17.10203,4249.49,0.57502,0.602777,16824.726,0.452083668
3167,ja7b02184_si_010_FSR_pacman,0.841722,9.22184,17.60558,3755.88,0.688,0.817372,7370.856,0.451899208
3166,ja7b02184_si_010_ASR_pacman,0.841722,9.22184,17.60558,3755.88,0.688,0.817372,7370.856,0.451899208
2619,d3ta00582h2_FSR_pacman,2.51146,2.73497,17.38906,1211.3,0.60098,0.239295,11390.856,0.451897188
2618,d3ta00582h2_ASR_pacman,2.51146,2.73497,17.38906,1211.3,0.60098,0.239295,11390.856,0.451897188
1056,c8ce00653a2_4_ASR_pacman,1.01898,9.46297,13.37839,3352.22,0.67678,0.664172,13970.438,0.451689449
530,c5sc00614g2_1_ASR_pacman,1.23591,4.17297,13.62741,2715.83,0.61374,0.496589,2159.898,0.451644002
3038,ja6b01345_si_001_FSR_pacman,0.730611,11.01877,20.305,3451.89,0.6956,0.952079,15937.648,0.451565023
3037,ja6b01345_si_001_ASR_pacman,0.730611,11.01877,20.305,3451.89,0.6956,0.952079,15937.648,0.451565023
3004,ja512973b_si_002_FSR_pacman,3.61648,4.60388,17.9003,773.12,0.60848,0.168252,3076.079,0.451267533
1308,c9cc06239d2_ASR_pacman,0.888614,4.65258,14.1798,3368.54,0.67188,0.756099,6242.517,0.451225375
1454,c9dt04158c2_1_ASR_pacman,1.09402,8.75909,12.25603,3580,0.61078,0.558291,7547.028,0.451073398
1016,c8cc07441k2_1_FSR_pacman,1.17839,10.60331,11.44539,2919.75,0.6344,0.53836,4980.676,0.450786447
3177,ja7b02272_si_003_FSR_pacman,1.17121,5.13368,16.05132,4063.29,0.57276,0.489033,13441.448,0.45046188
3176,ja7b02272_si_003_ASR_pacman,1.17121,5.13368,16.05132,4063.29,0.57276,0.489033,13441.448,0.45046188
1590,cg500175k_si_001_2_FSR_pacman,0.962821,10.48454,17.18062,2768.46,0.7323,0.760577,3871.806,0.450013544
1589,cg500175k_si_001_2_ASR_pacman,0.962821,10.48454,17.18062,2768.46,0.7323,0.760577,3871.806,0.450013544
2061,d0sc04979d2_3_FSR_pacman,1.30537,4.54214,14.27855,3735.54,0.58472,0.447935,15744.552,0.449968661
3555,ja9b07422_si_002_ASR_pacman,0.849973,10.16449,15.50934,3479.91,0.68642,0.807579,4593.048,0.449663592
305,am7b16380_si_002_ASR_pacman,0.893898,11.96927,16.32574,4085.19,0.64962,0.726727,4113.846,0.44958226
3447,ja8b12372_si_004_ASR_pacman,1.18008,10.09583,11.51419,2953.9,0.63456,0.537728,9422.181,0.449536357
531,c5sc00614g2_1_FSR_pacman,1.28023,3.7364,13.62741,2827.96,0.593,0.463199,2207.895,0.449406549
850,c7dt04622g2_ASR_pacman,1.23942,5.61829,15.44366,2255.99,0.69536,0.561037,5883.948,0.449156236
3213,ja7b03578_si_003_FSR_pacman,0.909044,4.56879,21.18932,3340.51,0.749,0.823943,8515.64,0.448616261
2580,d3qi01569f2_2_FSR_pacman,1.1425,10.37138,12.80548,2927.88,0.68516,0.599701,8393.484,0.448241177
2579,d3qi01569f2_2_ASR_pacman,1.1425,10.37138,12.80548,2927.88,0.68516,0.599701,8393.484,0.448241177
776,c7dt00582b2_2_FSR_pacman,1.0077,13.62828,15.37508,3327.06,0.71106,0.705629,10550.196,0.448166445
775,c7dt00582b2_2_ASR_pacman,1.0077,13.62828,15.37508,3327.06,0.71106,0.705629,10550.196,0.448166445
1985,d0qi00231c2_ASR_pacman,0.867497,6.8307,17.02445,3281.11,0.71328,0.822228,6699.798,0.447938542
1015,c8cc07441k2_1_ASR_pacman,1.15438,10.60331,11.44539,2886.62,0.64392,0.557806,4852.684,0.447691257
2006,d0qm01097a2_1_FSR_pacman,1.18678,6.30593,13.66811,3751.38,0.58248,0.490805,8102.908,0.447591017
2005,d0qm01097a2_1_ASR_pacman,1.18678,6.30593,13.66811,3751.38,0.58248,0.490805,8102.908,0.447591017
2652,d3tc03606e2_3_FSR_pacman,0.806785,14.98908,16.93049,2693.52,0.76116,0.943448,4697.592,0.447325412
3351,ja8b05107_si_002_3_FSR_pacman,1.6768,10.00988,13.90976,1722.17,0.68136,0.406345,27926.984,0.447019421
3440,ja8b11525_si_004_FSR_pacman,1.30257,4.42554,13.66506,2476.23,0.62798,0.48211,10708.882,0.446955161
3439,ja8b11525_si_004_ASR_pacman,1.30257,4.42554,13.66506,2476.23,0.62798,0.48211,10708.882,0.446955161
3119,ja7b00219_si_008_FSR_pacman,1.13124,5.41062,12.54903,3268.01,0.63132,0.558077,18200.946,0.446783057
3349,ja8b05107_si_002_2_FSR_pacman,2.05006,6.10691,15.27652,1525.34,0.6407,0.312528,31783.936,0.446670165
2799,ja0734952si20070516_030528_ASR_pacman,1.08034,6.78484,12.91962,3730.12,0.6154,0.569634,14146.992,0.44657112
2252,d2cc03016k2_4_FSR_pacman,0.874651,4.45783,14.64943,3537.61,0.691,0.790029,1820.93,0.446321429
2251,d2cc03016k2_4_ASR_pacman,0.874651,4.45783,14.64943,3537.61,0.691,0.790029,1820.93,0.446321429
2281,d2ce00553k2_1_FSR_pacman,0.87992,10.74196,14.25264,3573.09,0.67908,0.771752,12316.968,0.446121748
2280,d2ce00553k2_1_ASR_pacman,0.87992,10.74196,14.25264,3573.09,0.67908,0.771752,12316.968,0.446121748
562,c6cc02494g5_FSR_pacman,1.02874,10.75693,11.87939,2847.16,0.65608,0.637751,2016.576,0.44607856
561,c6cc02494g5_ASR_pacman,1.02874,10.75693,11.87939,2847.16,0.65608,0.637751,2016.576,0.44607856
673,c7cc04222a2_ASR_pacman,0.785253,3.93097,17.46074,3567.11,0.71722,0.913362,2496.55,0.446077781
674,c7cc04222a2_FSR_pacman,0.785253,3.93097,17.46074,3567.11,0.71722,0.913362,2496.55,0.446077781
2141,d1dt00518a2_3_FSR_pacman,1.39989,7.97218,16.34628,1568.87,0.72488,0.517813,4186.213,0.445880907
2140,d1dt00518a2_3_ASR_pacman,1.39989,7.97218,16.34628,1568.87,0.72488,0.517813,4186.213,0.445880907
293,am7b10795_si_002_FSR_pacman,0.863563,5.34045,15.43156,3865.4,0.68944,0.798367,13985.96,0.445776194
1126,c8dt00863a2_ASR_pacman,1.1734,6.71069,12.81911,3428.48,0.57496,0.489996,8359.404,0.445365685
3504,ja9b04737_si_009_ASR_pacman,0.94645,13.77224,15.3607,2658.45,0.74662,0.788863,3002.66,0.445039052
3348,ja8b05107_si_002_2_ASR_pacman,2.02326,6.10691,15.27652,1472.58,0.65402,0.32325,31093.546,0.444768429
2881,ja102862j_si_005_FSR_pacman,0.874316,5.69724,16.4162,3329.3,0.71522,0.818034,10645.016,0.444728682
2880,ja102862j_si_005_ASR_pacman,0.874316,5.69724,16.4162,3329.3,0.71522,0.818034,10645.016,0.444728682
3118,ja7b00219_si_008_ASR_pacman,1.0806,5.47095,12.54903,3215.49,0.6504,0.601887,17372.76,0.444456266
341,am8b09333_si_003_FSR_pacman,1.13742,4.82227,12.7086,2997.96,0.6233,0.547996,19094.904,0.444351553
340,am8b09333_si_003_ASR_pacman,1.13742,4.82227,12.7086,2997.96,0.6233,0.547996,19094.904,0.444351553
3393,ja8b07050_si_005_FSR_pacman,0.9903,11.04615,11.62586,2955.79,0.65644,0.66287,1892.028,0.444133065
3506,ja9b04737_si_010_ASR_pacman,0.92525,14.04134,15.46432,2743.63,0.74512,0.805318,3002.66,0.444057171
791,c7dt01523b2_3_FSR_pacman,1.13494,10.84329,10.89654,3603.32,0.62106,0.547217,1564.197,0.443969259
790,c7dt01523b2_3_ASR_pacman,1.13494,10.84329,10.89654,3603.32,0.62106,0.547217,1564.197,0.443969259
2830,ja0c05074_si_003_ASR_pacman,0.321991,18.11494,26.2862,4418.49,0.86246,2.67852,4595.46,0.443958491
2831,ja0c05074_si_003_FSR_pacman,0.321991,18.11494,26.2862,4418.49,0.86246,2.67852,4595.46,0.443958491
697,c7cc06652j2_ASR_pacman,0.884549,7.57403,21.90979,2427.35,0.77874,0.880381,5551.464,0.443879369
3237,ja7b05858_si_005_ASR_pacman,1.34109,11.50392,11.58319,3373.34,0.52788,0.39362,1602.565,0.443344988
3238,ja7b05858_si_005_FSR_pacman,1.34109,11.50392,11.58319,3373.34,0.52788,0.39362,1602.565,0.443344988
401,am9b17348_si_002_ASR_pacman,1.41403,4.33958,13.79803,3195.59,0.55434,0.392028,10149.387,0.443128826
2651,d3tc03606e2_3_ASR_pacman,0.777566,14.98908,16.93049,2607.24,0.77216,0.993047,4441.608,0.442731655
1670,cm9b01258_si_005_ASR_pacman,1.98564,11.03737,13.38874,1095.62,0.68976,0.347374,2421.012,0.44237264
1943,d0dt02730h2_FSR_pacman,0.999304,10.55243,12.20629,3393.18,0.67448,0.67495,14125.32,0.442298513
2933,ja500330a_si_006_FSR_pacman,1.15702,6.72595,13.01175,2616.33,0.6579,0.568616,9121.665,0.442268996
2240,d1tc05488k2_FSR_pacman,1.05414,4.06448,13.8854,2680.93,0.67748,0.642687,2782.209,0.441959462
2239,d1tc05488k2_ASR_pacman,1.05414,4.06448,13.8854,2680.93,0.67748,0.642687,2782.209,0.441959462
3466,ja8b13397_si_001_ASR_pacman,1.68904,8.90609,12.44284,2203.36,0.63122,0.373715,3201.632,0.441800367
3521,ja9b05571_si_004_ASR_pacman,0.751422,13.74524,18.10434,2167.57,0.81524,1.08493,17449.119,0.441745805
3172,ja7b02184_si_016_ASR_pacman,0.780538,8.89852,17.73155,4064.35,0.6806,0.871962,6275.28,0.441648652
3173,ja7b02184_si_016_FSR_pacman,0.780538,8.89852,17.73155,4064.35,0.6806,0.871962,6275.28,0.441648652
3522,ja9b05571_si_004_FSR_pacman,0.86777,12.08992,17.422,2335.08,0.77092,0.888392,18969.024,0.441301027
3527,ja9b05580_si_003_ASR_pacman,0.667552,3.27073,23.37406,3871.96,0.73706,1.10412,8200.164,0.441104997
3528,ja9b05580_si_003_FSR_pacman,0.667552,3.27073,23.37406,3871.96,0.73706,1.10412,8200.164,0.441104997
3337,ja8b04669_si_002_FSR_pacman,0.937939,14.71721,19.0112,4116.27,0.6595,0.703137,11156.416,0.441073837
842,c7dt04087c2_ASR_pacman,1.21662,6.63923,14.44218,2349.89,0.69668,0.572633,27911.136,0.440918146
2258,d2cc03575h2_FSR_pacman,0.86656,9.73342,17.00966,3055.67,0.72274,0.834033,3361.015,0.440560688
559,c6cc02494g1_ASR_pacman,1.14319,10.45937,11.7052,2526.39,0.65038,0.568915,6708.984,0.44046263
560,c6cc02494g1_FSR_pacman,1.14319,10.45937,11.7052,2526.39,0.65038,0.568915,6708.984,0.44046263
3444,ja8b12372_si_002_FSR_pacman,0.989941,10.32087,12.09468,3231.26,0.67508,0.68194,4972.708,0.440353367
3281,ja7b09496_si_007_FSR_pacman,1.00489,13.31172,14.11258,2879.72,0.72766,0.72412,2950.492,0.440286858
3017,ja5b00450_si_005_ASR_pacman,1.7617,6.63171,14.17243,2093.11,0.54226,0.307804,6206.524,0.440126411
563,c6cc02494g6_ASR_pacman,1.14137,10.46964,11.71489,2532.85,0.6545,0.573435,2236.328,0.439740075
564,c6cc02494g6_FSR_pacman,1.14137,10.46964,11.71489,2532.85,0.6545,0.573435,2236.328,0.439740075
3270,ja7b07921_si_002_1_FSR_pacman,0.779842,3.92177,19.48133,3307.97,0.74094,0.950116,7891.644,0.43935964
3269,ja7b07921_si_002_1_ASR_pacman,0.779842,3.92177,19.48133,3307.97,0.74094,0.950116,7891.644,0.43935964
668,c7cc03345a2_1_FSR_pacman,1.17802,6.79971,14.30748,3883.72,0.55188,0.468481,7776.864,0.439359405
667,c7cc03345a2_1_ASR_pacman,1.17802,6.79971,14.30748,3883.72,0.55188,0.468481,7776.864,0.439359405
1725,cs9b01043_si_006_ASR_pacman,2.39009,9.76233,13.12772,1417.46,0.62088,0.259772,7835.361,0.439311716
1726,cs9b01043_si_006_FSR_pacman,2.39009,9.76233,13.12772,1417.46,0.62088,0.259772,7835.361,0.439311716
3251,ja7b06197_si_002_ASR_pacman,0.926254,11.91199,15.50048,4058.66,0.67362,0.727252,3262.434,0.439008152
3252,ja7b06197_si_002_FSR_pacman,0.926254,11.91199,15.50048,4058.66,0.67362,0.727252,3262.434,0.439008152
1520,c9sc03224j2_ASR_pacman,0.872071,4.98361,14.11484,3302.36,0.69516,0.797137,1811.762,0.438831606
1521,c9sc03224j2_FSR_pacman,0.872071,4.98361,14.11484,3302.36,0.69516,0.797137,1811.762,0.438831606
3628,ja9b12527_si_003_ASR_pacman,0.935315,7.24239,15.46923,4202.53,0.57274,0.61235,33007.872,0.438777254
1863,d0ce01209b2_2_ASR_pacman,1.24928,3.76405,16.4498,3727.98,0.50846,0.407002,62927.487,0.438459001
3463,ja8b12530_si_002_3_FSR_pacman,0.882173,13.08309,13.39527,3490.69,0.68778,0.779643,3912.931,0.438394742
3455,ja8b12530_si_001_3_ASR_pacman,0.519576,29.3367,30.79071,3415.84,0.81526,1.56909,6265.731,0.437605652
3629,ja9b12527_si_003_FSR_pacman,0.942477,7.24239,15.46923,4209.73,0.56954,0.604301,33264.208,0.437365184
1315,c9cc08443f2_4_ASR_pacman,1.50713,9.87439,13.07323,2093.83,0.70016,0.464564,5930.128,0.436972285
1316,c9cc08443f2_4_FSR_pacman,1.50713,9.87439,13.07323,2093.83,0.70016,0.464564,5930.128,0.436972285
771,c7cy01668a2_1_FSR_pacman,1.52002,4.19003,14.02936,2096.61,0.67224,0.442259,39179.799,0.436931569
1676,cm9b01258_si_008_ASR_pacman,2.00994,10.42502,12.7804,1114.75,0.66804,0.332369,2421.012,0.436814616
2291,d2ce01686a2_FSR_pacman,1.07988,6.74348,17.95961,1771.77,0.76252,0.706113,15857.208,0.4366287
2290,d2ce01686a2_ASR_pacman,1.07988,6.74348,17.95961,1771.77,0.76252,0.706113,15857.208,0.4366287
3267,ja7b07856_si_002_ASR_pacman,0.919008,13.37338,15.28275,3963.94,0.67912,0.73897,5328.492,0.435998385
3268,ja7b07856_si_002_FSR_pacman,0.919008,13.37338,15.28275,3963.94,0.67912,0.73897,5328.492,0.435998385
1738,d0cc02841j2_1_FSR_pacman,1.88871,8.58403,15.37239,1103.35,0.76878,0.40704,3980.566,0.435925918
2245,d2cc03016k2_1_ASR_pacman,0.864697,4.73637,13.85242,3521.37,0.6961,0.805022,1820.93,0.435800857
2246,d2cc03016k2_1_FSR_pacman,0.864697,4.73637,13.85242,3521.37,0.6961,0.805022,1820.93,0.435800857
3443,ja8b12372_si_002_ASR_pacman,0.968599,10.32087,12.09468,3197.53,0.68346,0.705617,4844.716,0.434837407
1737,d0cc02841j2_1_ASR_pacman,1.8662,8.58403,15.37239,1094.94,0.7766,0.416141,3596.59,0.434822903
342,am8b09333_si_007_FSR_pacman,0.846017,5.31116,13.34465,3627.21,0.68184,0.805941,17917.656,0.434689003
930,c7sc03739b2_2_FSR_pacman,0.592191,14.61197,24.41653,2638.85,0.83806,1.41518,8123.388,0.434525597
929,c7sc03739b2_2_ASR_pacman,0.592191,14.61197,24.41653,2638.85,0.83806,1.41518,8123.388,0.434525597
993,c8cc03121e2_4_FSR_pacman,1.29865,6.02885,13.9648,2130.97,0.68558,0.527917,1568.889,0.43420506
2775,ic6b03170_si_002_FSR_pacman,0.996258,7.80994,11.66797,3221.25,0.66182,0.664306,1592.279,0.433714423
2774,ic6b03170_si_002_ASR_pacman,0.996258,7.80994,11.66797,3221.25,0.66182,0.664306,1592.279,0.433714423
248,am0c03336_si_003_FSR_pacman,1.01552,5.70262,12.07856,3635.79,0.62616,0.616591,17301.374,0.433323389
247,am0c03336_si_003_ASR_pacman,1.01552,5.70262,12.07856,3635.79,0.62616,0.616591,17301.374,0.433323389
1457,c9dt04158c2_2_FSR_pacman,1.10348,8.43171,11.31036,3636.69,0.6017,0.545275,7951.528,0.433202123
3392,ja8b07050_si_005_ASR_pacman,0.93577,11.04615,11.74983,2871.11,0.67696,0.723426,1764.036,0.433179205
698,c7cc06652j2_FSR_pacman,0.922285,7.57403,19.47071,2487.9,0.76846,0.833213,5935.44,0.433066727
2335,d2ra02892a2_ASR_pacman,1.49655,3.58288,14.52264,2233.3,0.5377,0.359293,3323.058,0.432850605
991,c8cc03121e2_3_FSR_pacman,1.29979,6.0757,13.97661,2101.9,0.68938,0.530377,1568.889,0.432668391
992,c8cc03121e2_4_ASR_pacman,1.26959,6.02885,14.36377,2058.9,0.699,0.55057,1520.892,0.432456656
609,c6dt04165e2_2_ASR_pacman,1.16803,11.70082,12.47272,3064.63,0.7165,0.613427,9378.954,0.432359137
610,c6dt04165e2_2_FSR_pacman,1.16803,11.70082,12.47272,3064.63,0.7165,0.613427,9378.954,0.432359137
3018,ja5b00450_si_005_FSR_pacman,1.77188,5.21259,14.17243,2108.49,0.5376,0.303406,6254.521,0.432068992
989,c8cc03121e2_1_FSR_pacman,1.36415,6.02849,13.82615,2040.01,0.68474,0.501954,1616.886,0.431793179
928,c7sc03739b2_1_FSR_pacman,0.691676,11.50645,23.79936,2560.26,0.81418,1.17711,8699.352,0.431566375
927,c7sc03739b2_1_ASR_pacman,0.691676,11.50645,23.79936,2560.26,0.81418,1.17711,8699.352,0.431566375
3446,ja8b12372_si_003_FSR_pacman,1.26239,9.85738,10.40375,2845.39,0.63086,0.499733,5432.69,0.431489407
1503,c9sc00178f2_4_FSR_pacman,1.23908,11.36056,11.83969,2140.83,0.69048,0.557252,19547.157,0.431453725
1502,c9sc00178f2_4_ASR_pacman,1.23908,11.36056,11.83969,2140.83,0.69048,0.557252,19547.157,0.431453725
3456,ja8b12530_si_001_3_FSR_pacman,0.534284,29.3367,30.79071,3455.04,0.80936,1.51485,6457.719,0.431287952
1446,c9dt03716k2_ASR_pacman,1.03265,6.62101,11.4207,3558.36,0.64568,0.625265,2017.504,0.430566677
2845,ja0c05758_si_003_3_FSR_pacman,0.748212,20.09697,23.26055,3482.38,0.73142,0.977557,8015.385,0.43002613
1235,c8qm00147b2_ASR_pacman,0.709931,5.38222,18.75076,4586.67,0.70016,0.986237,11527.416,0.42994335
1236,c8qm00147b2_FSR_pacman,0.709931,5.38222,18.75076,4586.67,0.70016,0.986237,11527.416,0.42994335
990,c8cc03121e2_3_ASR_pacman,1.27071,6.0757,14.25491,2029.33,0.70274,0.55303,1520.892,0.429583929
3445,ja8b12372_si_003_ASR_pacman,1.24095,9.85738,10.40375,2810.64,0.63932,0.515186,5304.698,0.429523572
292,am7b10795_si_002_ASR_pacman,0.806648,6.60117,16.32694,3663.22,0.72052,0.893228,13297.752,0.42938417
3363,ja8b05890_si_004_FSR_pacman,0.903642,10.6174,11.84657,3629.57,0.67882,0.751205,2943.468,0.429275318
1055,c8ce00653a2_3_FSR_pacman,1.35654,6.1123,11.2908,3294.22,0.60798,0.448184,19436.096,0.429167606
932,c7sc04829g2_FSR_pacman,0.903642,10.61342,11.81418,3624.74,0.6791,0.751515,2943.468,0.428957481
3572,ja9b09942_si_001_4_ASR_pacman,1.20516,9.90609,10.9799,2467.05,0.63588,0.527633,2903.764,0.428897772
3573,ja9b09942_si_001_4_FSR_pacman,1.20516,9.90609,10.9799,2467.05,0.63588,0.527633,2903.764,0.428897772
3481,ja9b02603_si_002_ASR_pacman,0.565164,17.10748,24.58221,2859.85,0.83466,1.47684,7416.732,0.428884555
3189,ja7b02272_si_009_FSR_pacman,0.772735,8.4886,33.70901,4403.61,0.70982,0.918582,40865.675,0.428566885
3188,ja7b02272_si_009_ASR_pacman,0.772735,8.4886,33.70901,4403.61,0.70982,0.918582,40865.675,0.428566885
997,c8cc03121e2_6_FSR_pacman,1.1895,6.26485,13.87922,2256.79,0.7018,0.589996,1568.889,0.428468758
2773,ic6b02413_si_002_2_FSR_pacman,0.989594,5.93433,13.64653,2799.06,0.70388,0.711282,9956.496,0.428454438
2772,ic6b02413_si_002_2_ASR_pacman,0.989594,5.93433,13.64653,2799.06,0.70388,0.711282,9956.496,0.428454438
3575,ja9b09942_si_001_5_FSR_pacman,1.21425,9.9321,10.97666,2442.72,0.63768,0.525163,2951.808,0.428319619
3574,ja9b09942_si_001_5_ASR_pacman,1.21425,9.9321,10.97666,2442.72,0.63768,0.525163,2951.808,0.428319619
295,am7b10795_si_003_FSR_pacman,0.796758,5.7869,15.51423,3856.42,0.7151,0.897512,13521.128,0.42827
2336,d2ra02892a2_FSR_pacman,1.52883,3.58288,14.52264,2324.42,0.52278,0.341949,3377.103,0.428205753
3013,ja5b00450_si_003_ASR_pacman,1.51603,5.66724,12.87492,2528.19,0.55664,0.36717,10692.798,0.428191779
988,c8cc03121e2_1_ASR_pacman,1.33384,6.02849,13.94745,1984.21,0.69832,0.523543,1520.892,0.427855251
3617,ja9b11260_si_006_FSR_pacman,1.39909,8.7396,13.89455,1656.41,0.72338,0.517035,6432.334,0.427818315
1207,c8qi00662h2_FSR_pacman,0.842731,8.78506,14.17473,3676.69,0.70216,0.833196,9391.476,0.427655622
964,c7tc05535h2_ASR_pacman,1.24718,5.81447,11.61769,3223.5,0.59288,0.475377,9113.101,0.427476616
965,c7tc05535h2_FSR_pacman,1.24718,5.81447,11.61769,3223.5,0.59288,0.475377,9113.101,0.427476616
3040,ja6b01345_si_002_FSR_pacman,0.345899,14.69201,16.46143,4715.05,0.85868,2.48246,4760.668,0.42735712
1505,c9sc00178f2_7_FSR_pacman,0.960056,11.44055,11.65914,2829.84,0.69192,0.720708,14997.314,0.427286807
3510,ja9b04737_si_012_ASR_pacman,0.874006,13.573,15.89426,2462.93,0.78142,0.894068,2722.12,0.427209142
3112,ja7b00219_si_004_ASR_pacman,1.49676,8.71154,12.17153,1882.59,0.64402,0.430275,2870.34,0.427141806
970,c8cc01225c2_4_FSR_pacman,0.993868,10.46879,15.0548,2264.08,0.74828,0.752896,4822.908,0.427103476
1196,c8nj05139a2_2_ASR_pacman,0.987213,4.81756,11.85242,3667.88,0.66666,0.675295,4788.411,0.427026349
1116,c8cy00794b2_1_ASR_pacman,8.20794,2.37668,3.27502,540.395,0.16048,0.0195518,487.134,0.426683618
1117,c8cy00794b2_1_FSR_pacman,8.20794,2.37668,3.27502,540.395,0.16048,0.0195518,487.134,0.426683618
3304,ja808995d_si_002_2_FSR_pacman,0.806473,9.80192,17.60506,4616.51,0.65862,0.816667,54809.832,0.426626328
1223,c8qi01225c2_FSR_pacman,0.882808,7.54696,12.669,3975.6,0.67506,0.764674,44133.144,0.426554183
1437,c9dt03044a2_6_ion_pacman,1.20906,5.18454,11.58017,2998.6,0.61326,0.507219,4055.478,0.426441764
3616,ja9b11260_si_006_ASR_pacman,1.38484,8.7396,13.89455,1632.84,0.72948,0.526762,6240.346,0.4260915
1663,cm901983a_si_001_FSR_pacman,0.68556,8.49713,27.80996,3598.04,0.73558,1.07296,130078.56,0.426064964
3509,ja9b04737_si_011_FSR_pacman,0.993513,11.439,12.32489,2997.36,0.70946,0.714092,3226.646,0.425789624
1504,c9sc00178f2_7_ASR_pacman,0.95472,11.44055,11.65914,2816.07,0.69402,0.726936,14907.28,0.425736971
3108,ja7b00219_si_002_ASR_pacman,1.42741,8.5987,12.04822,1956.32,0.6483,0.454178,2686.296,0.425401565
3418,ja8b08504_si_004_ASR_pacman,1.04145,4.89377,11.53193,3087.36,0.64414,0.618505,2086.494,0.42527788
1528,c9sc04294f2_FSR_pacman,1.04145,4.89377,11.53193,3087.36,0.64414,0.618505,2086.494,0.42527788
3419,ja8b08504_si_004_FSR_pacman,1.04145,4.89377,11.53193,3087.36,0.64414,0.618505,2086.494,0.42527788
1527,c9sc04294f2_ASR_pacman,1.04145,4.89377,11.53193,3087.36,0.64414,0.618505,2086.494,0.42527788
3482,ja9b02603_si_002_FSR_pacman,0.59414,17.10748,24.58221,2946.12,0.82232,1.38405,7800.708,0.425161366
1930,d0dt02437f2_5_ASR_pacman,0.835278,16.17562,16.35717,4548.1,0.61126,0.731804,3122.336,0.425120729
2844,ja0c05758_si_003_3_ASR_pacman,0.736748,20.09697,23.26055,3481.58,0.73586,0.998795,7823.397,0.425016042
1803,d0ce00142b2_4_FSR_pacman,0.836822,10.02739,11.76936,3211.94,0.67856,0.810878,436.062,0.424994301
1802,d0ce00142b2_4_ASR_pacman,0.836822,10.02739,11.76936,3211.94,0.67856,0.810878,436.062,0.424994301
2975,ja512137t_si_002_7_FSR_pacman,0.866201,5.58708,13.15927,3302.56,0.70188,0.810297,2690.238,0.424881455
2974,ja512137t_si_002_7_ASR_pacman,0.866201,5.58708,13.15927,3302.56,0.70188,0.810297,2690.238,0.424881455
635,c6ta00429f2_FSR_pacman,0.722489,5.53957,15.85566,4344.77,0.69474,0.961592,6900.192,0.424819328
634,c6ta00429f2_ASR_pacman,0.722489,5.53957,15.85566,4344.77,0.69474,0.961592,6900.192,0.424819328
548,c5ta10401g2_1_FSR_pacman,1.26266,7.46744,14.85471,1862.7,0.7393,0.58551,11585.496,0.424523048
547,c5ta10401g2_1_ASR_pacman,1.26266,7.46744,14.85471,1862.7,0.7393,0.58551,11585.496,0.424523048
3303,ja808995d_si_002_1_FSR_pacman,0.79785,10.03707,17.88672,4674.85,0.6598,0.826973,54906.6,0.424512334
3056,ja6b06375_si_001_ASR_pacman,1.08144,6.91484,11.94073,3284.1,0.702,0.649137,6384.704,0.424246945
3057,ja6b06375_si_001_FSR_pacman,1.08144,6.91484,11.94073,3284.1,0.702,0.649137,6384.704,0.424246945
3258,ja7b06459_si_002_FSR_pacman,0.866894,12.59309,12.8,3924.18,0.6837,0.788678,7017.06,0.42423878
1931,d0dt02437f2_5_FSR_pacman,0.880491,13.94396,14.73772,4571.56,0.59378,0.674374,3314.324,0.424215608
2958,ja510525s_si_002_ASR_pacman,1.08186,5.07236,12.04251,2832.29,0.67468,0.623629,3084.225,0.424145992
2959,ja510525s_si_002_FSR_pacman,1.08186,5.07236,12.04251,2832.29,0.67468,0.623629,3084.225,0.424145992
3461,ja8b12530_si_002_2_ASR_pacman,0.841561,11.74644,12.77561,3494.24,0.69638,0.827486,4489.904,0.424098174
3462,ja8b12530_si_002_2_FSR_pacman,0.841561,11.74644,12.77561,3494.24,0.69638,0.827486,4489.904,0.424098174
3305,ja808995d_si_002_5_FSR_pacman,0.784093,10.00611,17.79336,4548.96,0.6751,0.860995,13414.194,0.424089874
3123,ja7b01320_si_003_FSR_pacman,1.29561,8.95496,10.3959,2801.75,0.6071,0.468583,9232.64,0.424017707
969,c8cc01225c2_4_ASR_pacman,0.982375,10.46879,15.0548,2216.8,0.75364,0.767161,4726.914,0.424011454
3505,ja9b04737_si_009_FSR_pacman,0.984473,12.39024,12.98448,2767.07,0.72904,0.740538,3258.644,0.423998661
2575,d3qi01120h2_ASR_pacman,0.916668,8.19095,11.67544,3976.97,0.63372,0.69133,4518.192,0.423956542
2617,d3sc04119k2_3_FSR_pacman,4.70491,4.53805,10.68546,686.564,0.63056,0.134022,5694.412,0.423943196
2616,d3sc04119k2_3_ASR_pacman,4.70491,4.53805,10.68546,686.564,0.63056,0.134022,5694.412,0.423943196
996,c8cc03121e2_6_ASR_pacman,1.159,6.26485,14.12501,2205.52,0.7151,0.616999,1520.892,0.423864765
3178,ja7b02272_si_004_ASR_pacman,1.44804,4.67803,12.99658,3341.39,0.54814,0.37854,29377.776,0.423583997
3179,ja7b02272_si_004_FSR_pacman,1.44804,4.67803,12.99658,3341.39,0.54814,0.37854,29377.776,0.423583997
1197,c8nj05139a2_2_FSR_pacman,1.00674,3.55737,11.85242,3747.19,0.6575,0.653097,4896.501,0.423165357
3163,ja7b02184_si_007_FSR_pacman,0.812989,13.14837,19.22968,3398.58,0.73288,0.901464,7201.896,0.42300998
3162,ja7b02184_si_007_ASR_pacman,0.812989,13.14837,19.22968,3398.58,0.73288,0.901464,7201.896,0.42300998
1206,c8qi00662h2_ASR_pacman,0.829339,8.78506,14.17473,3606.5,0.70876,0.854609,9199.488,0.422907505
3483,ja9b02603_si_003_ASR_pacman,0.662878,12.70506,24.98171,3114.41,0.76358,1.15192,6895.945,0.422903596
3164,ja7b02184_si_008_ASR_pacman,0.811126,13.07903,19.20697,3406.63,0.73228,0.902795,7201.896,0.422740923
3165,ja7b02184_si_008_FSR_pacman,0.811126,13.07903,19.20697,3406.63,0.73228,0.902795,7201.896,0.422740923
327,am8b05216_si_003_ASR_pacman,1.04113,3.97649,11.51498,3229.46,0.67076,0.644262,5755.662,0.422634373
1646,cm5b03723_si_004_FSR_pacman,0.805526,7.11329,12.81573,3926.97,0.68296,0.847844,8900.759,0.422471908
3508,ja9b04737_si_011_ASR_pacman,0.984191,11.439,12.32489,2974.72,0.71426,0.725733,3162.65,0.421978279
3507,ja9b04737_si_010_FSR_pacman,0.963183,12.19217,12.97427,2860.54,0.72664,0.754416,3258.644,0.42195282
1222,c8qi01225c2_ASR_pacman,0.845297,7.54697,12.669,3798.85,0.69344,0.820351,42117.27,0.421930851
550,c5ta10401g2_2_FSR_pacman,1.13644,5.9782,12.95526,2427.63,0.69466,0.611258,10576.992,0.421887578
549,c5ta10401g2_2_ASR_pacman,1.13644,5.9782,12.95526,2427.63,0.69466,0.611258,10576.992,0.421887578
3122,ja7b01320_si_003_ASR_pacman,1.23779,8.95496,10.3959,2711.19,0.62942,0.508502,8720.672,0.421864979
2193,d1ma00866h2_2_ASR_pacman,1.14966,4.41976,11.0909,3389.49,0.64536,0.561348,10558.929,0.421703751
2194,d1ma00866h2_2_FSR_pacman,1.14966,4.41976,11.0909,3389.49,0.64536,0.561348,10558.929,0.421703751
2443,d3ce00787a2_1_FSR_pacman,1.26909,8.70069,10.2168,2844.33,0.6408,0.50493,11317.872,0.421194896
2442,d3ce00787a2_1_ASR_pacman,1.26909,8.70069,10.2168,2844.33,0.6408,0.50493,11317.872,0.421194896
245,am0c03336_si_002_ASR_pacman,1.04416,5.58627,11.70797,3601.04,0.5962,0.570987,23765.931,0.421003591
246,am0c03336_si_002_FSR_pacman,1.04416,5.58627,11.70797,3601.04,0.5962,0.570987,23765.931,0.421003591
1255,c8ta01060a2_ASR_pacman,1.0004,8.82155,10.20519,3675.54,0.62948,0.629228,2038.685,0.420773304
2234,d1ta10715a2_FSR_pacman,1.12766,6.9216,10.39796,3488.29,0.65464,0.580528,3812.632,0.420752274
2233,d1ta10715a2_ASR_pacman,1.12766,6.9216,10.39796,3488.29,0.65464,0.580528,3812.632,0.420752274
3421,ja8b08504_si_005_FSR_pacman,0.853093,5.85167,11.92657,3675.67,0.6837,0.801437,6259.482,0.420227589
3420,ja8b08504_si_005_ASR_pacman,0.853093,5.85167,11.92657,3675.67,0.6837,0.801437,6259.482,0.420227589
2325,d2qi01989b2_ASR_pacman,0.975694,9.4633,10.20404,3411.6,0.66846,0.685112,1083.972,0.419982762
2326,d2qi01989b2_FSR_pacman,0.975694,9.4633,10.20404,3411.6,0.66846,0.685112,1083.972,0.419982762
3457,ja8b12530_si_001_4_ASR_pacman,0.509785,29.15644,30.59047,3452.17,0.81686,1.60236,6301.764,0.419950716
3552,ja9b06711_si_003_FSR_pacman,0.951997,7.25979,12.69089,3205.58,0.7099,0.745696,7787.43,0.419905542
2439,d3ce00663h2_2_ASR_pacman,0.829504,6.31886,12.7648,3954.14,0.69542,0.838357,13794.64,0.419281301
2614,d3sc04119k2_1_ASR_pacman,4.9731,2.76988,11.39653,774.024,0.52662,0.105894,5935.336,0.419106431
2615,d3sc04119k2_1_FSR_pacman,4.9731,2.76988,11.39653,774.024,0.52662,0.105894,5935.336,0.419106431
2037,d0sc03053h2_4_ASR_pacman,1.02623,5.20656,11.04708,3505.35,0.67792,0.660593,2611.476,0.419048908
2038,d0sc03053h2_4_FSR_pacman,1.02623,5.20656,11.04708,3505.35,0.67792,0.660593,2611.476,0.419048908
263,am0c18267_si_002_FSR_pacman,0.816811,10.72067,12.70107,4048.1,0.68224,0.835248,4061.061,0.419019505
2036,d0sc03053h2_1_FSR_pacman,1.02544,5.21397,11.04228,3509.15,0.67768,0.660871,2611.476,0.419016702
2035,d0sc03053h2_1_ASR_pacman,1.02544,5.21397,11.04228,3509.15,0.67768,0.660871,2611.476,0.419016702
413,an9b01534_si_002_ASR_pacman,0.928206,6.63925,10.96268,3448.87,0.66816,0.71984,8586.068,0.418841676
3257,ja7b06459_si_002_ASR_pacman,0.842558,12.59309,12.8,3859.49,0.69374,0.823373,6800.88,0.418739527
2884,ja110042b_si_003_FSR_pacman,0.68442,5.27812,18.77851,4008.42,0.73794,1.0782,30297.816,0.418627168
1541,c9ta03126j2_1_ASR_pacman,0.718729,9.78388,22.15936,3351.28,0.74264,1.03327,14285.232,0.418582102
1542,c9ta03126j2_1_FSR_pacman,0.718729,9.78388,22.15936,3351.28,0.74264,1.03327,14285.232,0.418582102
1911,d0dt01081b2_3_ASR_pacman,1.0647,4.15327,11.26398,3158.97,0.67498,0.633961,4899.789,0.418510049
443,c5cc09935h2_ASR_pacman,1.34061,5.53668,12.44035,2201.14,0.67918,0.506621,2849.277,0.418340103
444,c5cc09935h2_FSR_pacman,1.34061,5.53668,12.44035,2201.14,0.67918,0.506621,2849.277,0.418340103
3415,ja8b08504_si_002_FSR_pacman,1.08157,4.74386,10.89576,3346.43,0.64206,0.593636,2185.512,0.418108863
3650,jp7b06773_si_002_FSR_pacman,3.18277,6.18526,11.86213,1273.17,0.63036,0.198054,7313.868,0.41790525
3649,jp7b06773_si_002_ASR_pacman,3.18277,6.18526,11.86213,1273.17,0.63036,0.198054,7313.868,0.41790525
3001,ja512762r_si_003_FSR_pacman,7.45566,2.82324,3.68172,610.382,0.20814,0.027917,3965.136,0.417899427
3000,ja512762r_si_003_ASR_pacman,7.45566,2.82324,3.68172,610.382,0.20814,0.027917,3965.136,0.417899427
545,c5ta05481h2_ASR_pacman,1.17825,3.95157,11.34999,2897.43,0.63044,0.535065,5224.086,0.417631029
3110,ja7b00219_si_003_ASR_pacman,1.51417,5.81694,12.26568,1905.4,0.64518,0.426094,2948.085,0.417532457
3343,ja8b04745_si_006_FSR_pacman,0.775992,7.3626,16.07509,3085.35,0.73028,0.941092,29938.32,0.417525136
3342,ja8b04745_si_006_ASR_pacman,0.775992,7.3626,16.07509,3085.35,0.73028,0.941092,29938.32,0.417525136
3627,ja9b12527_si_002_FSR_pacman,0.933389,6.88218,14.25806,4286.53,0.57504,0.616077,33252.112,0.417462377
3626,ja9b12527_si_002_ASR_pacman,0.933389,6.88218,14.25806,4286.53,0.57504,0.616077,33252.112,0.417462377
1932,d0dt02437f2_9_ASR_pacman,0.81838,14.21323,16.35729,4773.43,0.61608,0.752804,7838.044,0.417339183
3414,ja8b08504_si_002_ASR_pacman,1.05039,4.96512,10.89576,3210.73,0.65836,0.62678,2089.518,0.417236481
472,c5dt02651b2_ASR_pacman,1.63261,10.84395,11.24702,2723.94,0.49966,0.306049,1940.24,0.417213323
473,c5dt02651b2_FSR_pacman,1.63261,10.84395,11.24702,2723.94,0.49966,0.306049,1940.24,0.417213323
3014,ja5b00450_si_003_FSR_pacman,1.54156,4.50583,12.87492,2551.94,0.54574,0.354017,10884.786,0.417167366
2889,ja203898s_si_003_ASR_pacman,1.07325,3.73892,11.16373,3492.48,0.6378,0.594268,6025.932,0.417093822
2890,ja203898s_si_003_FSR_pacman,1.07325,3.73892,11.16373,3492.48,0.6378,0.594268,6025.932,0.417093822
1645,cm5b03723_si_004_ASR_pacman,0.772596,7.33973,13.1298,3713.26,0.70134,0.907771,8468.399,0.417062611
3114,ja7b00219_si_005_ASR_pacman,1.68149,8.26027,11.48839,1763.76,0.6294,0.374312,4110.573,0.416987237
468,c5dt01100k2_ASR_pacman,1.64843,9.16127,10.14478,2719.45,0.58294,0.353634,4345.65,0.416901073
470,c5dt01100k3_ASR_pacman,1.64843,9.16127,10.14478,2719.45,0.58294,0.353634,4345.65,0.416901073
894,c7qm00302a2_ASR_pacman,1.31532,3.77458,11.51074,2664.09,0.63906,0.48586,3656.952,0.416897333
725,c7ce00461c2_ASR_pacman,0.797146,6.52229,13.08426,4033.5,0.69958,0.877606,14219.16,0.416881923
1907,d0dt01081b2_1_ASR_pacman,1.12025,4.54534,11.23602,2947.23,0.66954,0.597669,5160.951,0.416858288
1928,d0dt02437f2_10_ASR_pacman,0.804135,15.29375,16.62821,4772.58,0.6147,0.764424,12484.304,0.416555543
2640,d3ta05626k2_FSR_pacman,1.22717,4.40175,11.24777,2892.5,0.68072,0.554706,10538.304,0.416173472
2639,d3ta05626k2_ASR_pacman,1.22717,4.40175,11.24777,2892.5,0.68072,0.554706,10538.304,0.416173472
1707,cs7b02844_si_004_FSR_pacman,0.804361,7.9004,13.92171,3772.32,0.71424,0.88796,12937.344,0.416031189
1686,cm9b02924_si_003_ASR_pacman,1.22027,3.45026,11.22065,3174.31,0.62024,0.508282,6312.69,0.415631118
655,c6tc05203g2_ASR_pacman,1.01376,3.78794,11.04693,3560.12,0.6517,0.642857,1767.348,0.415578726
1654,cm6b02817_si_002_FSR_pacman,1.2271,5.73817,10.61998,2954.22,0.64718,0.527407,7638.518,0.415255894
1653,cm6b02817_si_002_ASR_pacman,1.2271,5.73817,10.61998,2954.22,0.64718,0.527407,7638.518,0.415255894
3116,ja7b00219_si_006_ASR_pacman,1.01963,7.73208,10.27398,3600.69,0.61132,0.599551,2520.357,0.415010532
2161,d1dt03950d2_2_FSR_pacman,0.879662,3.73944,11.85169,3877.48,0.69608,0.791304,4824.279,0.415010452
1594,cg5008236_si_002_ASR_pacman,1.01197,8.5832,12.49856,4233.28,0.5906,0.583612,16404.144,0.414976072
1595,cg5008236_si_002_FSR_pacman,1.01197,8.5832,12.49856,4233.28,0.5906,0.583612,16404.144,0.414976072
2515,d3dt03348a2_2_ion_pacman,1.0579,4.5511,11.30459,3622.07,0.61592,0.58221,21113.208,0.414905962
3492,ja9b03643_si_003_FSR_pacman,0.955797,5.05395,11.14473,3713.61,0.68854,0.720383,2467.485,0.414897337
3491,ja9b03643_si_002_FSR_pacman,0.956894,4.95103,11.14198,3727.14,0.68772,0.718701,2435.487,0.414828584
1205,c8qi00469b2_2_FSR_pacman,0.368793,9.41823,13.43319,4706.39,0.85094,2.30736,8450.984,0.414816434
294,am7b10795_si_003_ASR_pacman,0.763971,6.72591,16.47292,3704.2,0.73438,0.961266,13041.064,0.414678723
3493,ja9b03643_si_004_FSR_pacman,0.955365,4.94478,11.11973,3738.41,0.68804,0.720185,2515.482,0.414387006
3539,ja9b06179_si_003_ASR_pacman,1.02491,10.28329,12.82683,2215.69,0.7288,0.711087,3509.175,0.414378298
3540,ja9b06179_si_003_FSR_pacman,1.02491,10.28329,12.82683,2215.69,0.7288,0.711087,3509.175,0.414378298
2230,d1ta10522a2_1_FSR_pacman,0.92365,6.63615,11.49092,3221.66,0.69366,0.750999,4822.716,0.41412906
2229,d1ta10522a2_1_ASR_pacman,0.92365,6.63615,11.49092,3221.66,0.69366,0.750999,4822.716,0.41412906
2257,d2cc03575h2_ASR_pacman,0.812254,9.73342,17.00966,2990.43,0.74668,0.919269,3249.022,0.4141095
2808,ja0c00612_si_002_5_FSR_pacman,1.06305,4.7139,11.30212,3590.17,0.60848,0.572389,10891.952,0.414075336
2807,ja0c00612_si_002_5_ASR_pacman,1.06305,4.7139,11.30212,3590.17,0.60848,0.572389,10891.952,0.414075336
813,c7dt02290e2_3_ASR_pacman,1.05557,4.28545,11.58318,2905.35,0.68864,0.652386,3476.796,0.414033994
3465,ja8b12530_si_002_4_FSR_pacman,0.785228,13.36043,13.69997,3630.31,0.7058,0.898847,3974.038,0.414025014
2628,d3ta03446a3_3_FSR_pacman,0.865148,6.13474,11.22999,3572.65,0.68532,0.792142,2500.8,0.413838596
1472,c9qi00195f2_ASR_pacman,0.913194,4.03249,11.26558,3797.85,0.67124,0.735046,1615.224,0.413673744
1623,cg901312t_si_002_FSR_pacman,0.747346,7.5972,15.12842,4295.09,0.71258,0.95348,29230.088,0.413650823
811,c7dt02290e2_1_ASR_pacman,1.23936,3.9002,11.30375,2725.87,0.62726,0.506115,5440.464,0.413242444
2231,d1ta10522a2_3_ASR_pacman,0.910535,6.89811,11.71456,3212.71,0.69946,0.768186,3538.297,0.413174247
2232,d1ta10522a2_3_FSR_pacman,0.910535,6.89811,11.71456,3212.71,0.69946,0.768186,3538.297,0.413174247
3417,ja8b08504_si_003_FSR_pacman,0.859492,5.60476,11.71329,3579.85,0.70002,0.814457,6205.842,0.413150341
1744,d0cc02841j2_6_FSR_pacman,1.0725,8.68668,15.53364,2070.02,0.7735,0.721213,2525.457,0.41312869
2750,ic6b00276_si_006_FSR_pacman,0.764229,8.71298,14.12459,3681.5,0.71324,0.93328,20801.886,0.413020393
3175,ja7b02184_si_017_FSR_pacman,0.741696,10.41388,17.80382,3976.08,0.714,0.962658,6419.64,0.412986655
3174,ja7b02184_si_017_ASR_pacman,0.741696,10.41388,17.80382,3976.08,0.714,0.962658,6419.64,0.412986655
3101,ja6b12353_si_002_2_ASR_pacman,0.882627,6.41443,10.82537,3797.71,0.66554,0.754045,36977.088,0.412904021
3102,ja6b12353_si_002_2_FSR_pacman,0.882627,6.41443,10.82537,3797.71,0.66554,0.754045,36977.088,0.412904021
613,c6dt04208b2_FSR_pacman,0.915754,7.77924,10.08589,3639.87,0.64828,0.70792,2441.246,0.412885037
612,c6dt04208b2_ASR_pacman,0.915754,7.77924,10.08589,3639.87,0.64828,0.70792,2441.246,0.412885037
1909,d0dt01081b2_2_ASR_pacman,1.08661,4.21179,11.25457,2931.13,0.68294,0.628505,5043.78,0.412686208
3476,ja903726m_si_002_ASR_pacman,0.807622,4.60995,12.25262,3612,0.70882,0.877663,2304.984,0.411926032
3477,ja903726m_si_002_FSR_pacman,0.807622,4.60995,12.25262,3612,0.70882,0.877663,2304.984,0.411926032
2749,ic6b00276_si_006_ASR_pacman,0.76132,8.71298,14.12459,3675.27,0.71454,0.938555,20705.892,0.411850812
2324,d2qi01956f2_FSR_pacman,0.69401,5.28195,14.77475,4348.56,0.72112,1.03906,16014.786,0.411692738
2323,d2qi01956f2_ASR_pacman,0.69401,5.28195,14.77475,4348.56,0.72112,1.03906,16014.786,0.411692738
2971,ja512137t_si_002_5_FSR_pacman,1.00701,4.41943,10.66674,3281.14,0.6655,0.660867,2293.884,0.411608686
2970,ja512137t_si_002_5_ASR_pacman,1.00701,4.41943,10.66674,3281.14,0.6655,0.660867,2293.884,0.411608686
325,am8b05216_si_002_ASR_pacman,0.793215,5.68707,12.55328,3796.03,0.71086,0.896176,7674.216,0.411591694
3088,ja6b09155_si_002_FSR_pacman,0.895725,9.69363,10.09489,3498.1,0.68172,0.761082,3637.644,0.411520688
3087,ja6b09155_si_002_ASR_pacman,0.895725,9.69363,10.09489,3498.1,0.68172,0.761082,3637.644,0.411520688
1674,cm9b01258_si_007_ASR_pacman,1.01704,5.2637,10.52077,3280.31,0.63214,0.621549,4586.04,0.411424162
3284,ja7b09496_si_009_ASR_pacman,0.805503,6.33038,17.92282,2985.69,0.75806,0.941101,2210.037,0.410755228
3285,ja7b09496_si_009_FSR_pacman,0.805503,6.33038,17.92282,2985.69,0.75806,0.941101,2210.037,0.410755228
3652,jp8b09178_si_007_FSR_pacman,0.487583,28.06898,29.87417,3411.27,0.8299,1.70207,6733.38,0.410740778
3651,jp8b09178_si_007_ASR_pacman,0.487583,28.06898,29.87417,3411.27,0.8299,1.70207,6733.38,0.410740778
1656,cm6b02817_si_003_FSR_pacman,1.38426,5.71864,10.61307,2695.68,0.63692,0.460117,7949.696,0.410394489
1655,cm6b02817_si_003_ASR_pacman,1.38426,5.71864,10.61307,2695.68,0.63692,0.460117,7949.696,0.410394489
1079,c8ce00949j2_FSR_pacman,1.54702,7.86006,10.59846,2264.12,0.6278,0.405813,8541.564,0.410109952
3089,ja6b09155_si_003_ASR_pacman,0.921821,9.39538,9.56991,3488.47,0.67106,0.727972,1140.588,0.410104188
3090,ja6b09155_si_003_FSR_pacman,0.921821,9.39538,9.56991,3488.47,0.67106,0.727972,1140.588,0.410104188
704,c7cc07158b2_FSR_pacman,0.783426,7.11964,13.71106,4557.67,0.69318,0.884806,4753.324,0.410085308
703,c7cc07158b2_ASR_pacman,0.783426,7.11964,13.71106,4557.67,0.69318,0.884806,4753.324,0.410085308
1680,cm9b01258_si_011_ASR_pacman,0.969868,6.15403,10.2295,3237.26,0.6459,0.665967,4586.04,0.409749745
3011,ja5b00450_si_002_ASR_pacman,2.29167,4.67076,13.43687,1678.46,0.51162,0.223252,9556.191,0.409637097
2747,ic6b00276_si_004_FSR_pacman,0.77552,8.85482,13.61037,3664.38,0.71556,0.922684,6979.328,0.409546158
2746,ic6b00276_si_004_ASR_pacman,0.77552,8.85482,13.61037,3664.38,0.71556,0.922684,6979.328,0.409546158
2748,ic6b00276_si_005_ion_pacman,0.766219,9.27303,12.5591,4086.88,0.69698,0.909636,29655.976,0.409543839
796,c7dt01744h2_FSR_pacman,1.25914,8.97966,9.43499,3272.9,0.5872,0.466352,1705.116,0.409485616
795,c7dt01744h2_ASR_pacman,1.25914,8.97966,9.43499,3272.9,0.5872,0.466352,1705.116,0.409485616
2876,ja0c10400_si_002_FSR_pacman,1.08022,6.10295,10.23736,3072.9,0.66058,0.611526,7271.29,0.409296767
3009,ja5b00365_si_002_3_ASR_pacman,0.603618,5.76448,14.5902,4965.24,0.73166,1.21212,9342.84,0.409245187
3010,ja5b00365_si_002_3_FSR_pacman,0.603618,5.76448,14.5902,4965.24,0.73166,1.21212,9342.84,0.409245187
2899,ja3082523_si_004_ASR_pacman,0.495502,7.79897,14.9058,4957.41,0.77146,1.55693,16002.019,0.409177944
2900,ja3082523_si_004_FSR_pacman,0.495502,7.79897,14.9058,4957.41,0.77146,1.55693,16002.019,0.409177944
1933,d0dt02437f2_9_FSR_pacman,0.891495,10.94785,16.08338,4885.56,0.57846,0.648865,8598.412,0.408814305
3458,ja8b12530_si_001_4_FSR_pacman,0.52453,29.15644,30.59047,3508.56,0.81046,1.54512,6493.752,0.408728158
303,am7b16163_si_002_ASR_pacman,0.952487,8.84078,9.52681,3807.65,0.634,0.665626,9539.212,0.408725779
851,c7dt04622g2_FSR_pacman,1.26024,5.61829,11.65337,2341.69,0.6854,0.543867,6075.936,0.408642055
2916,ja406030p_si_009_FSR_pacman,0.893729,6.09826,10.66239,3751.91,0.68728,0.769003,5019.468,0.408614568
637,c6ta06037d2_FSR_pacman,0.874385,5.16166,11.66459,3508.07,0.71192,0.814195,1708.284,0.408408261
1743,d0cc02841j2_6_ASR_pacman,1.05105,8.68668,15.53364,2008.03,0.7832,0.745163,2141.481,0.40839938
2633,d3ta03446a3_7_FSR_pacman,0.887954,5.96928,10.55154,3462.61,0.6793,0.765017,4993.536,0.408354509
1287,c9cc02324k2_1_FSR_pacman,1.11709,6.00597,9.94015,3244.71,0.64112,0.573922,5523.992,0.408329636
794,c7dt01595j2_FSR_pacman,0.877774,5.06538,11.47017,3521.57,0.70864,0.807315,1708.284,0.40830519
653,c6tb03101c2_ASR_pacman,3.53826,2.91292,3.1762,878.562,0.15634,0.0441856,2506.416,0.40818474
654,c6tb03101c2_FSR_pacman,3.53826,2.91292,3.1762,878.562,0.15634,0.0441856,2506.416,0.40818474
1286,c9cc02324k2_1_ASR_pacman,1.09327,6.01447,9.94015,3212.57,0.65082,0.595295,5459.996,0.407885318
1354,c9ce01230c2_2_FSR_pacman,0.815473,8.34739,11.79271,4316.59,0.68002,0.833896,3279.945,0.407753275
871,c7qi00063d2_ASR_pacman,0.837755,4.17435,11.26747,3823.75,0.69908,0.834469,1633.263,0.407698013
2211,d1qi01184g3_FSR_pacman,1.25503,6.92231,12.29339,2062.61,0.70978,0.565546,8517.605,0.407675731
2210,d1qi01184g3_ASR_pacman,1.25503,6.92231,12.29339,2062.61,0.70978,0.565546,8517.605,0.407675731
663,c7cc02470c2_2_ASR_pacman,1.5744,5.83478,10.61612,2521.04,0.66596,0.422993,12657.888,0.407610185
1684,cm9b02924_si_002_ASR_pacman,1.21362,3.36651,11.30045,3302.53,0.5966,0.491589,5556.816,0.407563409
2630,d3ta03446a3_4_FSR_pacman,0.895019,6.25619,10.33843,3488.99,0.67658,0.755939,2500.8,0.407499404
1309,c9cc06239d2_FSR_pacman,0.919059,4.65258,10.43399,3530.45,0.657,0.714861,6530.499,0.407396587
1078,c8ce00949j2_ASR_pacman,1.47747,7.86006,10.59846,2200.14,0.65426,0.442824,8157.588,0.407360505
304,am7b16163_si_002_FSR_pacman,0.984437,8.84078,9.52681,3833.38,0.6216,0.631427,9859.192,0.407038479
3416,ja8b08504_si_003_ASR_pacman,0.828159,5.94773,12.24362,3410.39,0.71542,0.863868,5917.86,0.406941239
1341,c9ce00882a2_2_ASR_pacman,0.88651,4.45693,10.62971,3715.78,0.67938,0.766353,3350.688,0.406762645
1182,c8mh00302e2_5_FSR_pacman,1.17251,7.90146,9.09366,3461.63,0.63286,0.539748,2451.266,0.406645713
1181,c8mh00302e2_5_ASR_pacman,1.17251,7.90146,9.09366,3461.63,0.63286,0.539748,2451.266,0.406645713
281,am7b07920_si_002_1_ASR_pacman,0.79063,6.55835,11.82528,3906.54,0.70696,0.894173,2275.868,0.406634067
282,am7b07920_si_002_1_FSR_pacman,0.79063,6.55835,11.82528,3906.54,0.70696,0.894173,2275.868,0.406634067
3464,ja8b12530_si_002_4_ASR_pacman,0.760652,13.57014,14.44644,3588.71,0.71624,0.941614,3846.046,0.40662324
3497,ja9b04737_si_002_FSR_pacman,1.03264,9.69226,11.25991,2771.83,0.71244,0.68992,3378.668,0.406593776
404,am9b20623_si_001_FSR_pacman,1.36303,4.86599,11.03737,2482.02,0.6731,0.493825,1762.326,0.406516771
593,c6ce02281b2_FSR_pacman,0.813927,3.80861,11.64202,4045.64,0.70808,0.869955,4689.18,0.406433181
2004,d0qi01257b2_FSR_pacman,0.741221,8.48398,15.14441,4030,0.72454,0.977495,3151.9,0.406428754
1339,c9ce00882a2_1_ASR_pacman,0.890905,4.53759,10.55401,3678.88,0.67962,0.762842,3344.64,0.406385624
2331,d2qi02366k2_ASR_pacman,1.57015,8.83988,10.9524,1899,0.70018,0.445933,1837.734,0.406331195
285,am7b07920_si_002_3_ASR_pacman,0.786586,6.48754,11.82705,3942.96,0.707,0.898821,2269.82,0.406263155
3294,ja7b13825_si_004_ASR_pacman,1.39095,9.47085,10.26274,2776.72,0.54108,0.389001,3982.95,0.406245827
3295,ja7b13825_si_004_FSR_pacman,1.39095,9.47085,10.26274,2776.72,0.54108,0.389001,3982.95,0.406245827
1297,c9cc03354h2_ASR_pacman,0.870582,6.494,10.55308,3979.55,0.67134,0.771139,2405.876,0.406159989
2758,ic6b01211_si_003_ASR_pacman,0.822811,4.31513,11.27238,3760.1,0.7042,0.855847,4872.573,0.406042293
2819,ja0c02129_si_002_FSR_pacman,0.59805,14.68034,24.11467,2851.58,0.82758,1.3838,10308.408,0.406011182
2756,ic6b01211_si_002_ASR_pacman,0.822811,4.33941,11.27288,3744.43,0.70488,0.856673,4872.573,0.405865045
2944,ja501810r_si_002_FSR_pacman,0.809365,5.25748,11.88646,3735.76,0.71672,0.885533,5070.42,0.405593606
1328,c9ce00359b2_1_ASR_pacman,0.908566,4.07676,11.29804,3993.88,0.64298,0.707687,1672.38,0.405589433
900,c7ra01125c2_ASR_pacman,0.906323,4.38649,11.21558,4018.34,0.64684,0.713697,2260.884,0.405514031
901,c7ra01125c2_FSR_pacman,0.906323,4.38649,11.21558,4018.34,0.64684,0.713697,2260.884,0.405514031
1455,c9dt04158c2_1_FSR_pacman,1.13185,7.79296,10.04785,3669.11,0.59112,0.52226,7907.436,0.405439803
283,am7b07920_si_002_2_ASR_pacman,0.813093,6.59004,11.15552,3842.63,0.7005,0.861525,2281.916,0.405414333
1353,c9ce01230c2_2_ASR_pacman,0.783873,8.34739,11.79271,4220.21,0.69712,0.889327,3146.774,0.405326451
2046,d0sc03727c2_2_ASR_pacman,0.320873,14.67688,28.17125,3730.36,0.8847,2.75717,4858.416,0.405204606
497,c5dt03710g2_5_FSR_pacman,1.02774,7.08325,9.54784,3312.1,0.6658,0.647832,1142.336,0.405172125
496,c5dt03710g2_5_ASR_pacman,1.02774,7.08325,9.54784,3312.1,0.6658,0.647832,1142.336,0.405172125
3109,ja7b00219_si_002_FSR_pacman,1.44743,8.5987,10.32368,2004.09,0.63898,0.441458,2734.293,0.405099795
1031,c8cc10116g2_2_ASR_pacman,1.1494,4.72956,10.16923,3264.04,0.62946,0.547644,4224.216,0.405007288
1201,c8qi00268a2_ASR_pacman,1.17176,4.59004,10.50314,2825.32,0.6413,0.547295,3482.724,0.404898823
1233,c8qm00105g2_ASR_pacman,0.9892,3.86632,10.47726,3757.18,0.65536,0.662515,1714.137,0.404861416
1115,c8cp06600k2_FSR_pacman,0.835689,9.64304,11.18349,3359.42,0.7047,0.843257,1312.804,0.404811191
1114,c8cp06600k2_ASR_pacman,0.835689,9.64304,11.18349,3359.42,0.7047,0.843257,1312.804,0.404811191
801,c7dt02231j2_2_ASR_pacman,0.996115,7.66578,9.38848,3782.39,0.65186,0.654402,10146.502,0.404729666
2907,ja4015666_si_005_FSR_pacman,1.13367,8.65418,10.14298,3931.59,0.59384,0.523822,2387.757,0.404705658
1179,c8mh00302e2_2_ASR_pacman,1.16707,7.83506,8.96229,3403.51,0.63644,0.54533,2463.362,0.404621988
3099,ja6b12353_si_002_1_ASR_pacman,0.707541,7.32594,22.64736,3142.67,0.77324,1.09286,11921.334,0.404551835
3100,ja6b12353_si_002_1_FSR_pacman,0.707541,7.32594,22.64736,3142.67,0.77324,1.09286,11921.334,0.404551835
2648,d3tc03606e2_1_FSR_pacman,1.48755,8.87618,9.81487,2366.01,0.6062,0.407516,3628.188,0.404532156
2647,d3tc03606e2_1_ASR_pacman,1.48755,8.87618,9.81487,2366.01,0.6062,0.407516,3628.188,0.404532156
815,c7dt02290e2_4_ASR_pacman,1.19564,4.40451,10.55254,2786.82,0.6401,0.535364,3470.748,0.404474193
944,c7ta10123f2_ASR_pacman,1.19564,4.40451,10.55254,2786.58,0.6401,0.535364,3470.748,0.404468416
2631,d3ta03446a3_6_FSR_pacman,0.78871,6.29189,11.36239,3745.83,0.7038,0.892343,2372.808,0.404453199
2627,d3ta03446a3_3_ASR_pacman,0.820869,6.13474,11.22999,3496.17,0.70306,0.856483,2372.808,0.404259433
1739,d0cc02841j2_2_ASR_pacman,2.33686,5.08756,10.40547,1297.84,0.6556,0.280548,2422.58,0.404222613
3593,ja9b10501_si_017_FSR_pacman,0.809709,7.50552,10.56088,4084.33,0.6624,0.818072,4512.22,0.404124828
3592,ja9b10501_si_017_ASR_pacman,0.809709,7.50552,10.56088,4084.33,0.6624,0.818072,4512.22,0.404124828
2978,ja512311a_si_003_FSR_pacman,0.874839,6.32626,11.04891,3432.72,0.70612,0.807142,10057.268,0.404025168
1555,c9tc02786f2_FSR_pacman,0.844048,6.67248,10.73922,4112.95,0.6818,0.807774,3909.288,0.403930741
1554,c9tc02786f2_ASR_pacman,0.844048,6.67248,10.73922,4112.95,0.6818,0.807774,3909.288,0.403930741
1650,cm5b04306_si_001_3_FSR_pacman,0.63784,5.6533,17.5987,4210.15,0.74976,1.17547,13752.828,0.403925773
1649,cm5b04306_si_001_3_ASR_pacman,0.63784,5.6533,17.5987,4210.15,0.74976,1.17547,13752.828,0.403925773
3468,ja8b13639_si_003_ASR_pacman,1.32157,7.01668,12.26584,1821.47,0.72514,0.548697,1643.675,0.40391796
3469,ja8b13639_si_003_FSR_pacman,1.32157,7.01668,12.26584,1821.47,0.72514,0.548697,1643.675,0.40391796
2988,ja512311a_si_008_FSR_pacman,0.842869,7.23141,11.99067,3306.28,0.71516,0.848482,9594.932,0.40385589
2987,ja512311a_si_008_ASR_pacman,0.842869,7.23141,11.99067,3306.28,0.71516,0.848482,9594.932,0.40385589
802,c7dt02231j2_2_FSR_pacman,1.00472,7.66578,9.38848,3823.59,0.64704,0.643997,10248.544,0.403810555
1651,cm5b04306_si_001_4_ASR_pacman,0.638989,5.6428,17.69159,4205.88,0.75062,1.1747,13674.734,0.403799036
1652,cm5b04306_si_001_4_FSR_pacman,0.638989,5.6428,17.69159,4205.88,0.75062,1.1747,13674.734,0.403799036
1371,c9ce01567a2_4_FSR_pacman,0.772066,5.37902,11.62593,4228.19,0.69442,0.899431,40175.083,0.403665191
1856,d0ce01014f2_2_FSR_pacman,0.922195,5.9287,10.10462,3715.02,0.69086,0.749147,8635.598,0.403481511
2489,d3dt00422h2_3_ASR_pacman,0.921658,4.92758,10.2404,3785.53,0.6587,0.714691,6270.981,0.403390859
1740,d0cc02841j2_2_FSR_pacman,2.37741,5.08756,10.40547,1325.73,0.63954,0.269007,2806.556,0.403285817
3222,ja7b04132_si_004_ASR_pacman,1.52232,7.92415,10.48109,2062.58,0.60252,0.39579,3967.02,0.403209402
1256,c8ta01060a2_FSR_pacman,1.05744,7.83498,9.73766,3734.42,0.60452,0.571681,2146.69,0.403156176
287,am7b07920_si_002_4_ASR_pacman,0.79276,6.60884,11.24676,3939.46,0.70524,0.8896,2275.868,0.403109488
3496,ja9b04737_si_002_ASR_pacman,1.02311,9.69226,11.25991,2752.4,0.7173,0.701099,3314.672,0.403102333
2751,ic6b00276_si_007_ASR_pacman,0.722439,8.5268,14.01253,3984.21,0.72072,0.997621,20705.892,0.402983372
2752,ic6b00276_si_007_FSR_pacman,0.722439,8.5268,14.01253,3984.21,0.72072,0.997621,20705.892,0.402983372
1204,c8qi00469b2_1_FSR_pacman,0.703574,9.96908,15.67823,4614.93,0.71852,1.02124,4213.396,0.402949125
1745,d0cc02841j2_7_ASR_pacman,4.07229,3.91755,8.38119,885.475,0.55284,0.135757,1817.564,0.40263383
2346,d2sc00188h2_5_FSR_pacman,1.05079,6.99847,9.55353,3753.45,0.63124,0.600728,3791.202,0.402347811
2345,d2sc00188h2_5_ASR_pacman,1.05079,6.99847,9.55353,3753.45,0.63124,0.600728,3791.202,0.402347811
3397,ja8b07411_si_003_3_FSR_pacman,0.741613,6.89691,12.92395,3644.11,0.72066,0.971746,4709.738,0.402343871
3511,ja9b04737_si_012_FSR_pacman,0.911882,12.18784,13.60577,2592.85,0.76312,0.836863,2978.104,0.402294555
1370,c9ce01567a2_4_ASR_pacman,0.752697,8.07468,11.62593,4136.65,0.70352,0.934666,39167.146,0.401985269
2730,ic5b02316_si_002_2_ASR_pacman,1.20484,6.02783,10.32872,2623.19,0.65868,0.546694,2084.596,0.401971217
2322,d2qi00394e2_FSR_pacman,0.881176,8.21577,11.15169,4466.8,0.68598,0.778482,18279.006,0.401923194
2321,d2qi00394e2_ASR_pacman,0.881176,8.21577,11.15169,4466.8,0.68598,0.778482,18279.006,0.401923194
362,am8b19815_si_002_1_FSR_pacman,0.743163,8.52299,12.10107,4021.32,0.71008,0.955484,4643.706,0.401644369
1253,c8sc05218b2_ASR_pacman,0.652296,12.30049,28.17113,3412.66,0.76166,1.16766,117023.376,0.401582436
1742,d0cc02841j2_5_FSR_pacman,1.57146,5.6436,11.68686,1780.03,0.71372,0.454176,2651.392,0.401568544
1105,c8ce01808a2_3_ASR_pacman,1.79129,6.99452,10.50639,1651.61,0.65824,0.367467,3901.503,0.401475642
1106,c8ce01808a2_3_FSR_pacman,1.79129,6.99452,10.50639,1651.61,0.65824,0.367467,3901.503,0.401475642
3220,ja7b04132_si_003_ASR_pacman,1.53262,8.01572,10.33202,2083.12,0.5986,0.390573,3967.02,0.401386624
3221,ja7b04132_si_003_FSR_pacman,1.53262,8.01572,10.33202,2083.12,0.5986,0.390573,3967.02,0.401386624
2340,d2sc00188h2_2_FSR_pacman,1.04812,6.45074,9.54016,3704.52,0.6364,0.607181,3791.202,0.401258576
2339,d2sc00188h2_2_ASR_pacman,1.04812,6.45074,9.54016,3704.52,0.6364,0.607181,3791.202,0.401258576
2632,d3ta03446a3_7_ASR_pacman,0.842508,6.91423,10.55154,3401.4,0.69614,0.826271,4737.552,0.401200726
3646,jp302979a_si_002_ASR_pacman,1.14286,3.78653,9.90715,3215.7,0.66,0.5775,4435.732,0.401172275
3277,ja7b09496_si_002_ASR_pacman,2.94308,7.44696,8.93182,1190.96,0.62238,0.211472,3478.237,0.401171584
2485,d3dt00422h2_1_ASR_pacman,0.83207,5.23993,10.41615,3922.37,0.68574,0.824137,6108.748,0.401145156
3206,ja7b02470_si_004_FSR_pacman,1.35331,7.94863,9.37454,2720.56,0.62618,0.462701,4703.318,0.401131805
2734,ic5b02316_si_002_4_ASR_pacman,1.2133,6.2432,10.27841,2565.97,0.6524,0.537705,2084.596,0.401113638
2735,ic5b02316_si_002_4_FSR_pacman,1.2133,6.2432,10.27841,2565.97,0.6524,0.537705,2084.596,0.401113638
2973,ja512137t_si_002_6_FSR_pacman,0.823294,5.56207,10.65165,3678.22,0.70146,0.852016,2450.112,0.400977737
2972,ja512137t_si_002_6_ASR_pacman,0.823294,5.56207,10.65165,3678.22,0.70146,0.852016,2450.112,0.400977737
3205,ja7b02470_si_004_ASR_pacman,1.3349,7.94863,9.37454,2700.4,0.63208,0.473504,4639.322,0.40082771
2732,ic5b02316_si_002_3_ASR_pacman,1.21822,6.0622,10.23322,2603.85,0.65296,0.535995,2084.596,0.400816771
1027,c8cc09474h2_4_ASR_pacman,1.96481,3.9583,11.82563,2118.95,0.57,0.290105,6384.142,0.400533075
3278,ja7b09496_si_002_FSR_pacman,2.95267,7.44696,8.93182,1202.72,0.61756,0.209153,3542.233,0.400530434
386,am9b05091_si_003_ion_pacman,0.773774,4.95559,16.537,3028.29,0.75908,0.98101,10038.446,0.400516591
1025,c8cc09474h2_3_ASR_pacman,1.94985,3.93437,11.82972,2135.57,0.5697,0.292176,3085.542,0.400509489
1682,cm9b01258_si_012_ASR_pacman,0.95575,6.00506,9.68867,3227.8,0.65174,0.681915,2293.02,0.400490452
2714,ic5b00096_si_001_FSR_pacman,0.799337,6.53288,12.68753,3310.46,0.72482,0.906777,7879.052,0.400410856
2713,ic5b00096_si_001_ASR_pacman,0.799337,6.53288,12.68753,3310.46,0.72482,0.906777,7879.052,0.400410856
1310,c9cc06272f2_1_ion_pacman,6.56175,0.44168,1.28719,1028.11,0.14104,0.0214943,1791.199,0.400402297
554,c6cc00589f2_1_FSR_pacman,0.944025,4.1984,11.63496,4414.38,0.67232,0.712185,2778.336,0.400343166
553,c6cc00589f2_1_ASR_pacman,0.944025,4.1984,11.63496,4414.38,0.67232,0.712185,2778.336,0.400343166
1225,c8qi01315b2_FSR_pacman,1.09579,4.49191,9.84213,3215.31,0.68356,0.623807,2554.122,0.400313359
2358,d2sc05742e3_1_FSR_pacman,1.22736,2.67698,11.47154,3569.36,0.59342,0.483492,3015.528,0.400268901
2357,d2sc05742e3_1_ASR_pacman,1.22736,2.67698,11.47154,3569.36,0.59342,0.483492,3015.528,0.400268901
385,am9b05091_si_002_FSR_pacman,0.503016,30.99866,31.51687,3557.76,0.81572,1.62166,7921.122,0.400260445
3012,ja5b00450_si_002_FSR_pacman,2.31664,2.55109,13.43687,1711.11,0.49986,0.21577,9620.187,0.400155842
2961,ja510525s_si_003_FSR_pacman,0.772373,8.37262,11.46996,3456.17,0.7073,0.915749,2668.395,0.400107977
2960,ja510525s_si_003_ASR_pacman,0.772373,8.37262,11.46996,3456.17,0.7073,0.915749,2668.395,0.400107977
3247,ja7b05858_si_011_ASR_pacman,1.31597,11.15103,11.21403,3902.72,0.50678,0.3851,1683.459,0.399924021
3248,ja7b05858_si_011_FSR_pacman,1.31597,11.15103,11.21403,3902.72,0.50678,0.3851,1683.459,0.399924021
1245,c8sc03168a2_ASR_pacman,1.27013,4.96276,10.94578,2338.48,0.67788,0.533708,1376.76,0.399810604
1246,c8sc03168a2_FSR_pacman,1.27013,4.96276,10.94578,2338.48,0.67788,0.533708,1376.76,0.399810604
3512,ja9b04737_si_013_ASR_pacman,1.66895,4.12336,11.23931,2301.05,0.5934,0.355553,1994.742,0.399721177
3513,ja9b04737_si_013_FSR_pacman,1.66895,4.12336,11.23931,2301.05,0.5934,0.355553,1994.742,0.399721177
555,c6cc00589f2_2_ASR_pacman,0.958651,4.09453,11.69505,4420.03,0.66748,0.69627,2778.336,0.399666691
556,c6cc00589f2_2_FSR_pacman,0.958651,4.09453,11.69505,4420.03,0.66748,0.69627,2778.336,0.399666691
2629,d3ta03446a3_4_ASR_pacman,0.849211,6.25619,10.33843,3415.1,0.6945,0.817818,2372.808,0.399522135
3404,ja8b07411_si_003_8_ASR_pacman,0.690693,5.5903,14.50604,3685.31,0.73746,1.06771,4914.01,0.399371496
3405,ja8b07411_si_003_8_FSR_pacman,0.690693,5.5903,14.50604,3685.31,0.73746,1.06771,4914.01,0.399371496
3117,ja7b00219_si_006_FSR_pacman,1.02864,7.32578,9.49986,3611.62,0.60768,0.590763,2552.355,0.399361565
661,c7cc02470c2_1_ASR_pacman,1.43869,5.72324,9.44892,3077.01,0.63022,0.438051,10401.888,0.399251896
507,c5dt04943a2_1_FSR_pacman,0.805932,5.43322,11.21256,3771.45,0.71922,0.892408,5088.564,0.399247677
788,c7dt01450c2_ASR_pacman,1.29576,4.74595,10.48428,2551.35,0.6304,0.48651,3566.886,0.399245674
3647,jp302979a_si_002_FSR_pacman,1.16205,3.18095,9.90715,3288.26,0.65022,0.559545,4531.726,0.399048248
1741,d0cc02841j2_5_ASR_pacman,1.54305,5.6436,11.68686,1727.03,0.72658,0.470874,2267.416,0.399044583
2778,ic7b00292_si_003_ASR_pacman,0.641798,9.87639,24.47715,2707.02,0.81926,1.27651,8839.444,0.399027991
2779,ic7b00292_si_003_FSR_pacman,0.641798,9.87639,24.47715,2707.02,0.81926,1.27651,8839.444,0.399027991
1180,c8mh00302e2_2_FSR_pacman,1.21255,7.83506,8.96229,3547.61,0.61142,0.504242,2559.356,0.399021841
414,an9b01534_si_002_FSR_pacman,1.02249,5.99059,9.82581,3666.65,0.6202,0.606561,9290.756,0.398958825
361,am8b19815_si_002_1_ASR_pacman,0.731635,8.52299,12.10107,4051.93,0.71428,0.976279,4571.646,0.398954387
856,c7fd00224f1_FSR_pacman,1.79423,2.48132,11.10182,1897.34,0.63736,0.355228,1976.183,0.398915908
855,c7fd00224f1_ASR_pacman,1.79423,2.48132,11.10182,1897.34,0.63736,0.355228,1976.183,0.398915908
3111,ja7b00219_si_003_FSR_pacman,1.5339,5.81694,10.72272,1942.23,0.63678,0.415139,2996.082,0.398880213
2731,ic5b02316_si_002_2_FSR_pacman,1.25799,3.65035,10.32872,2844.2,0.63046,0.501164,2212.588,0.398840563
1323,c9ce00098d2_3_ASR_pacman,1.60794,8.49336,9.28697,2481.74,0.61998,0.385574,1949.148,0.39877549
1678,cm9b01258_si_010_ASR_pacman,0.947826,6.24309,9.5279,3229.5,0.65388,0.689873,2293.02,0.398773905
3159,ja7b01559_si_003_FSR_pacman,0.749118,5.1109,10.94988,4112.18,0.6979,0.931628,6626.406,0.398770137
3158,ja7b01559_si_003_ASR_pacman,0.749118,5.1109,10.94988,4112.18,0.6979,0.931628,6626.406,0.398770137
3115,ja7b00219_si_005_FSR_pacman,1.7014,8.26027,9.93171,1826.83,0.61958,0.364159,4158.57,0.398705607
2561,d3qi00480e3_2_FSR_pacman,0.353368,13.04161,14.46285,4557.08,0.85228,2.41188,3597.976,0.398673033
494,c5dt03710g2_4_ASR_pacman,1.21022,7.64304,9.52536,2714.1,0.66298,0.547816,583.264,0.398670004
495,c5dt03710g2_4_FSR_pacman,1.21022,7.64304,9.52536,2714.1,0.66298,0.547816,583.264,0.398670004
753,c7ce01447c2_3_ASR_pacman,1.02847,6.9091,9.32937,3596.86,0.62258,0.605346,6249.896,0.398629607
754,c7ce01447c2_3_FSR_pacman,1.02847,6.9091,9.32937,3596.86,0.62258,0.605346,6249.896,0.398629607
493,c5dt03710g2_3_FSR_pacman,1.21051,7.63792,9.5217,2715.27,0.6631,0.547786,583.264,0.398616821
492,c5dt03710g2_3_ASR_pacman,1.21051,7.63792,9.5217,2715.27,0.6631,0.547786,583.264,0.398616821
509,c5dt04943a2_2_FSR_pacman,0.637757,5.41375,12.04309,4800.38,0.74486,1.16794,5088.564,0.398598102
2332,d2qi02366k2_FSR_pacman,1.60281,8.13453,10.20514,1997.61,0.68464,0.427149,1933.728,0.398522589
3478,ja9b00232_si_002_ASR_pacman,1.05124,5.25976,9.98409,2936.77,0.6657,0.633254,2119.344,0.398474918
3479,ja9b00232_si_002_FSR_pacman,1.05124,5.25976,9.98409,2936.77,0.6657,0.633254,2119.344,0.398474918
491,c5dt03710g2_2_FSR_pacman,1.21099,7.63243,9.52109,2711.78,0.66338,0.547798,583.264,0.398461973
490,c5dt03710g2_2_ASR_pacman,1.21099,7.63243,9.52109,2711.78,0.66338,0.547798,583.264,0.398461973
1023,c8cc09474h2_2_ASR_pacman,2.479,4.0248,12.05985,1714.43,0.54222,0.218725,3277.53,0.398292738
489,c5dt03710g2_1_FSR_pacman,1.21147,7.62717,9.52692,2704.28,0.66384,0.547962,583.264,0.398266644
488,c5dt03710g2_1_ASR_pacman,1.21147,7.62717,9.52692,2704.28,0.66384,0.547962,583.264,0.398266644
30,13738_2020_1931_MOESM1_ESM_ASR_pacman,1.29478,9.10459,10.51625,3349.42,0.52422,0.404872,4618.222,0.398223403
2564,d3qi00644a2_1_ion_pacman,1.37039,7.03354,9.34935,2827.67,0.6259,0.456733,875.575,0.398060938
3502,ja9b04737_si_008_ASR_pacman,0.849898,13.07658,14.90986,2680.03,0.78188,0.919969,2594.116,0.398038087
3051,ja6b04971_si_002_6_FSR_pacman,0.711351,5.86497,13.25689,4187.15,0.74072,1.04129,13066.872,0.39792588
3515,ja9b05191_si_002_FSR_pacman,0.700923,11.10915,14.25232,4061.6,0.71428,1.01906,5866.056,0.397907584
3514,ja9b05191_si_002_ASR_pacman,0.700923,11.10915,14.25232,4061.6,0.71428,1.01906,5866.056,0.397907584
2160,d1dt03950d2_2_ASR_pacman,0.822078,7.73568,11.85169,3572.63,0.72506,0.881985,4500.009,0.397905558
3543,ja9b06187_si_003_ASR_pacman,1.81101,5.87885,10.57322,1770.79,0.67358,0.371936,2522.672,0.397858695
2860,ja0c07251_si_003_FSR_pacman,0.689179,7.68686,12.10637,4512.45,0.71108,1.03178,2079.364,0.397763102
2859,ja0c07251_si_003_ASR_pacman,0.689179,7.68686,12.10637,4512.45,0.71108,1.03178,2079.364,0.397763102
745,c7ce01138e2_2_ASR_pacman,0.74754,7.39221,11.60306,4072.84,0.71766,0.960029,1414.834,0.397700265
746,c7ce01138e2_2_FSR_pacman,0.74754,7.39221,11.60306,4072.84,0.71766,0.960029,1414.834,0.397700265
1132,c8dt01017j2_3_ASR_pacman,0.803637,4.8171,10.42238,4009.76,0.69902,0.869821,3260.598,0.397580229
2737,ic5b02316_si_002_5_FSR_pacman,1.22874,5.9826,10.05744,2575.14,0.64626,0.525954,2084.596,0.397481676
2736,ic5b02316_si_002_5_ASR_pacman,1.22874,5.9826,10.05744,2575.14,0.64626,0.525954,2084.596,0.397481676
2914,ja406030p_si_007_FSR_pacman,0.895071,6.61797,10.35123,3499.84,0.71162,0.795043,5199.12,0.397456737
2560,d3qi00480e3_2_ASR_pacman,0.341485,13.04161,15.24585,4443.49,0.85852,2.51407,3469.984,0.397348099
808,c7dt02231j2_5_FSR_pacman,0.755797,9.25453,11.77842,4126.23,0.7173,0.949064,9123.942,0.397158027
3494,ja9b03914_si_002_ASR_pacman,0.813734,20.39373,21.70488,3867.07,0.70556,0.867065,9413.608,0.397088773
2733,ic5b02316_si_002_3_FSR_pacman,1.3257,6.0622,10.23322,2372.68,0.64968,0.490067,2212.588,0.396973293
1021,c8cc09474h2_1_ASR_pacman,2.42854,4.00759,12.01288,1750.59,0.54174,0.223073,6316.81,0.396972053
1029,c8cc09474h2_5_ASR_pacman,2.42854,4.01686,12.01577,1749.5,0.54138,0.222924,6316.81,0.396955884
573,c6cc10217d2_3_FSR_pacman,0.954964,8.31739,8.63266,3615.8,0.63028,0.660004,876.096,0.39694104
572,c6cc10217d2_3_ASR_pacman,0.954964,8.31739,8.63266,3615.8,0.63028,0.660004,876.096,0.39694104
3545,ja9b06187_si_004_ASR_pacman,1.64372,5.93181,10.61368,1958.14,0.67908,0.413136,2392.479,0.396929839
1288,c9cc02324k2_2_ASR_pacman,1.12363,5.96101,9.26851,3157.15,0.64704,0.575849,5529.606,0.396922622
1174,c8dt05136d2_2_ASR_pacman,0.473654,7.53108,7.73773,4942.04,0.7728,1.63157,883.988,0.396630665
1175,c8dt05136d2_3_ASR_pacman,0.481811,7.35932,7.62287,4962.34,0.76972,1.59755,883.988,0.396478113
1695,cs0c01844_si_002_FSR_pacman,0.943983,10.59718,14.13001,1970.59,0.7985,0.845884,8419.349,0.396476646
2307,d2me00259k2_1_ASR_pacman,0.925344,6.14443,11.77449,4363.82,0.6208,0.670886,31955.004,0.396356696
388,am9b05655_si_003_FSR_pacman,0.862439,6.06201,10.58448,4213.9,0.6482,0.75159,5592.942,0.396333322
387,am9b05655_si_003_ASR_pacman,0.862439,6.06201,10.58448,4213.9,0.6482,0.75159,5592.942,0.396333322
3467,ja8b13397_si_001_FSR_pacman,1.77893,8.67984,9.46141,2432.22,0.58602,0.329424,3713.6,0.396180129
2992,ja512311a_si_010_FSR_pacman,0.865416,7.69561,11.54469,3058.76,0.71776,0.829382,10016.515,0.396063139
2991,ja512311a_si_010_ASR_pacman,0.865416,7.69561,11.54469,3058.76,0.71776,0.829382,10016.515,0.396063139
286,am7b07920_si_002_3_FSR_pacman,0.830473,5.90891,10.14004,4175.99,0.68502,0.824856,2397.812,0.395970647
1519,c9sc03080h2_FSR_pacman,0.783056,5.94166,10.12734,3902.7,0.69574,0.888494,4857.132,0.395938316
1421,c9dt01778j2_ASR_pacman,0.806834,6.64145,10.80327,3749.14,0.71808,0.889997,3362.52,0.395721899
403,am9b20623_si_001_ASR_pacman,1.3104,4.98833,11.0666,2250.02,0.70174,0.535515,1654.236,0.395605201
2856,ja0c07081_si_006_FSR_pacman,0.76341,6.72941,16.0055,3190.25,0.75354,0.987071,10024.748,0.395539285
3551,ja9b06711_si_003_ASR_pacman,0.889411,7.43761,12.69089,3024.68,0.73608,0.827604,7275.462,0.395317746
3271,ja7b07921_si_002_2_ASR_pacman,0.640046,5.87539,19.5052,3884.76,0.76114,1.1892,7616.323,0.395268508
3272,ja7b07921_si_002_2_FSR_pacman,0.640046,5.87539,19.5052,3884.76,0.76114,1.1892,7616.323,0.395268508
2791,ic9b01887_si_001_ion_pacman,0.9964,7.7406,8.61935,3341.09,0.63914,0.641449,4346.964,0.395165821
359,am8b19211_si_005_ASR_pacman,0.318981,12.0148,27.2218,3577.04,0.87754,2.75107,4877.202,0.395158139
360,am8b19211_si_005_FSR_pacman,0.318981,12.0148,27.2218,3577.04,0.87754,2.75107,4877.202,0.395158139
302,am7b16163_si_001_FSR_pacman,0.693874,21.41095,22.61381,3601.05,0.74132,1.06838,8906.148,0.395037482
2792,ic9b01887_si_002_ion_pacman,1.01838,7.78727,8.58084,3321.41,0.63682,0.625327,4345.044,0.395000948
1648,cm5b03723_si_005_FSR_pacman,0.677788,7.3388,12.71164,4266.87,0.72908,1.07568,8888.004,0.39493913
2576,d3qi01120h2_FSR_pacman,0.973999,6.87617,10.58178,4088.18,0.60614,0.622321,4785.518,0.394904469
1451,c9dt04047a2_FSR_pacman,0.764105,5.51555,11.32889,3885.75,0.72756,0.952173,1683.12,0.394900202
2380,d3cc00278k2_1_ASR_pacman,1.91975,5.62817,10.21229,1719.87,0.6522,0.339732,3218.36,0.394887011
2315,d2nr07151g2_ASR_pacman,1.35701,7.99363,9.8546,3277.3,0.55684,0.410342,1864.592,0.394881691
2316,d2nr07151g2_FSR_pacman,1.35701,7.99363,9.8546,3277.3,0.55684,0.410342,1864.592,0.394881691
1289,c9cc02324k2_2_FSR_pacman,1.14781,5.57782,9.26851,3188.73,0.63724,0.555177,5593.602,0.394813504
1347,c9ce01018a2_3_ASR_pacman,0.825668,5.22327,10.58542,3633.48,0.71778,0.869333,3200.568,0.394800372
280,am7b07901_si_002_FSR_pacman,1.08581,5.31115,9.73396,2925.3,0.67392,0.620659,2177.826,0.394737698
279,am7b07901_si_002_ASR_pacman,1.08581,5.31115,9.73396,2925.3,0.67392,0.620659,2177.826,0.394737698
3544,ja9b06187_si_003_FSR_pacman,1.90463,5.10035,10.40764,1961.37,0.63526,0.333535,2906.648,0.394623764
2313,d2nj03911g2_ASR_pacman,0.947167,7.56842,9.47023,4067.75,0.63562,0.671075,1296.711,0.394533202
2858,ja0c07081_si_007_FSR_pacman,0.762818,6.84565,16.17442,3159.74,0.75566,0.990617,7103.044,0.394275619
2206,d1qi00349f3_6_FSR_pacman,0.846702,6.34685,9.63537,4089.63,0.6945,0.820242,6158.201,0.394174435
1390,c9dt00233b2_ASR_pacman,0.790043,7.81139,10.31801,4433.5,0.67564,0.855194,8695.696,0.394091104
479,c5dt03710g2_11_FSR_pacman,0.946025,7.39489,8.61263,3641.03,0.6735,0.711926,1138.304,0.394085264
478,c5dt03710g2_11_ASR_pacman,0.946025,7.39489,8.61263,3641.03,0.6735,0.711926,1138.304,0.394085264
284,am7b07920_si_002_2_FSR_pacman,0.857675,5.77035,9.69245,4075.32,0.67764,0.79009,2409.908,0.394053366
2221,d1sc03108b2_ASR_pacman,0.97732,7.26113,8.55035,3581.75,0.66132,0.676667,571.168,0.393914389
2222,d1sc03108b2_FSR_pacman,0.97732,7.26113,8.55035,3581.75,0.66132,0.676667,571.168,0.393914389
2241,d2cc02041f2_2_ASR_pacman,0.999329,5.35228,9.21563,3406.11,0.68556,0.68602,6911.648,0.393904473
2242,d2cc02041f2_2_FSR_pacman,0.999329,5.35228,9.21563,3406.11,0.68556,0.68602,6911.648,0.393904473
2142,d1dt00947h2_ion_pacman,1.04566,7.23567,9.24448,3952.06,0.62956,0.602072,2892.348,0.393798966
3028,ja5b02999_si_006_FSR_pacman,0.775752,10.17515,13.21222,3633.01,0.73164,0.943137,2899.84,0.393794258
3113,ja7b00219_si_004_FSR_pacman,1.5366,5.94004,10.31084,2019.24,0.62534,0.406963,2966.334,0.393769468
1508,c9sc00606k2_3_ASR_pacman,0.971413,7.56994,8.91109,3863.66,0.6346,0.653275,875.024,0.393750756
1509,c9sc00606k2_3_FSR_pacman,0.971413,7.56994,8.91109,3863.66,0.6346,0.653275,875.024,0.393750756
2805,ja0c00542_si_006_ASR_pacman,2.61691,6.87094,9.50039,1274.63,0.54354,0.207703,6106.143,0.393661726
2806,ja0c00542_si_006_FSR_pacman,2.61691,6.87094,9.50039,1274.63,0.54354,0.207703,6106.143,0.393661726
2048,d0sc03727c2_4_ASR_pacman,0.326818,14.48327,28.05026,3736.52,0.87768,2.68553,19482.048,0.393585996
1130,c8dt01017j2_2_ASR_pacman,0.764842,5.30368,10.63768,3937.02,0.71984,0.941162,3260.598,0.393449503
1747,d0cc03472j2_1_FSR_pacman,1.33311,8.0647,9.17652,3381.43,0.5785,0.433948,1773.642,0.393437439
1203,c8qi00469b2_1_ASR_pacman,0.671515,9.96908,15.67823,4442.55,0.73496,1.09448,4021.408,0.393386557
646,c6ta10785k2_2_ASR_pacman,1.07093,5.11171,9.81496,2858.22,0.67322,0.628633,2139.144,0.39333649
647,c6ta10785k2_2_FSR_pacman,1.07093,5.11171,9.81496,2858.22,0.67322,0.628633,2139.144,0.39333649
3218,ja7b04132_si_002_ASR_pacman,1.75783,7.75143,10.65872,1897.46,0.54402,0.309484,4243.578,0.39332206
2337,d2sc00188h2_1_ASR_pacman,1.04896,5.25574,10.0914,3909.92,0.62238,0.593328,3743.158,0.39329486
2338,d2sc00188h2_1_FSR_pacman,1.04896,5.25574,10.0914,3909.92,0.62238,0.593328,3743.158,0.39329486
3679,oc9b00423_si_009_FSR_pacman,0.721026,9.31067,11.38984,4253.97,0.7183,0.996219,8723.42,0.393280293
3596,ja9b10501_si_019_ASR_pacman,0.76543,6.26728,9.84202,4020.8,0.69004,0.901506,4432.029,0.393252388
3597,ja9b10501_si_019_FSR_pacman,0.76543,6.26728,9.84202,4020.8,0.69004,0.901506,4432.029,0.393252388
3546,ja9b06187_si_004_FSR_pacman,1.73654,5.48455,10.13597,2158.33,0.64032,0.368733,2776.455,0.393218665
807,c7dt02231j2_5_ASR_pacman,0.747109,10.66374,11.94798,4075.75,0.72148,0.965696,9021.9,0.393214633
2904,ja4015666_si_003_FSR_pacman,1.04658,8.8541,9.6288,4153.06,0.60706,0.580044,2257.328,0.393205201
2903,ja4015666_si_003_ASR_pacman,1.04658,8.8541,9.6288,4153.06,0.60706,0.580044,2257.328,0.393205201
517,c5nj02634b2_2_FSR_pacman,0.640156,10.20517,11.75458,4762.78,0.73006,1.14044,1967.072,0.393066175
516,c5nj02634b2_2_ASR_pacman,0.640156,10.20517,11.75458,4762.78,0.73006,1.14044,1967.072,0.393066175
3460,ja8b12530_si_002_1_FSR_pacman,0.760275,13.89179,14.11165,3421.23,0.73714,0.96957,4049.104,0.392978663
3344,ja8b05047_si_004_ASR_pacman,1.08884,7.88019,9.05282,3756.24,0.60448,0.555158,2313.471,0.392927985
2999,ja512762r_si_002_FSR_pacman,0.760275,13.89179,14.11165,3423.04,0.73714,0.96957,3768.928,0.392916492
1224,c8qi01315b2_ASR_pacman,1.06135,4.92971,9.84213,3048.28,0.70016,0.659686,2458.128,0.392788246
288,am7b07920_si_002_4_FSR_pacman,0.83653,5.75628,9.75962,4165.3,0.68344,0.816994,2403.86,0.392767448
1019,c8cc07756h2_ASR_pacman,0.948283,4.66991,9.29886,3817.41,0.67238,0.70905,2791.776,0.392735933
1020,c8cc07756h2_FSR_pacman,0.948283,4.66991,9.29886,3817.41,0.67238,0.70905,2791.776,0.392735933
121,S1600576721002843_1_ASR_pacman,0.97312,10.23281,11.86173,4818.47,0.6208,0.637948,1365.456,0.392530963
122,S1600576721002843_1_FSR_pacman,0.97312,10.23281,11.86173,4818.47,0.6208,0.637948,1365.456,0.392530963
3224,ja7b04132_si_005_ASR_pacman,1.68115,8.03616,10.38211,2027.11,0.5511,0.327812,4125.065,0.392421297
2912,ja406030p_si_005_FSR_pacman,0.793138,6.14704,10.52018,3822.49,0.72168,0.909905,4827.48,0.392394291
657,c7cc01554b2_1_ASR_pacman,0.871186,4.95478,10.44951,4202.68,0.65132,0.747624,2067.642,0.392385378
834,c7dt03783j2_1_ASR_pacman,0.872214,5.27689,9.28276,3771.99,0.68434,0.784601,2227.073,0.392317109
541,c5ta03835a2_1_ASR_pacman,0.670312,9.71855,12.4806,4570.86,0.73158,1.0914,3533.824,0.392197296
542,c5ta03835a2_1_FSR_pacman,0.670312,9.71855,12.4806,4570.86,0.73158,1.0914,3533.824,0.392197296
274,am7b01568_si_002_FSR_pacman,0.803874,6.31802,9.97864,3908.14,0.714,0.888199,3752.772,0.392185457
2514,d3dt03348a2_1_FSR_pacman,0.803254,6.11526,11.47861,3316.42,0.72328,0.900437,6716.409,0.392176271
644,c6ta10785k2_1_ASR_pacman,1.17933,4.04646,9.95277,2704.32,0.65086,0.551889,2482.822,0.392134822
645,c6ta10785k2_1_FSR_pacman,1.20009,4.04646,9.95277,2709.26,0.64398,0.53661,2546.818,0.392074984
402,am9b17348_si_002_FSR_pacman,1.44103,3.93312,12.01383,3291.23,0.53944,0.374343,10359.519,0.39184276
2128,d1ce00899d2_1_ASR_pacman,1.15442,4.83662,9.82047,3554.62,0.61042,0.528766,3002.859,0.391823022
2129,d1ce00899d2_1_FSR_pacman,1.15442,4.83662,9.82047,3554.62,0.61042,0.528766,3002.859,0.391823022
2003,d0qi01257b2_ASR_pacman,0.718647,9.6803,15.14441,3882.67,0.73674,1.02518,3055.906,0.391621915
2915,ja406030p_si_008_FSR_pacman,0.820399,6.88572,10.12185,3734.12,0.71776,0.874892,4887.177,0.391594257
3692,tz9b00468_si_001_FSR_pacman,0.745844,9.09617,14.19833,3724.88,0.7388,0.990555,11216.04,0.391586889
3691,tz9b00468_si_001_ASR_pacman,0.745844,9.09617,14.19833,3724.88,0.7388,0.990555,11216.04,0.391586889
2147,d1dt02515e2_1_FSR_pacman,1.13211,6.42748,9.60663,2838.88,0.69104,0.610402,2453.572,0.391483161
1492,c9ra06984d2_2_ASR_pacman,2.08762,3.71463,11.28863,1636.91,0.54954,0.263238,2127.793,0.391464019
1493,c9ra06984d2_2_FSR_pacman,2.08762,3.71463,11.28863,1636.91,0.54954,0.263238,2127.793,0.391464019
481,c5dt03710g2_12_FSR_pacman,0.968429,7.21174,8.3662,3601.45,0.66556,0.687257,1138.304,0.3913155
480,c5dt03710g2_12_ASR_pacman,0.968429,7.21174,8.3662,3601.45,0.66556,0.687257,1138.304,0.3913155
2343,d2sc00188h2_4_ASR_pacman,1.06706,6.35108,9.18209,3723.53,0.6218,0.582725,3791.202,0.391311078
2344,d2sc00188h2_4_FSR_pacman,1.06706,6.35108,9.18209,3723.53,0.6218,0.582725,3791.202,0.391311078
3541,ja9b06179_si_004_ASR_pacman,0.714488,13.02551,15.5457,2467.95,0.79712,1.11565,3771.401,0.391301749
3542,ja9b06179_si_004_FSR_pacman,0.714488,13.02551,15.5457,2467.95,0.79712,1.11565,3771.401,0.391301749
3274,ja7b07921_si_002_3_FSR_pacman,0.619843,5.27256,21.76246,3807.11,0.77514,1.25054,7615.315,0.391262718
3273,ja7b07921_si_002_3_ASR_pacman,0.619843,5.27256,21.76246,3807.11,0.77514,1.25054,7615.315,0.391262718
2559,d3qi00480e3_1_FSR_pacman,0.692481,9.29494,10.17867,4763.9,0.70168,1.01328,1798.988,0.391157442
1417,c9dt01677e2_1_ASR_pacman,0.835501,6.26802,10.10964,3538.21,0.71408,0.854672,6963.736,0.391149085
603,c6dt03852b2_FSR_pacman,0.792011,10.05368,11.85327,3184.27,0.72564,0.9162,3752.12,0.391147874
3403,ja8b07411_si_003_7_FSR_pacman,0.690236,6.13678,13.60074,3668.85,0.7393,1.07108,4829.848,0.391119678
3503,ja9b04737_si_008_FSR_pacman,0.888076,12.31007,13.17534,2737.83,0.76582,0.862336,2850.1,0.391114541
257,am0c12867_si_002_ASR_pacman,1.04118,5.70112,9.25392,3851.5,0.6392,0.613917,3414.288,0.391077659
258,am0c12867_si_002_FSR_pacman,1.04118,5.70112,9.25392,3851.5,0.6392,0.613917,3414.288,0.391077659
2402,d3cc02839a2_ASR_pacman,0.794141,4.79564,9.72146,4041.51,0.69938,0.880674,1447.546,0.390994929
3283,ja7b09496_si_008_FSR_pacman,1.03544,8.11403,9.87101,2870.93,0.70702,0.682818,3582.708,0.3909049
2913,ja406030p_si_006_FSR_pacman,0.798161,7.06186,10.85306,3711.52,0.7268,0.910593,4830.264,0.390830488
1069,c8ce00779a2_2_FSR_pacman,0.574531,9.04149,11.81022,4767.78,0.75954,1.32202,3254.88,0.3907781
1518,c9sc03080h2_ASR_pacman,0.74516,7.72477,10.12734,3869.14,0.71,0.952815,4601.148,0.390683155
370,am8b22385_si_002_FSR_pacman,0.743118,7.54957,11.91695,3977.2,0.73532,0.989506,2344.268,0.390646963
2146,d1dt02515e2_1_ASR_pacman,1.10934,6.62749,9.91169,2781.58,0.70092,0.631833,2389.576,0.390606069
1619,cg900153m_si_001_FSR_pacman,0.64875,4.80271,13.15249,4246.47,0.76026,1.17189,32235.184,0.390547258
2359,d2sc05742e3_5_FSR_pacman,1.139,2.61323,11.42727,3812.22,0.59446,0.521914,3051.516,0.390487412
2782,ic7b00292_si_005_ASR_pacman,0.643526,9.54143,24.20405,2759.11,0.81924,1.27305,8671.384,0.390485194
2783,ic7b00292_si_005_FSR_pacman,0.643526,9.54143,24.20405,2759.11,0.81924,1.27305,8671.384,0.390485194
2857,ja0c07081_si_007_ASR_pacman,0.755581,6.84565,16.17442,3143.76,0.75886,1.00434,7007.05,0.390445853
301,am7b16163_si_001_ASR_pacman,0.628746,21.41095,22.61381,3441.98,0.77458,1.23194,8341.854,0.390287541
3688,se7b00236_si_002_FSR_pacman,0.656184,7.48036,19.33332,3538.77,0.75588,1.15193,7230.96,0.390265439
131,S2052252522002147_5_ASR_pacman,1.66143,5.13901,9.66941,2757.2,0.6116,0.368118,12657.888,0.390200067
132,S2052252522002147_5_FSR_pacman,1.66143,5.13901,9.66941,2757.2,0.6116,0.368118,12657.888,0.390200067
2342,d2sc00188h2_3_FSR_pacman,1.06222,5.94343,9.37351,3783.62,0.62076,0.584401,3815.224,0.389912204
2341,d2sc00188h2_3_ASR_pacman,1.06222,5.94343,9.37351,3783.62,0.62076,0.584401,3815.224,0.389912204
2757,ic6b01211_si_002_FSR_pacman,0.864372,4.33941,9.38529,3963.73,0.68238,0.789451,5160.555,0.389844773
1690,cr6b00346_si_001_ASR_pacman,0.906382,3.80855,9.19904,3761.02,0.69564,0.767491,3482.484,0.389773685
1691,cr6b00346_si_001_FSR_pacman,0.906382,3.80855,9.19904,3761.02,0.69564,0.767491,3482.484,0.389773685
351,am8b16926_si_002_ASR_pacman,1.03288,6.62108,9.20772,3935.54,0.6285,0.608492,13244.784,0.38976149
352,am8b16926_si_002_FSR_pacman,1.03288,6.62108,9.20772,3935.54,0.6285,0.608492,13244.784,0.38976149
2759,ic6b01211_si_003_FSR_pacman,0.864372,4.31513,9.39467,3977.14,0.68168,0.788642,5160.555,0.389669857
2901,ja4015666_si_002_ASR_pacman,1.00958,8.89332,9.63988,4234.15,0.60776,0.601991,2210.476,0.389665
2902,ja4015666_si_002_FSR_pacman,1.00958,8.89332,9.63988,4234.15,0.60776,0.601991,2210.476,0.389665
793,c7dt01595j2_ASR_pacman,0.834798,5.87463,11.47017,3286.6,0.7312,0.875901,1612.29,0.389640166
1574,cg3002866_si_001_ion_pacman,0.919423,4.60611,9.84706,4167.69,0.6634,0.721539,31530.352,0.389619231
3034,ja5b11079_si_002_FSR_pacman,0.630096,6.98986,14.16979,4312.86,0.7517,1.19299,11000.992,0.389606007
3003,ja512762r_si_004_FSR_pacman,0.842587,7.77623,8.7587,3650.6,0.6927,0.822111,4273.56,0.389462411
3002,ja512762r_si_004_ASR_pacman,0.842587,7.77623,8.7587,3650.6,0.6927,0.822111,4273.56,0.389462411
1345,c9ce00988d2_5_ASR_pacman,0.925952,6.16951,10.31523,4171.53,0.62278,0.672584,17290.958,0.38941215
1346,c9ce00988d2_5_FSR_pacman,0.925952,6.16951,10.31523,4171.53,0.62278,0.672584,17290.958,0.38941215
2543,d3nr03302c2_2_ASR_pacman,1.39579,6.91682,8.80718,3039.93,0.61178,0.438304,4164.656,0.389397461
2544,d3nr03302c2_2_FSR_pacman,1.39579,6.91682,8.80718,3039.93,0.61178,0.438304,4164.656,0.389397461
1336,c9ce00732f2_2_FSR_pacman,0.632646,5.84003,13.04652,4391.22,0.76148,1.20364,7900.156,0.389397073
1123,c8dt00502h2_2_ASR_pacman,0.988719,6.39718,9.14743,4000.72,0.64226,0.649588,2470.48,0.389391075
1124,c8dt00502h2_2_FSR_pacman,0.988719,6.39718,9.14743,4000.72,0.64226,0.649588,2470.48,0.389391075
3453,ja8b12530_si_001_2_ASR_pacman,0.498086,29.26452,30.74228,3540.55,0.81824,1.64277,6457.992,0.38930768
973,c8cc01559g2_1_FSR_pacman,1.7965,7.22719,9.61865,1846.02,0.6076,0.338212,6443.887,0.38930022
972,c8cc01559g2_1_ASR_pacman,1.7965,7.22719,9.61865,1846.02,0.6076,0.338212,6443.887,0.38930022
3678,oc9b00423_si_009_ASR_pacman,0.707099,11.02928,12.35311,4182.78,0.72474,1.02495,8579.3,0.389250136
1099,c8ce01585f2_ASR_pacman,1.44159,3.18687,10.69711,2540.08,0.59372,0.41185,1894.506,0.3892385
3409,ja8b08433_si_001_FSR_pacman,0.820412,6.45982,8.86944,3764.36,0.676,0.823976,5310.288,0.389085409
3408,ja8b08433_si_001_ASR_pacman,0.820412,6.45982,8.86944,3764.36,0.676,0.823976,5310.288,0.389085409
1681,cm9b01258_si_011_FSR_pacman,1.01568,6.15403,8.92543,3283.68,0.62774,0.618048,4842.024,0.3890671
810,c7dt02231j2_6_FSR_pacman,0.738554,8.70519,11.79887,3996.36,0.73324,0.992804,9007.704,0.388846755
3660,la304204k_si_002_ASR_pacman,0.981285,5.96056,8.64946,3647.61,0.653,0.665454,1342.236,0.388779112
3661,la304204k_si_002_FSR_pacman,0.981285,5.96056,8.64946,3647.61,0.653,0.665454,1342.236,0.388779112
3501,ja9b04737_si_007_FSR_pacman,1.06206,7.09104,8.75954,3036.47,0.6764,0.636874,3815.352,0.388645634
3590,ja9b10501_si_016_ASR_pacman,0.672478,7.01699,10.25561,4309.52,0.7122,1.05907,4315.879,0.388577035
3591,ja9b10501_si_016_FSR_pacman,0.672478,7.01699,10.25561,4309.52,0.7122,1.05907,4315.879,0.388577035
636,c6ta06037d2_ASR_pacman,0.831575,6.06331,11.66459,3274.55,0.7344,0.883143,1612.29,0.388563017
1880,d0ce01593h2_3_ASR_pacman,0.833811,5.75389,9.84391,4214.25,0.65524,0.785837,4677.78,0.388546622
31,13738_2020_1931_MOESM1_ESM_FSR_pacman,1.32943,9.10459,10.51625,3363.22,0.51032,0.383864,4762.342,0.388544361
3589,ja9b10501_si_015_FSR_pacman,0.672189,6.83148,10.26154,4670.56,0.69552,1.03471,4330.811,0.388301528
3588,ja9b10501_si_015_ASR_pacman,0.672189,6.83148,10.26154,4670.56,0.69552,1.03471,4330.811,0.388301528
1422,c9dt01778j2_FSR_pacman,0.857315,6.22436,8.82505,4007.23,0.69158,0.806681,3578.7,0.388289633
837,c7dt03783j2_3_FSR_pacman,0.837631,7.058,8.66927,3915.82,0.69302,0.827357,2457.592,0.388150071
133,S2052252522002147_6_ASR_pacman,1.7033,5.14823,9.63708,2686.8,0.61048,0.35841,12657.888,0.388114619
134,S2052252522002147_6_FSR_pacman,1.7033,5.14823,9.63708,2686.8,0.61048,0.35841,12657.888,0.388114619
1923,d0dt02233k2_2_FSR_pacman,0.780495,9.23952,11.30885,3851.36,0.73308,0.93925,1232.996,0.388052794
2855,ja0c07081_si_006_ASR_pacman,0.748804,6.72941,16.0055,3160.53,0.75974,1.0146,9832.76,0.388044269
1101,c8ce01740a2_ASR_pacman,0.727553,9.22078,10.51317,4082.08,0.72272,0.993358,2152.55,0.387963906
1102,c8ce01740a2_FSR_pacman,0.727553,9.22078,10.51317,4082.08,0.72272,0.993358,2152.55,0.387963906
166,aav4119_data_file_s7_FSR_pacman,0.836598,5.45536,9.08328,4048.9,0.68918,0.823788,13916.598,0.387935687
2487,d3dt00422h2_2_ASR_pacman,0.774243,4.9261,10.10364,4312.83,0.67098,0.866627,6910.308,0.387902099
3207,ja7b03113_si_002_ASR_pacman,1.27679,4.07267,10.06174,2936.99,0.599,0.469145,8095.948,0.387832469
3208,ja7b03113_si_002_FSR_pacman,1.27679,4.07267,10.06174,2936.99,0.599,0.469145,8095.948,0.387832469
2511,d3dt03137c2_ASR_pacman,1.14845,6.87463,9.4035,2708.01,0.68806,0.599121,1696.904,0.38777971
508,c5dt04943a2_2_ASR_pacman,0.590817,5.78153,12.04309,4516.86,0.7678,1.29956,4782.438,0.387776359
2965,ja5111317_si_002_FSR_pacman,0.673195,7.86502,20.99099,2782.61,0.7917,1.17603,4118.811,0.38775282
2964,ja5111317_si_002_ASR_pacman,0.673195,7.86502,20.99099,2782.61,0.7917,1.17603,4118.811,0.38775282
384,am9b04768_si_004_FSR_pacman,5.07116,3.87728,6.40559,921.569,0.30972,0.0610748,1568.396,0.387678638
383,am9b04768_si_004_ASR_pacman,5.07116,3.87728,6.40559,921.569,0.30972,0.0610748,1568.396,0.387678638
3036,ja5b11079_si_003_FSR_pacman,0.625053,6.98972,14.41353,4304.31,0.75662,1.21049,11075.808,0.387634911
1746,d0cc02841j2_7_FSR_pacman,4.16437,3.55861,6.21355,929.495,0.51494,0.123654,2201.54,0.38752459
3402,ja8b07411_si_003_7_ASR_pacman,0.681225,6.17644,13.60074,3657.45,0.74268,1.09021,4765.852,0.387479862
2547,d3nr03302c2_4_ASR_pacman,1.39882,6.96197,8.7267,3103.07,0.60608,0.433278,4192.5,0.387341286
2548,d3nr03302c2_4_FSR_pacman,1.39882,6.96197,8.7267,3103.07,0.60608,0.433278,4192.5,0.387341286
2943,ja501810r_si_002_ASR_pacman,0.767421,5.72935,11.88646,3509.21,0.73878,0.962679,4782.438,0.387254617
3499,ja9b04737_si_004_FSR_pacman,1.1355,8.4742,9.72181,2561.31,0.70786,0.623389,3454.716,0.387165571
382,am9b04768_si_003_FSR_pacman,5.09596,3.77654,6.302,927.632,0.30586,0.0600201,1315.596,0.387118219
381,am9b04768_si_003_ASR_pacman,5.09596,3.77654,6.302,927.632,0.30586,0.0600201,1315.596,0.387118219
648,c6ta11110f2_2_FSR_pacman,0.628483,8.83129,9.76047,4657.98,0.73288,1.16611,1873.132,0.387017482
2546,d3nr03302c2_3_FSR_pacman,1.40062,7.00323,8.64069,3017.67,0.61276,0.437492,3556.8,0.387016946
2545,d3nr03302c2_3_ASR_pacman,1.40062,7.00323,8.64069,3017.67,0.61276,0.437492,3556.8,0.387016946
592,c6ce02281b2_ASR_pacman,0.757644,7.61031,11.64202,3749.93,0.73608,0.971538,4364.91,0.387006083
3019,ja5b02999_si_002_ASR_pacman,0.686355,16.70286,16.87783,2895.79,0.81582,1.18863,2838.282,0.386994062
165,aav4119_data_file_s7_ASR_pacman,0.80984,5.47902,9.08328,3948.98,0.70338,0.868542,13548.621,0.386942042
482,c5dt03710g2_13_ASR_pacman,0.98092,7.05182,8.06729,3629.41,0.65832,0.671125,1138.304,0.386941838
483,c5dt03710g2_13_FSR_pacman,0.98092,7.05182,8.06729,3629.41,0.65832,0.671125,1138.304,0.386941838
1449,c9dt04046c2_1_FSR_pacman,1.01619,5.77891,8.94129,4041,0.65514,0.6447,2257.334,0.386907118
2202,d1nj06140b2_FSR_pacman,1.17741,4.91853,9.46557,2904.83,0.62026,0.5268,1450.832,0.386890401
2201,d1nj06140b2_ASR_pacman,1.17741,4.91853,9.46557,2904.83,0.62026,0.5268,1450.832,0.386890401
158,aav4119_data_file_s3_FSR_pacman,0.83895,5.49112,8.90647,3997.93,0.69012,0.8226,13916.598,0.38688067
540,c5sc04461h2_6_FSR_pacman,0.633022,6.23993,7.78772,5490.28,0.69506,1.098,2942.996,0.386867641
539,c5sc04461h2_6_ASR_pacman,0.633022,6.23993,7.78772,5490.28,0.69506,1.098,2942.996,0.386867641
162,aav4119_data_file_s5_FSR_pacman,0.837924,5.46542,8.9444,4037.57,0.68914,0.822438,13916.598,0.386836505
355,am8b19211_si_003_ASR_pacman,0.676545,7.40708,19.33464,2562.13,0.79014,1.1679,3989.307,0.386805346
356,am8b19211_si_003_FSR_pacman,0.676545,7.40708,19.33464,2562.13,0.79014,1.1679,3989.307,0.386805346
2780,ic7b00292_si_004_ASR_pacman,0.641798,9.37536,24.16241,2771.35,0.82096,1.27916,8671.384,0.386767954
2781,ic7b00292_si_004_FSR_pacman,0.641798,9.37536,24.16241,2771.35,0.82096,1.27916,8671.384,0.386767954
902,c7ra02122d2_ASR_pacman,0.748615,6.64891,10.36263,3886.47,0.72718,0.971367,3356.592,0.386730038
160,aav4119_data_file_s4_FSR_pacman,0.838293,5.37902,8.92781,4015.18,0.68938,0.822362,13916.598,0.386690375
538,c5sc04461h2_5_FSR_pacman,0.633022,6.23011,7.65722,5495.86,0.6951,1.09807,2942.996,0.386629883
537,c5sc04461h2_5_ASR_pacman,0.633022,6.23011,7.65722,5495.86,0.6951,1.09807,2942.996,0.386629883
2567,d3qi00644a2_3_ASR_pacman,1.19495,6.75151,9.7175,2637.47,0.70418,0.589299,8019.832,0.386471194
2568,d3qi00644a2_3_FSR_pacman,1.19495,6.75151,9.7175,2637.47,0.70418,0.589299,8019.832,0.386471194
156,aav4119_data_file_s2_FSR_pacman,0.84452,5.3593,8.90841,4030.54,0.68676,0.813196,13916.598,0.386423946
886,c7qi00350a2_FSR_pacman,1.26958,7.31237,8.52568,2844.11,0.63368,0.499125,1972.196,0.386390612
1647,cm5b03723_si_005_ASR_pacman,0.645145,7.44909,14.22819,4070.39,0.7461,1.15648,8455.644,0.386339501
1999,d0qi01080d2_ASR_pacman,1.42472,5.32196,9.68088,2305.6,0.6432,0.451456,1026.09,0.38613579
155,aav4119_data_file_s2_ASR_pacman,0.817508,5.52778,8.90841,3965.33,0.69942,0.855551,13548.621,0.386131731
164,aav4119_data_file_s6_FSR_pacman,0.837663,5.48364,8.84682,4022.95,0.69,0.82372,13916.598,0.386118618
2719,ic5b00096_si_007_ASR_pacman,1.29548,3.54182,9.64306,2672.15,0.64414,0.49722,10664.655,0.386060985
2720,ic5b00096_si_007_FSR_pacman,1.29548,3.54182,9.64306,2672.15,0.64414,0.49722,10664.655,0.386060985
1149,c8dt01923a2_FSR_pacman,0.838663,6.06315,8.85665,4187.5,0.68994,0.822666,5060.62,0.386024008
485,c5dt03710g2_14_FSR_pacman,0.983717,7.0145,8.01414,3629.51,0.65694,0.667814,1138.304,0.38601691
484,c5dt03710g2_14_ASR_pacman,0.983717,7.0145,8.01414,3629.51,0.65694,0.667814,1138.304,0.38601691
300,am7b15764_si_002_FSR_pacman,1.41783,7.22782,9.57857,2498.86,0.58118,0.409907,7466.096,0.385970593
299,am7b15764_si_002_ASR_pacman,1.41783,7.22782,9.57857,2498.86,0.58118,0.409907,7466.096,0.385970593
161,aav4119_data_file_s5_ASR_pacman,0.811123,5.46542,8.9444,3968.71,0.7019,0.865344,13548.621,0.385953154
3024,ja5b02999_si_004_FSR_pacman,0.813184,10.48272,14.9684,3574.65,0.75338,0.926457,5539.374,0.385941873
159,aav4119_data_file_s4_ASR_pacman,0.81148,5.56042,8.92781,3961.3,0.702,0.865086,13548.621,0.385941037
885,c7qi00350a2_ASR_pacman,1.19459,7.32802,8.66827,2757.53,0.6619,0.554083,1844.204,0.385907744
665,c7cc02470c2_3_ASR_pacman,1.72577,5.42157,9.33084,2577.33,0.62486,0.362077,6328.944,0.385784943
1591,cg500192d_si_002_ion_pacman,1.63156,7.42199,9.1478,1941.17,0.66088,0.405061,4286.638,0.385763072
157,aav4119_data_file_s3_ASR_pacman,0.812116,5.5403,8.90647,3963.32,0.70222,0.864679,13548.621,0.385750075
544,c5ta03835a2_2_FSR_pacman,0.667929,8.63118,9.93554,4411.73,0.72448,1.08467,3646.04,0.385745814
543,c5ta03835a2_2_ASR_pacman,0.667929,8.63118,9.93554,4411.73,0.72448,1.08467,3646.04,0.385745814
153,aav4119_data_file_s1_ASR_pacman,0.836308,5.49907,8.76512,3969.73,0.69294,0.82857,13548.621,0.38567509
3287,ja7b09496_si_010_FSR_pacman,0.784845,7.51019,8.97809,3780.43,0.7061,0.899668,4249.368,0.385539053
3022,ja5b02999_si_003_FSR_pacman,0.89988,8.013,11.41854,3323.83,0.74324,0.825932,6044.962,0.385458074
590,c6ce02146h2_2_ASR_pacman,0.776696,16.82684,17.48699,4127.38,0.7128,0.917734,3337.614,0.385270339
2430,d3ce00592e2_5_ASR_pacman,1.00506,5.61925,8.82277,3918.71,0.64712,0.643865,12423.432,0.38515112
487,c5dt03710g2_15_FSR_pacman,0.9879,6.9797,7.95944,3617.68,0.65578,0.663812,1138.304,0.385100952
486,c5dt03710g2_15_ASR_pacman,0.9879,6.9797,7.95944,3617.68,0.65578,0.663812,1138.304,0.385100952
163,aav4119_data_file_s6_ASR_pacman,0.81087,5.5013,8.84682,3955.54,0.70274,0.866649,13548.621,0.385100641
3424,ja8b09606_si_003_ASR_pacman,0.627163,5.56347,17.83624,3771.92,0.76656,1.22227,10541.869,0.384931453
3425,ja8b09606_si_003_FSR_pacman,0.627163,5.56347,17.83624,3771.92,0.76656,1.22227,10541.869,0.384931453
2549,d3nr03302c2_5_ASR_pacman,1.38984,6.869,8.5765,3029.06,0.61236,0.440599,4164.656,0.384913237
2550,d3nr03302c2_5_FSR_pacman,1.38984,6.869,8.5765,3029.06,0.61236,0.440599,4164.656,0.384913237
2133,d1ce00899d2_3_FSR_pacman,1.05376,5.11129,10.64686,4027.27,0.5978,0.567302,6127.889,0.384673615
2132,d1ce00899d2_3_ASR_pacman,1.05376,5.11129,10.64686,4027.27,0.5978,0.567302,6127.889,0.384673615
3498,ja9b04737_si_004_ASR_pacman,1.12567,8.4742,9.72181,2539.09,0.71282,0.633242,3390.72,0.384558157
2308,d2me00259k2_1_FSR_pacman,0.942835,5.41522,11.77449,4456.25,0.61062,0.647642,32603.544,0.384522773
1436,c9dt03044a2_2_ion_pacman,1.06789,5.26185,11.42828,4171.2,0.58766,0.550298,4555.503,0.384465135
1058,c8ce00653a2_5_ASR_pacman,0.674724,5.54361,9.24197,4534.63,0.7277,1.07852,5936.954,0.384428813
2985,ja512311a_si_007_ASR_pacman,0.509598,9.00729,11.62615,4721.48,0.80278,1.57532,11010.536,0.384371588
1683,cm9b01258_si_012_FSR_pacman,1.0009,5.76648,8.69563,3302.16,0.63352,0.632953,2421.012,0.384338588
1050,c8ce00653a2_1_ASR_pacman,0.940409,5.81099,8.40468,3898.64,0.66662,0.708862,7216.059,0.384336335
2509,d3dt02834h2_FSR_pacman,0.795243,7.06339,9.72422,4615.33,0.67228,0.845376,7166.608,0.384306707
1878,d0ce01593h2_2_ASR_pacman,0.859533,4.67685,9.85547,4178.51,0.64714,0.752897,4857.672,0.384191633
1290,c9cc02405k2_2_ASR_pacman,0.692134,7.65578,10.17121,4277.04,0.7364,1.06396,4020.868,0.384009577
498,c5dt03710g2_6_ASR_pacman,1.05728,5.47919,8.3929,3365.93,0.65558,0.620065,2260.48,0.38398437
499,c5dt03710g2_6_FSR_pacman,1.05728,5.47919,8.3929,3365.93,0.65558,0.620065,2260.48,0.38398437
2862,ja0c07251_si_004_FSR_pacman,0.762607,6.39013,9.21409,4384.4,0.68072,0.892622,2287.668,0.383972249
2861,ja0c07251_si_004_ASR_pacman,0.762607,6.39013,9.21409,4384.4,0.68072,0.892622,2287.668,0.383972249
2384,d3cc00278k2_3_ASR_pacman,1.53904,5.86896,9.29489,2384.75,0.63538,0.412842,3252.434,0.383925554
154,aav4119_data_file_s1_FSR_pacman,0.863941,4.96733,8.76512,4032.26,0.67946,0.786465,13916.598,0.383885587
3586,ja9b10501_si_010_ASR_pacman,0.708531,7.3323,10.10815,3959.53,0.72468,1.02279,4247.405,0.383832054
3587,ja9b10501_si_010_FSR_pacman,0.708531,7.3323,10.10815,3959.53,0.72468,1.02279,4247.405,0.383832054
2381,d3cc00278k2_1_FSR_pacman,1.93456,5.65289,9.21294,1751.6,0.64464,0.333223,3286.388,0.38376262
2195,d1mh01663f2_1_ASR_pacman,2.66314,5.45176,8.2894,1305.92,0.57918,0.21748,7882.916,0.383752513
650,c6ta11110f2_4_FSR_pacman,0.89328,8.66275,9.59855,3336.85,0.72396,0.810451,2039.04,0.383748274
649,c6ta11110f2_4_ASR_pacman,0.89328,8.66275,9.59855,3336.85,0.72396,0.810451,2039.04,0.383748274
3286,ja7b09496_si_010_ASR_pacman,0.761205,7.51019,9.36457,3752.87,0.7148,0.939037,4121.376,0.3837204
2571,d3qi00644a2_5_FSR_pacman,1.23734,7.38961,8.74509,2580.63,0.66164,0.534729,908.479,0.383637215
2570,d3qi00644a2_5_ASR_pacman,1.23734,7.38961,8.74509,2580.63,0.66164,0.534729,908.479,0.383637215
1418,c9dt01677e2_1_FSR_pacman,0.869204,6.26802,8.34844,3720.62,0.69776,0.802758,7283.716,0.383546702
693,c7cc06352k2_2_ASR_pacman,0.934983,7.0674,8.20658,3810.19,0.64036,0.68489,4882.104,0.383518767
694,c7cc06352k2_2_FSR_pacman,0.934983,7.0674,8.20658,3810.19,0.64036,0.68489,4882.104,0.383518767
1666,cm9b01258_si_002_ASR_pacman,1.33686,4.42546,10.45032,2768.27,0.57144,0.42745,4650.036,0.38349425
3500,ja9b04737_si_007_ASR_pacman,1.0336,7.09104,8.75954,2980.1,0.69012,0.667684,3623.364,0.383435068
2542,d3nr03302c2_1_FSR_pacman,1.38974,6.50024,8.52825,3028.1,0.6184,0.444975,4192.5,0.383391537
2541,d3nr03302c2_1_ASR_pacman,1.38974,6.50024,8.52825,3028.1,0.6184,0.444975,4192.5,0.383391537
3223,ja7b04132_si_004_FSR_pacman,1.55286,7.92415,9.22696,2146.6,0.58758,0.378385,4031.016,0.383346723
318,am8b02015_si_009_ASR_pacman,1.01906,6.48424,9.14174,4087.37,0.62928,0.61751,8261.464,0.383288811
2403,d3cc02839a2_FSR_pacman,0.813475,4.74732,9.03972,4237.23,0.68834,0.846173,1465.561,0.383270308
326,am8b05216_si_002_FSR_pacman,0.833041,5.68707,8.48152,4010.81,0.69006,0.828362,8106.576,0.383178723
1882,d0ce01593h2_4_FSR_pacman,0.767546,20.20069,20.65705,4613.16,0.66008,0.859988,6029.598,0.383109399
2896,ja206029a_si_003_FSR_pacman,0.959915,8.87774,11.13444,2395.81,0.73478,0.765464,1430.433,0.383040477
2895,ja206029a_si_003_ASR_pacman,0.959915,8.87774,11.13444,2395.81,0.73478,0.765464,1430.433,0.383040477
3454,ja8b12530_si_001_2_FSR_pacman,0.512894,29.26452,30.74228,3583.53,0.81216,1.58349,6649.98,0.382990361
3585,ja9b10501_si_007_FSR_pacman,0.66449,7.53871,9.88212,4181.51,0.72388,1.08938,4251.765,0.382942939
3584,ja9b10501_si_007_ASR_pacman,0.66449,7.53871,9.88212,4181.51,0.72388,1.08938,4251.765,0.382942939
2216,d1qm00211b2_4_ASR_pacman,0.934232,6.46882,9.67883,4182.94,0.62274,0.666579,2706.503,0.38280374
2513,d3dt03348a2_1_ASR_pacman,0.779962,6.11526,11.47861,3263.38,0.73374,0.940738,6500.229,0.382767728
1910,d0dt01081b2_2_FSR_pacman,1.12832,4.21179,8.74087,3122.99,0.66172,0.586467,5331.762,0.382731614
1789,d0cc05504b2_FSR_pacman,0.741551,5.55342,10.78465,3747.83,0.7395,0.997234,1924.362,0.38270669
1568,cg060408tsi20060629_081747_ion_pacman,2.19208,1.22854,11.12034,1803.59,0.55434,0.252884,7645.661,0.382561546
273,am7b01568_si_002_ASR_pacman,0.765146,6.92777,10.56065,3699.37,0.73456,0.960026,3560.784,0.382554601
872,c7qi00063d2_FSR_pacman,0.879278,4.17435,8.82755,4029.67,0.67756,0.770587,1729.257,0.382476739
1430,c9dt02866h2_1_ASR_pacman,0.69341,6.3709,14.54794,3469.77,0.7528,1.08565,2648.283,0.382451071
1431,c9dt02866h2_1_FSR_pacman,0.69341,6.3709,14.54794,3469.77,0.7528,1.08565,2648.283,0.382451071
1644,cm501138g_si_010_FSR_pacman,1.05548,2.72161,11.12444,4142.48,0.61598,0.583603,11022.432,0.382446559
500,c5dt03710g2_7_ASR_pacman,1.06291,5.41357,8.32418,3367.42,0.65304,0.614387,2260.48,0.382435023
501,c5dt03710g2_7_FSR_pacman,1.06291,5.41357,8.32418,3367.42,0.65304,0.614387,2260.48,0.382435023
1922,d0dt02233k2_2_ASR_pacman,0.75354,9.23952,12.45517,3775.45,0.7439,0.987207,1169,0.382396701
2983,ja512311a_si_006_ASR_pacman,0.878621,5.40566,8.969,3283.92,0.69444,0.790375,11492.84,0.382346582
2984,ja512311a_si_006_FSR_pacman,0.878621,5.40566,8.969,3283.92,0.69444,0.790375,11492.84,0.382346582
1376,c9ce01757g2_4_ASR_pacman,0.678581,6.94655,8.88977,4397.88,0.71404,1.05225,2173.484,0.382320048
1377,c9ce01757g2_4_FSR_pacman,0.678581,6.94655,8.88977,4397.88,0.71404,1.05225,2173.484,0.382320048
2911,ja406030p_si_002_FSR_pacman,1.01278,5.75719,9.51948,3024.32,0.716,0.706964,5605.908,0.382152287
1788,d0cc05504b2_ASR_pacman,0.709895,5.96261,14.00119,3562.45,0.75608,1.06506,1828.368,0.382149913
128,S2052252522002147_3_FSR_pacman,1.61434,5.86854,8.85188,2734.76,0.62254,0.385631,6337.008,0.382043745
127,S2052252522002147_3_ASR_pacman,1.61434,5.86854,8.85188,2734.76,0.62254,0.385631,6337.008,0.382043745
1490,c9ra06984d2_1_ASR_pacman,2.08763,3.47338,10.652,1650.14,0.54446,0.260803,8522.09,0.382018827
1491,c9ra06984d2_1_FSR_pacman,2.08763,3.47338,10.652,1650.14,0.54446,0.260803,8522.09,0.382018827
3055,ja6b06239_si_002_FSR_pacman,0.816445,6.16487,9.30161,3523.29,0.71594,0.8769,3096.898,0.381924176
1881,d0ce01593h2_3_FSR_pacman,0.875344,5.44725,9.84391,4262.73,0.63902,0.730021,4965.762,0.381916155
3401,ja8b07411_si_003_6_FSR_pacman,0.674627,7.77043,14.53369,3611.69,0.74638,1.10636,4729.728,0.381861986
1191,c8nj04151b2_FSR_pacman,0.643566,11.56311,13.76018,4468.98,0.74226,1.15335,6003.38,0.381852635
3282,ja7b09496_si_008_ASR_pacman,1.007,8.11403,9.87101,2806.19,0.7207,0.715693,3390.72,0.381829935
911,c7ra11221a2_ASR_pacman,1.01694,5.64071,8.1359,3393.95,0.6821,0.670735,2800.948,0.381824322
138,S2052520623001105_12_FSR_pacman,2.90474,5.32796,8.75019,1530.68,0.60772,0.209216,12465.604,0.381795118
137,S2052520623001105_12_ASR_pacman,2.90474,5.32796,8.75019,1530.68,0.60772,0.209216,12465.604,0.381795118
2165,d1dt04149e2_1_FSR_pacman,1.082,9.1241,10.58044,4246.47,0.561,0.518486,2351.37,0.381786386
2164,d1dt04149e2_1_ASR_pacman,1.082,9.1241,10.58044,4246.47,0.561,0.518486,2351.37,0.381786386
2854,ja0c07081_si_005_FSR_pacman,0.652203,6.95831,16.69288,3673.19,0.75808,1.16234,7055,0.381708695
533,c5sc00614g2_2_FSR_pacman,0.634902,5.59145,12.68554,3919.49,0.74936,1.18028,18368.856,0.38169218
2558,d3qi00103b2_5_FSR_pacman,1.59329,7.45021,8.80884,1883.02,0.67238,0.422008,5594.18,0.381672652
3664,nn9b00300_si_002_FSR_pacman,0.932846,5.06755,8.51932,3659.5,0.6519,0.69883,1037.572,0.381656594
3663,nn9b00300_si_002_ASR_pacman,0.932846,5.06755,8.51932,3659.5,0.6519,0.69883,1037.572,0.381656594
1127,c8dt00863a2_FSR_pacman,1.21656,5.01802,11.00905,3589.08,0.55312,0.454659,8743.38,0.38165106
3633,ja9b13072_si_002_1_FSR_pacman,0.83613,7.9848,14.38052,2630.86,0.76586,0.915958,2284.704,0.381568836
3632,ja9b13072_si_002_1_ASR_pacman,0.83613,7.9848,14.38052,2630.86,0.76586,0.915958,2284.704,0.381568836
1298,c9cc03354h2_FSR_pacman,0.914412,5.87563,9.08993,4188.88,0.64882,0.709549,2533.868,0.381557556
3459,ja8b12530_si_002_1_ASR_pacman,0.733215,13.89179,14.11165,3370.58,0.74796,1.02011,3904.984,0.381499457
2557,d3qi00103b2_5_ASR_pacman,1.55964,7.4502,8.80884,1779.15,0.68966,0.442191,5402.192,0.381445608
2243,d2cc02041f2_3_ASR_pacman,1.0847,4.79695,8.42141,3216.88,0.6703,0.617958,7007.736,0.381412356
2244,d2cc02041f2_3_FSR_pacman,1.0847,4.79695,8.42141,3216.88,0.6703,0.617958,7007.736,0.381412356
2386,d3cc00278k2_4_ASR_pacman,1.5259,5.83505,9.17241,2297.12,0.64474,0.422531,3224.38,0.38133329
3680,om701262m-file005_ASR_pacman,1.13919,5.91739,9.97502,3902.28,0.58972,0.517667,4627.984,0.381257931
3681,om701262m-file005_FSR_pacman,1.13919,5.91739,9.97502,3902.28,0.58972,0.517667,4627.984,0.381257931
2905,ja4015666_si_004_ASR_pacman,0.935578,8.54363,9.32741,3067.68,0.71722,0.766606,1789.254,0.381248254
1581,cg400449c_si_001_FSR_pacman,0.754991,7.38739,9.27009,4006.3,0.73114,0.968409,6797.088,0.381206748
652,c6ta11110f2_5_FSR_pacman,0.896237,8.57203,9.59953,3299.86,0.7274,0.811616,2039.04,0.381202075
589,c6ce01965j2_3_FSR_pacman,0.804206,6.46831,11.83829,4991.82,0.6423,0.798676,6866.842,0.381165975
3052,ja6b06239_si_001_ASR_pacman,0.968913,6.19808,8.96972,3938.23,0.62302,0.64301,3664.056,0.38106127
567,c6cc03787a2_1_ASR_pacman,0.687385,6.3236,13.54619,3613.95,0.75058,1.09194,9860.496,0.380993754
568,c6cc03787a2_1_FSR_pacman,0.687385,6.3236,13.54619,3613.95,0.75058,1.09194,9860.496,0.380993754
2716,ic5b00096_si_002_FSR_pacman,1.28947,3.50867,9.3424,2654.47,0.6461,0.501057,10326.985,0.380937595
2715,ic5b00096_si_002_ASR_pacman,1.28947,3.50867,9.3424,2654.47,0.6461,0.501057,10326.985,0.380937595
1230,c8qi01406j2_2_ASR_pacman,0.725927,5.27588,8.5977,4656.09,0.71316,0.982412,2969.164,0.38093418
1231,c8qi01406j2_2_FSR_pacman,0.725927,5.27588,8.5977,4656.09,0.71316,0.982412,2969.164,0.38093418
144,S2052520623001105_3_FSR_pacman,2.72986,5.20162,8.80488,1575.38,0.61126,0.223916,6328.944,0.380888597
143,S2052520623001105_3_ASR_pacman,2.72986,5.20162,8.80488,1575.38,0.61126,0.223916,6328.944,0.380888597
2788,ic801677y_si_002_FSR_pacman,0.829575,9.99796,11.56185,3215.56,0.74152,0.893855,4860.648,0.380818602
2787,ic801677y_si_002_ASR_pacman,0.829575,9.99796,11.56185,3215.56,0.74152,0.893855,4860.648,0.380818602
809,c7dt02231j2_6_ASR_pacman,0.726122,10.65479,12.16131,3917.25,0.7393,1.01815,8868.624,0.380705047
1321,c9ce00050j2_FSR_pacman,0.766277,6.30734,10.52137,4730.06,0.6546,0.854261,9014.984,0.380644052
1320,c9ce00050j2_ASR_pacman,0.766277,6.30734,10.52137,4730.06,0.6546,0.854261,9014.984,0.380644052
2512,d3dt03137c2_FSR_pacman,1.19708,6.10519,8.45513,2867.87,0.66506,0.555569,1832.96,0.380492752
726,c7ce00461c2_FSR_pacman,0.818347,5.11444,8.49212,4145.71,0.68814,0.84089,14603.136,0.380436722
2906,ja4015666_si_004_FSR_pacman,1.30377,8.54363,9.56137,3660.97,0.54592,0.418724,2617.646,0.380404909
1068,c8ce00779a2_2_ASR_pacman,0.549092,9.04149,11.81022,4592.74,0.77262,1.40709,3110.76,0.380382981
391,am9b14121_si_001_1_ASR_pacman,0.954122,4.82287,8.27019,3760.46,0.66612,0.69815,10231.784,0.380271701
3053,ja6b06239_si_001_FSR_pacman,0.976519,6.19808,8.96972,3932.93,0.62038,0.635297,3696.054,0.3802605
2382,d3cc00278k2_2_ASR_pacman,1.60494,5.86586,9.22907,2322.91,0.62022,0.386444,3282.464,0.38023712
1622,cg901312t_si_002_ASR_pacman,0.648765,7.90592,15.12842,4119.07,0.75964,1.1709,25349.136,0.380236414
2878,ja102862j_si_004_ASR_pacman,0.625186,6.7817,17.99475,3735.92,0.76274,1.22002,9110.072,0.380152032
2879,ja102862j_si_004_FSR_pacman,0.625186,6.7817,17.99475,3735.92,0.76274,1.22002,9110.072,0.380152032
2491,d3dt00422h2_4_ASR_pacman,0.790415,4.55229,9.6425,4347.26,0.66234,0.837965,6910.308,0.38013173
3201,ja7b02470_si_002_ASR_pacman,1.31948,5.65278,8.98594,2601.53,0.63358,0.480173,12673.44,0.380100922
139,S2052520623001105_1_ASR_pacman,2.90413,5.25321,8.68556,1536.15,0.60176,0.207208,12657.888,0.380036623
140,S2052520623001105_1_FSR_pacman,2.90413,5.25321,8.68556,1536.15,0.60176,0.207208,12657.888,0.380036623
3581,ja9b10501_si_005_FSR_pacman,0.644996,8.05895,10.059,4182.71,0.73156,1.13421,4214.747,0.379959822
3580,ja9b10501_si_005_ASR_pacman,0.644996,8.05895,10.059,4182.71,0.73156,1.13421,4214.747,0.379959822
324,am8b03987_si_002_FSR_pacman,0.710002,8.27729,11.87662,3596,0.73604,1.03667,4389.228,0.379940682
806,c7dt02231j2_4_FSR_pacman,0.67221,9.09143,11.83091,4184.97,0.74612,1.10995,9434.212,0.379864431
658,c7cc01554b2_1_FSR_pacman,0.911631,4.71106,10.44951,4348.05,0.63138,0.692583,2163.636,0.379762251
3169,ja7b02184_si_013_FSR_pacman,0.697107,13.16724,19.26655,3955.09,0.73416,1.05315,6154.704,0.379705435
3168,ja7b02184_si_013_ASR_pacman,0.697107,13.16724,19.26655,3955.09,0.73416,1.05315,6154.704,0.379705435
329,am8b06340_si_002_ASR_pacman,0.572365,15.81451,23.93943,3020.6,0.83264,1.45473,10555.5,0.37970215
640,c6ta07860e2_ASR_pacman,0.905438,3.61265,11.87395,4564.38,0.62622,0.691621,1326.774,0.379662684
641,c6ta07860e2_FSR_pacman,0.905438,3.61265,11.87395,4564.38,0.62622,0.691621,1326.774,0.379662684
2021,d0sc01796e2_2_ASR_pacman,0.691298,10.14054,18.89974,3093.77,0.77394,1.11955,18767.364,0.379601232
2022,d0sc01796e2_2_FSR_pacman,0.691298,10.14054,18.89974,3093.77,0.77394,1.11955,18767.364,0.379601232
2271,d2cc06684j2_ASR_pacman,0.694234,6.96663,20.26253,3240.46,0.7831,1.12801,6046.488,0.379583554
2272,d2cc06684j2_FSR_pacman,0.694234,6.96663,20.26253,3240.46,0.7831,1.12801,6046.488,0.379583554
2388,d3cc00278k2_5_ASR_pacman,1.52546,5.91564,9.00303,2319.83,0.64346,0.421814,3222.404,0.379397988
3673,oc9b00423_si_005_FSR_pacman,0.621119,9.66403,11.08246,4411.28,0.74846,1.20502,8491.688,0.379234345
3202,ja7b02470_si_002_FSR_pacman,1.33749,5.65278,8.98594,2604.51,0.62668,0.46855,12929.424,0.379224764
2891,ja204757x_si_002_ASR_pacman,0.877629,3.39937,11.42409,4796.32,0.65632,0.747833,2609.952,0.379143236
2892,ja204757x_si_002_FSR_pacman,0.877629,3.39937,11.42409,4796.32,0.65632,0.747833,2609.952,0.379143236
2001,d0qi01182g2_ASR_pacman,1.78142,5.0508,9.40686,1907.3,0.61468,0.34505,1372.872,0.37910305
1675,cm9b01258_si_007_FSR_pacman,1.06508,5.2637,8.88116,3348.98,0.61186,0.574473,4842.024,0.379080847
1172,c8dt04424d2_ASR_pacman,1.02795,3.79023,8.69114,3654.73,0.6472,0.629604,2653.08,0.379080571
2637,d3ta05297d2_3_FSR_pacman,0.8131,7.42559,8.05978,4144.12,0.6573,0.808387,790.358,0.379032903
2636,d3ta05297d2_3_ASR_pacman,0.8131,7.42559,8.05978,4144.12,0.6573,0.808387,790.358,0.379032903
1679,cm9b01258_si_010_FSR_pacman,0.992598,5.70857,8.37001,3301.39,0.63504,0.639776,2421.012,0.378976852
1443,c9dt03518d2_FSR_pacman,1.54634,4.53495,9.55472,2070.04,0.6225,0.402563,704.144,0.378967719
1442,c9dt03518d2_ASR_pacman,1.54634,4.53495,9.55472,2070.04,0.6225,0.402563,704.144,0.378967719
3171,ja7b02184_si_014_FSR_pacman,0.697352,13.03562,19.26059,3955.24,0.7359,1.05528,6154.704,0.378966085
3170,ja7b02184_si_014_ASR_pacman,0.697352,13.03562,19.26059,3955.24,0.7359,1.05528,6154.704,0.378966085
2886,ja111042f_si_002_FSR_pacman,0.692922,6.91794,10.25832,3853.05,0.73246,1.05706,1807.49,0.378934385
2711,ic5030058_si_002_ASR_pacman,2.55198,2.70896,9.54061,1487.34,0.55946,0.219226,4080.478,0.378888944
3655,jp8b09178_si_014_ASR_pacman,0.464575,28.44203,30.38582,3505.39,0.83142,1.78964,6415.65,0.378715082
3656,jp8b09178_si_014_FSR_pacman,0.464575,28.44203,30.38582,3505.39,0.83142,1.78964,6415.65,0.378715082
3026,ja5b02999_si_005_FSR_pacman,0.852079,10.13386,12.83026,3169.05,0.7567,0.888063,2661.451,0.378657643
800,c7dt02231j2_1_FSR_pacman,0.681282,9.09416,11.69134,4104.89,0.7459,1.09485,8881.536,0.378532615
2408,d3ce00068k2_1_ASR_pacman,1.09699,6.48029,7.80046,3601.3,0.63808,0.581667,2408.484,0.378527155
1643,cm501138g_si_009_FSR_pacman,0.974794,2.4589,11.13101,4410.67,0.63584,0.652281,10628.375,0.378505225
2440,d3ce00663h2_2_FSR_pacman,0.942023,5.95705,9.63923,4357.08,0.63696,0.676162,15700.56,0.378493734
602,c6dt03852b2_ASR_pacman,0.737977,11.57486,12.87873,3165.15,0.74538,1.01003,3496.136,0.378452241
1461,c9dt04305e2_2_FSR_pacman,1.16754,8.25324,9.65206,3784.56,0.55228,0.47303,1934.812,0.378387813
1460,c9dt04305e2_2_ASR_pacman,1.16754,8.25324,9.65206,3784.56,0.55228,0.47303,1934.812,0.378387813
656,c6tc05203g2_FSR_pacman,1.05344,3.78794,9.03782,3717.71,0.6322,0.60013,1863.342,0.378306532
1473,c9qi00195f2_FSR_pacman,0.959558,4.03249,9.07867,4011,0.64698,0.674248,1723.314,0.37826856
2804,ja078060t-file002_FSR_pacman,0.688368,7.62631,16.73186,3424.27,0.76238,1.10752,19020.168,0.378241912
1624,ci9b00893_si_002_ASR_pacman,0.899956,3.52521,11.39065,4795.32,0.65382,0.726502,1329.168,0.378225572
1625,ci9b00893_si_002_FSR_pacman,0.899956,3.52521,11.39065,4795.32,0.65382,0.726502,1329.168,0.378225572
3579,ja9b10501_si_004_FSR_pacman,0.646285,8.01701,9.92691,4176.28,0.7364,1.13944,4226.762,0.378046586
3578,ja9b10501_si_004_ASR_pacman,0.646285,8.01701,9.92691,4176.28,0.7364,1.13944,4226.762,0.378046586
3400,ja8b07411_si_003_6_ASR_pacman,0.665769,7.77043,14.53369,3613.59,0.74976,1.12616,4665.732,0.377982055
1447,c9dt03716k2_FSR_pacman,1.09553,5.87236,8.86929,3836.4,0.6143,0.560732,2145.496,0.37797603
2962,ja5109535_si_002_ASR_pacman,0.650697,7.61707,18.41939,3634.91,0.7642,1.17443,7098.444,0.377857872
506,c5dt04943a2_1_ASR_pacman,0.759207,6.19681,11.21256,3498.57,0.74368,0.979548,4782.438,0.377853805
2432,d3ce00592e2_6_ASR_pacman,1.03102,5.72906,8.23192,3855.53,0.64168,0.622371,12423.432,0.377806072
2000,d0qi01080d2_FSR_pacman,1.48278,3.38313,9.68088,2493.13,0.61274,0.413237,1090.086,0.377729423
2893,ja204757x_si_003_ASR_pacman,0.892672,3.36096,11.34035,4764.29,0.65232,0.73075,2609.952,0.377599635
2894,ja204757x_si_003_FSR_pacman,0.892672,3.36096,11.34035,4764.29,0.65232,0.73075,2609.952,0.377599635
903,c7ra02122d2_FSR_pacman,0.790313,6.16813,7.79086,4104.75,0.70558,0.892786,3548.58,0.377481861
2070,d0ta06830f2_10_ASR_pacman,0.345415,13.14308,25.25624,3963.04,0.86576,2.50643,4702.188,0.377469685
2770,ic6b01740_si_002_ASR_pacman,0.47332,8.02365,15.67739,4495.29,0.79914,1.68837,3549.222,0.377372866
2771,ic6b01740_si_002_FSR_pacman,0.47332,8.02365,15.67739,4495.29,0.79914,1.68837,3549.222,0.377372866
520,c5nj02634b2_4_ASR_pacman,0.735445,7.55096,9.04171,5159.57,0.6695,0.910333,5796.322,0.377335545
521,c5nj02634b2_4_FSR_pacman,0.735445,7.55096,9.04171,5159.57,0.6695,0.910333,5796.322,0.377335545
1450,c9dt04047a2_ASR_pacman,0.723964,6.00698,11.32889,3675.56,0.74812,1.03337,1587.126,0.377302287
264,am301365h_si_002_ASR_pacman,0.907013,3.53214,12.28159,4927.82,0.6414,0.707156,2706.72,0.377284664
265,am301365h_si_002_FSR_pacman,0.907013,3.53214,12.28159,4927.82,0.6414,0.707156,2706.72,0.377284664
502,c5dt03710g2_8_ASR_pacman,1.09109,5.33662,8.15679,3317.47,0.642,0.588401,2278.624,0.377220695
503,c5dt03710g2_8_FSR_pacman,1.09109,5.33662,8.15679,3317.47,0.642,0.588401,2278.624,0.377220695
1879,d0ce01593h2_2_FSR_pacman,0.901142,4.67685,9.85547,4216.94,0.6303,0.699446,5145.654,0.377183112
1489,c9qm00612e2_FSR_pacman,0.629746,7.59671,16.18261,3879.25,0.75834,1.2042,4514.12,0.377096844
2084,d0ta06830f2_18_ASR_pacman,0.346747,13.12115,25.18899,3973.76,0.86596,2.49738,4702.188,0.377088251
2436,d3ce00592e2_9_ASR_pacman,1.02032,5.61,8.36442,3925.28,0.6406,0.627842,12487.428,0.377059201
3487,ja9b02686_si_002_ASR_pacman,0.882823,3.57439,12.06627,4671.61,0.62616,0.70927,2616.492,0.377010853
3488,ja9b02686_si_002_FSR_pacman,0.882823,3.57439,12.06627,4671.61,0.62616,0.70927,2616.492,0.377010853
1131,c8dt01017j2_2_FSR_pacman,0.815271,5.30368,8.00315,4223.09,0.69448,0.851839,3476.778,0.376995918
1730,d0cc01186j2_3_FSR_pacman,1.66744,6.92105,8.50092,1892.78,0.6745,0.404512,4759.836,0.376928331
1729,d0cc01186j2_3_ASR_pacman,1.66744,6.92105,8.50092,1892.78,0.6745,0.404512,4759.836,0.376928331
2249,d2cc03016k2_3_ASR_pacman,2.15448,4.62027,10.39929,1892.27,0.54956,0.255078,1820.93,0.376816424
2250,d2cc03016k2_3_FSR_pacman,2.15448,4.62027,10.39929,1892.27,0.54956,0.255078,1820.93,0.376816424
838,c7dt03932h2_FSR_pacman,0.970348,6.90043,8.87747,4259.46,0.63148,0.650777,3659.068,0.376690569
1303,c9cc04999a2_2_FSR_pacman,1.07941,4.86557,8.43586,3466.03,0.63122,0.584781,6715.656,0.376583299
1908,d0dt01081b2_1_FSR_pacman,1.16185,4.54534,8.35568,3130.72,0.64842,0.558094,5448.933,0.376569234
3642,jp102463p_si_004_ASR_pacman,1.0015,7.13823,7.41006,3535.83,0.64332,0.642354,464.222,0.376566616
3643,jp102463p_si_004_FSR_pacman,1.0015,7.13823,7.41006,3535.83,0.64332,0.642354,464.222,0.376566616
3675,oc9b00423_si_006_FSR_pacman,0.616316,9.68993,11.05322,4363.15,0.75114,1.21876,4245.844,0.376457831
1348,c9ce01018a2_3_FSR_pacman,0.870483,5.22327,7.71359,3862.9,0.69498,0.798384,3392.556,0.376350798
2072,d0ta06830f2_11_ASR_pacman,0.345857,13.15425,25.23716,3958.17,0.866,2.50392,4702.188,0.376277389
3399,ja8b07411_si_003_4_FSR_pacman,0.701462,7.34095,12.42918,3517.08,0.74484,1.06184,4565.436,0.376166985
696,c7cc06352k2_3_FSR_pacman,1.1441,7.04061,8.17743,3312.42,0.60184,0.526037,4749.03,0.376068506
695,c7cc06352k2_3_ASR_pacman,1.1441,7.04061,8.17743,3312.42,0.60184,0.526037,4749.03,0.376068506
938,c7ta02852k2_ASR_pacman,1.26234,4.06181,9.81158,3228.03,0.58314,0.461951,2219.658,0.376035211
2002,d0qi01182g2_FSR_pacman,1.84196,5.0508,9.40686,1849.94,0.59138,0.32106,1480.962,0.375979665
130,S2052252522002147_4_FSR_pacman,1.8722,6.00053,8.88172,2340.01,0.6159,0.328971,6328.944,0.375975971
129,S2052252522002147_4_ASR_pacman,1.8722,6.00053,8.88172,2340.01,0.6159,0.328971,6328.944,0.375975971
1282,c9cc01701a2_1_ASR_pacman,0.968956,5.15094,7.56064,3858.86,0.68132,0.703148,1980.138,0.375798914
2080,d0ta06830f2_16_ASR_pacman,0.34608,13.15022,25.23771,3956.95,0.86572,2.5015,4702.188,0.375779427
1851,d0ce00990c2_1_ASR_pacman,1.07292,4.56309,8.21998,3458.97,0.64438,0.600585,1150.346,0.375718812
2086,d0ta06830f2_19_ASR_pacman,0.347639,13.09776,25.12651,3974.66,0.86544,2.48948,4702.188,0.375710804
2885,ja111042f_si_002_ASR_pacman,0.684238,7.83657,10.25832,3842.66,0.73542,1.0748,1775.492,0.375501941
2078,d0ta06830f2_15_ASR_pacman,0.346523,13.13748,25.21514,3958.7,0.86584,2.49865,4702.188,0.375486336
3475,ja8b13853_si_003_FSR_pacman,0.777687,10.08602,13.48493,3214.01,0.75558,0.971573,1075.348,0.375478142
3474,ja8b13853_si_003_ASR_pacman,0.777687,10.08602,13.48493,3214.01,0.75558,0.971573,1075.348,0.375478142
3345,ja8b05047_si_004_FSR_pacman,1.10038,5.90261,9.05282,3780.08,0.59982,0.545101,2349.501,0.375427071
2008,d0qm01097a2_2_FSR_pacman,1.58127,6.61547,11.32808,3001.85,0.50002,0.316215,8579.356,0.375361906
2007,d0qm01097a2_2_ASR_pacman,1.58127,6.61547,11.32808,3001.85,0.50002,0.316215,8579.356,0.375361906
2082,d0ta06830f2_17_ASR_pacman,0.347191,13.11329,25.19294,3963.78,0.86574,2.49355,4702.188,0.375332528
3671,oc9b00423_si_004_FSR_pacman,0.602348,9.63449,11.08724,4404.44,0.75794,1.25831,4133.628,0.37518761
1713,cs8b00764_si_005_ASR_pacman,1.12604,5.88051,7.9981,3175.3,0.6372,0.565878,1105.307,0.375056342
3582,ja9b10501_si_006_ASR_pacman,0.62058,8.00065,9.99593,4187.13,0.74212,1.19585,4249.804,0.375050076
3583,ja9b10501_si_006_FSR_pacman,0.62058,8.00065,9.99593,4187.13,0.74212,1.19585,4249.804,0.375050076
397,am9b14439_si_003_ASR_pacman,0.617811,12.15146,17.26838,4381.3,0.7421,1.20118,23212.416,0.374982453
398,am9b14439_si_003_FSR_pacman,0.617811,12.15146,17.26838,4381.3,0.7421,1.20118,23212.416,0.374982453
504,c5dt03710g2_9_ASR_pacman,1.10442,5.28758,8.06255,3286.25,0.64064,0.580069,2284.672,0.374978233
505,c5dt03710g2_9_FSR_pacman,1.10442,5.28758,8.06255,3286.25,0.64064,0.580069,2284.672,0.374978233
1929,d0dt02437f2_10_FSR_pacman,0.900723,10.87261,11.9626,4943.8,0.56714,0.62965,14084.988,0.374937128
3054,ja6b06239_si_002_ASR_pacman,0.789413,6.24729,9.30161,3484.55,0.72706,0.921014,2968.906,0.374917096
1465,c9me00182d2_FSR_pacman,0.735335,13.89314,15.36324,3448.06,0.75654,1.02884,2021.559,0.374888446
1464,c9me00182d2_ASR_pacman,0.735335,13.89314,15.36324,3448.06,0.75654,1.02884,2021.559,0.374888446
2247,d2cc03016k2_2_ASR_pacman,2.15895,4.64286,10.32142,1911.06,0.54782,0.253744,1820.93,0.374876279
2248,d2cc03016k2_2_FSR_pacman,2.15895,4.64286,10.32142,1911.06,0.54782,0.253744,1820.93,0.374876279
3033,ja5b11079_si_002_ASR_pacman,0.601028,7.12678,14.16979,4129.42,0.7654,1.27349,10489.024,0.374731753
343,am8b11999_si_002_ASR_pacman,0.943857,9.08595,10.91461,2431.96,0.74612,0.790502,2343.228,0.37472526
2025,d0sc02123g2_2_ASR_pacman,0.949402,5.974,8.82143,4157.48,0.63264,0.666356,2590.26,0.374621954
2026,d0sc02123g2_2_FSR_pacman,0.949402,5.974,8.82143,4157.48,0.63264,0.666356,2590.26,0.374621954
392,am9b14121_si_001_1_FSR_pacman,0.978331,4.48691,8.27019,3883.49,0.65262,0.667075,10375.904,0.37455213
2625,d3ta03446a3_2_ASR_pacman,0.972879,6.26834,7.8484,3585.55,0.63336,0.651016,2228.688,0.374520915
1342,c9ce00882a2_2_FSR_pacman,0.936603,4.45693,8.37812,3951.31,0.654,0.698268,3566.868,0.374519282
1584,cg401887b_si_004_FSR_pacman,0.855187,4.85559,7.76631,4086.07,0.68696,0.803286,2401.668,0.374344103
1912,d0dt01081b2_3_FSR_pacman,1.10636,4.15327,8.10421,3346.39,0.65372,0.590873,5187.771,0.374323326
3219,ja7b04132_si_002_FSR_pacman,1.78861,7.75143,9.62205,1949.08,0.53022,0.296442,4339.572,0.374309142
3025,ja5b02999_si_005_ASR_pacman,0.812995,11.61289,14.83658,3061.85,0.77524,0.953561,2613.454,0.374206166
3336,ja8b04669_si_002_ASR_pacman,0.76963,21.08948,21.59447,3906.62,0.72234,0.938555,9429.736,0.374039235
1292,c9cc02405k2_3_FSR_pacman,0.847854,4.36322,8.41324,4121.16,0.66652,0.786126,8791.992,0.373991049
1291,c9cc02405k2_3_ASR_pacman,0.847854,4.36322,8.41324,4121.16,0.66652,0.786126,8791.992,0.373991049
1580,cg400449c_si_001_ASR_pacman,0.7348,7.38739,9.27009,3887.56,0.74142,1.00901,6652.968,0.373958817
3677,oc9b00423_si_008_FSR_pacman,0.632024,9.58308,10.74249,4270.89,0.7519,1.18967,8555.096,0.373941691
2090,d0ta06830f2_20_ASR_pacman,0.347639,13.10208,25.17914,3955.76,0.86584,2.49063,4702.188,0.373884369
2107,d0ta06830f2_9_ASR_pacman,0.34697,13.07243,25.19168,3950.24,0.86494,2.49283,4702.188,0.373829897
2407,d3ce00022b2_FSR_pacman,0.957357,6.01165,8.34049,3207.92,0.71156,0.743255,2175.792,0.373789469
2406,d3ce00022b2_ASR_pacman,0.957357,6.01165,8.34049,3207.92,0.71156,0.743255,2175.792,0.373789469
2428,d3ce00592e2_4_ASR_pacman,1.08147,5.70006,8.45144,3853.31,0.6225,0.575604,12407.433,0.373723138
1340,c9ce00882a2_1_FSR_pacman,0.941567,4.53759,8.24345,3917.4,0.65376,0.694332,3560.82,0.37371389
1977,d0nj02617d2_2_FSR_pacman,0.899914,5.6557,7.59895,3711.31,0.72386,0.804366,1094.072,0.373595239
1976,d0nj02617d2_2_ASR_pacman,0.899914,5.6557,7.59895,3711.31,0.72386,0.804366,1094.072,0.373595239
2253,d2cc03299f2_1_ASR_pacman,3.09072,3.48627,7.79941,1227.35,0.51524,0.166706,3891.483,0.373563785
2254,d2cc03299f2_1_FSR_pacman,3.09072,3.48627,7.79941,1227.35,0.51524,0.166706,3891.483,0.373563785
1714,cs8b00764_si_005_FSR_pacman,1.15289,5.88051,7.9981,3191.07,0.62904,0.545618,1121.306,0.373527402
1944,d0dt02856h2_ASR_pacman,0.94876,3.53391,11.91034,4814.51,0.63312,0.667313,2730.912,0.373456482
1945,d0dt02856h2_FSR_pacman,0.94876,3.53391,11.91034,4814.51,0.63312,0.667313,2730.912,0.373456482
2074,d0ta06830f2_12_ASR_pacman,0.34831,13.09525,25.151,3960.64,0.86538,2.48451,4702.188,0.373397474
2329,d2qi02362h2_ASR_pacman,0.366893,15.91354,21.18974,4443.83,0.84536,2.3041,6525.49,0.373228901
3092,ja6b09463_si_002_FSR_pacman,0.588716,6.41604,18.0483,3861.74,0.77218,1.31163,2691.084,0.373172758
3091,ja6b09463_si_002_ASR_pacman,0.588716,6.41604,18.0483,3861.74,0.77218,1.31163,2691.084,0.373172758
3665,oc7b00328_si_003_ASR_pacman,1.26861,5.69096,9.02585,3480.64,0.58688,0.462618,3609.936,0.373164149
717,c7ce00306d2_4_ASR_pacman,0.901353,5.60194,7.61122,4023.99,0.66914,0.742373,3170.832,0.373060792
2887,ja202154j_si_003_ASR_pacman,0.929869,4.06722,11.65601,4879.43,0.63748,0.685559,2730.912,0.372973516
2888,ja202154j_si_003_FSR_pacman,0.929869,4.06722,11.65601,4879.43,0.63748,0.685559,2730.912,0.372973516
532,c5sc00614g2_2_ASR_pacman,0.615048,5.59145,12.68554,3862.12,0.75884,1.23379,17984.88,0.372948178
465,c5ce02503f2_2_ion_pacman,3.46608,2.83628,11.84396,1456.98,0.41166,0.118768,6237.841,0.372912349
2101,d0ta06830f2_5_ASR_pacman,0.348085,13.09732,25.1262,3956.14,0.8653,2.48589,4702.188,0.372884492
711,c7ce00078b2_2_ASR_pacman,0.857573,6.20755,7.36189,4090.18,0.67578,0.788015,1483.324,0.372874153
2094,d0ta06830f2_2_ASR_pacman,0.348085,13.11165,25.13378,3956.82,0.86516,2.48548,4702.188,0.37285923
2540,d3nj04709a2_FSR_pacman,1.23519,4.37616,8.33,3420.11,0.62858,0.508892,3156.173,0.372731231
2539,d3nj04709a2_ASR_pacman,1.23519,4.37616,8.33,3420.11,0.62858,0.508892,3156.173,0.372731231
2076,d0ta06830f2_13_ASR_pacman,0.347639,13.22697,25.19173,3950.97,0.86622,2.49172,4702.188,0.372731032
1212,c8qi00773j2_ASR_pacman,0.863079,4.52374,7.52509,3825.36,0.69824,0.80901,2308.292,0.372668428
476,c5dt03710g2_10_ASR_pacman,1.11238,5.21571,7.98442,3284.5,0.63774,0.57331,2284.672,0.372642883
477,c5dt03710g2_10_FSR_pacman,1.11238,5.21571,7.98442,3284.5,0.63774,0.57331,2284.672,0.372642883
3672,oc9b00423_si_005_ASR_pacman,0.611862,11.15298,12.56727,4354.01,0.75308,1.2308,8363.696,0.372552116
345,am8b11999_si_003_ASR_pacman,0.790225,11.46142,12.91483,2477.66,0.78018,0.987288,2993.136,0.372503907
1661,cm8b02511_si_002_ASR_pacman,0.721063,6.07919,7.83714,4651.42,0.6876,0.953593,995.67,0.372368916
1662,cm8b02511_si_002_FSR_pacman,0.721063,6.07919,7.83714,4651.42,0.6876,0.953593,995.67,0.372368916
1636,cm303749m_si_002_FSR_pacman,0.51806,10.66908,11.98885,4577.6,0.78426,1.51384,869.472,0.372257198
1635,cm303749m_si_002_ASR_pacman,0.51806,10.66908,11.98885,4577.6,0.78426,1.51384,869.472,0.372257198
1334,c9ce00513g2_ion_pacman,0.843926,5.13281,8.81286,4640.37,0.67222,0.796539,1264.414,0.372155346
2710,ic502921j_si_002_FSR_pacman,1.1665,5.73696,8.40606,3651.45,0.6102,0.523105,5687.436,0.372094053
2099,d0ta06830f2_4_ASR_pacman,0.348757,13.11708,25.13917,3956.11,0.8652,2.48081,4702.188,0.372060337
2385,d3cc00278k2_3_FSR_pacman,1.58376,5.68975,8.73131,2487.75,0.61356,0.387408,3464.582,0.371992187
2986,ja512311a_si_007_FSR_pacman,0.868664,8.16873,11.86884,2801.59,0.7534,0.867309,9545.912,0.371987285
1391,c9dt00233b2_FSR_pacman,0.887463,6.98333,9.92962,4614.35,0.62568,0.705021,9684.62,0.371952647
142,S2052520623001105_2_FSR_pacman,2.39063,5.9429,8.60182,1877.74,0.6047,0.252946,12657.888,0.371901346
141,S2052520623001105_2_ASR_pacman,2.39063,5.9429,8.60182,1877.74,0.6047,0.252946,12657.888,0.371901346
3035,ja5b11079_si_003_ASR_pacman,0.596535,7.30064,14.41353,4141.8,0.77042,1.29149,10563.84,0.371886437
1657,cm6b05277_si_003_ASR_pacman,0.721599,5.2477,7.45162,4440.39,0.7019,0.972701,2700.072,0.371809324
1658,cm6b05277_si_003_FSR_pacman,0.721599,5.2477,7.45162,4440.39,0.7019,0.972701,2700.072,0.371809324
3385,ja8b06789_si_008_ASR_pacman,1.16477,7.63098,8.1574,2491.73,0.67926,0.583172,2155.3,0.371729885
2723,ic5b00194_si_002_FSR_pacman,0.870543,4.84605,7.71208,4049.51,0.67434,0.77462,7137.168,0.371693884
2562,d3qi00480e3_3_ASR_pacman,0.358192,12.04247,18.51602,4244.65,0.86012,2.40128,16591.476,0.371659538
2563,d3qi00480e3_3_FSR_pacman,0.358192,12.04247,18.51602,4244.65,0.86012,2.40128,16591.476,0.371659538
1311,c9cc07797a2_ASR_pacman,1.68002,6.23912,9.31067,2203.66,0.57408,0.341711,1976.16,0.371477472
1312,c9cc07797a2_FSR_pacman,1.68002,6.23912,9.31067,2203.66,0.57408,0.341711,1976.16,0.371477472
1711,cs8b00764_si_003_ASR_pacman,1.17121,5.87428,7.89434,2921.44,0.65288,0.557441,1030.375,0.371443054
1712,cs8b00764_si_003_FSR_pacman,1.17121,5.87428,7.89434,2921.44,0.65288,0.557441,1030.375,0.371443054
2097,d0ta06830f2_3_ASR_pacman,0.349208,13.1467,25.1265,3955.99,0.86544,2.4783,4702.188,0.371384007
2569,d3qi00644a2_4_ion_pacman,1.18212,6.49555,7.72457,2879.8,0.65568,0.554665,875.575,0.371185003
170,adma201704792-sup-0002-s2_FSR_pacman,0.630656,6.46605,10.90074,4101.2,0.76386,1.21122,5773.086,0.371130919
2712,ic5030058_si_002_FSR_pacman,2.64091,2.70896,9.54061,1490.96,0.5229,0.198,4296.658,0.371112804
3537,ja9b06179_si_002_ASR_pacman,1.85923,5.88343,8.60963,1723.03,0.58548,0.314905,2117.405,0.371106985
3538,ja9b06179_si_002_FSR_pacman,1.85923,5.88343,8.60963,1723.03,0.58548,0.314905,2117.405,0.371106985
2390,d3cc02162a2_1_ASR_pacman,1.18382,5.14153,8.36395,2722.55,0.68664,0.580021,982.588,0.371070576
899,c7qm00414a2_2_FSR_pacman,0.464815,6.83172,17.98172,4326.59,0.81598,1.7555,5589.048,0.370577113
898,c7qm00414a2_2_ASR_pacman,0.464815,6.83172,17.98172,4326.59,0.81598,1.7555,5589.048,0.370577113
675,c7cc06022j2_3_ASR_pacman,1.37553,4.59292,8.76543,2371.56,0.6402,0.465421,3795.12,0.370463925
3406,ja8b08032_si_003_ASR_pacman,0.775611,6.0011,7.79172,3774.53,0.72494,0.934669,704.28,0.370415226
3407,ja8b08032_si_003_FSR_pacman,0.775611,6.0011,7.79172,3774.53,0.72494,0.934669,704.28,0.370415226
3098,ja6b11027_si_002_FSR_pacman,2.83689,2.0772,7.94824,1362.02,0.5521,0.194614,8456.74,0.370250753
3097,ja6b11027_si_002_ASR_pacman,2.83689,2.0772,7.94824,1362.02,0.5521,0.194614,8456.74,0.370250753
2920,ja410368j_si_002_FSR_pacman,0.948823,3.52576,11.82242,4871.52,0.63146,0.665519,1401.744,0.370245924
2919,ja410368j_si_002_ASR_pacman,0.948823,3.52576,11.82242,4871.52,0.63146,0.665519,1401.744,0.370245924
2350,d2sc02683j2_1_ASR_pacman,0.707208,8.49902,13.30328,3423.41,0.7537,1.06574,8819.754,0.370110939
2351,d2sc02683j2_1_FSR_pacman,0.707208,8.49902,13.30328,3423.41,0.7537,1.06574,8819.754,0.370110939
1229,c8qi01406j2_1_FSR_pacman,1.00227,5.82356,8.35086,4110.2,0.6326,0.631165,15116.088,0.369905546
1228,c8qi01406j2_1_ASR_pacman,1.00227,5.82356,8.35086,4110.2,0.6326,0.631165,15116.088,0.369905546
2205,d1qi00349f3_5_FSR_pacman,0.885184,5.40261,7.8382,4317.02,0.6686,0.755323,6462.848,0.369780508
2414,d3ce00087g2_3_ASR_pacman,0.877591,5.36467,7.64686,4125.97,0.66438,0.757049,4980.452,0.369437239
2367,d2ta05218k2_FSR_pacman,0.595288,8.04904,10.72356,4272.84,0.76796,1.29006,4006.858,0.369424989
3674,oc9b00423_si_006_ASR_pacman,0.607131,11.10985,12.51077,4305.67,0.7556,1.24454,4181.848,0.369422345
825,c7dt03338a2_ASR_pacman,0.911258,7.03142,8.28238,4316.23,0.63374,0.695456,3165.592,0.369415709
826,c7dt03338a2_FSR_pacman,0.911258,7.03142,8.28238,4316.23,0.63374,0.695456,3165.592,0.369415709
2917,ja406030p_si_010_ASR_pacman,1.09398,4.24135,8.0021,3336.49,0.64164,0.586519,5236.458,0.369393901
418,anie202300638-sup-0001-fju-112_FSR_pacman,1.43033,3.84156,10.28499,3217.25,0.55962,0.391251,9142.848,0.369345295
417,anie202300638-sup-0001-fju-112_ASR_pacman,1.43033,3.84156,10.28499,3217.25,0.55962,0.391251,9142.848,0.369345295
125,S1600576721002843_3_ASR_pacman,0.944023,3.44108,12.00671,4937.55,0.62994,0.667293,1324.403,0.369332197
126,S1600576721002843_3_FSR_pacman,0.944023,3.44108,12.00671,4937.55,0.62994,0.667293,1324.403,0.369332197
3669,oc9b00423_si_002_FSR_pacman,0.582221,9.68302,11.18075,4374.1,0.76884,1.32053,4021.412,0.369263694
150,S2052520623001105_6_FSR_pacman,2.2072,5.4424,8.81223,2093.41,0.60154,0.272535,12564.801,0.369206464
149,S2052520623001105_6_ASR_pacman,2.2072,5.4424,8.81223,2093.41,0.60154,0.272535,12564.801,0.369206464
2409,d3ce00068k2_1_FSR_pacman,1.11107,5.48464,7.80046,3661.04,0.63004,0.567057,2409.492,0.369173622
676,c7cc06022j2_3_FSR_pacman,1.39913,4.45885,8.76543,2446.02,0.62886,0.449466,3923.112,0.369142476
805,c7dt02231j2_4_ASR_pacman,0.661115,11.23055,12.70805,4097.51,0.7523,1.13793,9299.164,0.368948533
2103,d0ta06830f2_6_ASR_pacman,0.349882,12.84967,25.03702,3943.84,0.8614,2.46197,4702.188,0.368917484
2196,d1mh01663f2_1_FSR_pacman,2.70851,5.45176,7.05543,1369.04,0.56228,0.207598,8266.892,0.368656884
2088,d0ta06830f2_1_ASR_pacman,0.348982,13.12476,25.06777,3929.11,0.8665,2.48294,4702.188,0.368655987
3687,se7b00236_si_002_ASR_pacman,0.626475,8.59663,19.33332,3472.92,0.7685,1.22671,6846.984,0.368643072
2012,d0ra05145d2_1_FSR_pacman,0.981309,2.96937,9.68251,3830.4,0.60766,0.619234,1177.188,0.36863373
2011,d0ra05145d2_1_ASR_pacman,0.981309,2.96937,9.68251,3830.4,0.60766,0.619234,1177.188,0.36863373
3120,ja7b00219_si_009_ASR_pacman,1.18157,6.41843,8.05625,2648.91,0.63554,0.537876,5050.644,0.368555811
1249,c8sc04220a2_1_ASR_pacman,2.49934,5.94249,7.86612,1397.86,0.52462,0.209903,1892.095,0.368547795
1250,c8sc04220a2_1_FSR_pacman,2.49934,5.94249,7.86612,1397.86,0.52462,0.209903,1892.095,0.368547795
2047,d0sc03727c2_2_FSR_pacman,0.331223,14.67688,23.18947,3875.04,0.87976,2.6561,5050.404,0.368515312
3203,ja7b02470_si_003_ASR_pacman,0.755144,9.8509,12.1742,2920.1,0.75184,0.995625,2644.764,0.368203768
1057,c8ce00653a2_4_FSR_pacman,1.33508,6.10829,8.13327,3175.52,0.60104,0.450189,17468.961,0.368200552
344,am8b11999_si_002_FSR_pacman,0.987395,6.45546,9.73461,2570.23,0.72912,0.738428,2451.318,0.368150543
624,c6qi00547k2_1_ASR_pacman,0.755598,7.48262,8.82521,5028.8,0.64944,0.859504,2726.26,0.368075242
2105,d0ta06830f2_7_ASR_pacman,0.349882,13.07501,25.0286,3935.61,0.86534,2.47323,4702.188,0.368033915
2066,d0ta03151h2_ASR_pacman,1.26954,6.39471,7.92825,2555.46,0.6699,0.52767,1740.998,0.367745893
535,c5sc00614g2_3_FSR_pacman,0.642045,8.46019,19.25208,2787.54,0.79498,1.2382,20290.992,0.367649254
534,c5sc00614g2_3_ASR_pacman,0.642045,8.46019,19.25208,2787.54,0.79498,1.2382,20290.992,0.367649254
3204,ja7b02470_si_003_FSR_pacman,0.76728,9.41026,11.56474,2946.61,0.74736,0.974038,2708.76,0.367585039
102,41557_2017_BFnchem2747_MOESM354_ESM_FSR_pacman,1.18636,3.88742,8.0299,3231.38,0.6394,0.538958,1892.32,0.367563324
101,41557_2017_BFnchem2747_MOESM354_ESM_ASR_pacman,1.18636,3.88742,8.0299,3231.38,0.6394,0.538958,1892.32,0.367563324
651,c6ta11110f2_5_ASR_pacman,0.852398,8.57203,9.59953,3247.35,0.74374,0.872527,1975.044,0.36736409
2217,d1qm00211b2_4_FSR_pacman,0.98432,5.45611,9.57776,4170.38,0.60346,0.613073,2850.623,0.367230569
2565,d3qi00644a2_2_ASR_pacman,1.21229,6.67904,7.91559,2565.55,0.68126,0.561962,875.575,0.367092446
2566,d3qi00644a2_2_FSR_pacman,1.21229,6.67904,7.91559,2565.55,0.68126,0.561962,875.575,0.367092446
3604,ja9b10501_si_023_ASR_pacman,1.10742,4.5592,9.30378,3680.7,0.59046,0.533187,5312.998,0.366938506
3605,ja9b10501_si_023_FSR_pacman,1.10742,4.5592,9.30378,3680.7,0.59046,0.533187,5312.998,0.366938506
2093,d0ta06830f2_24_FSR_pacman,0.357798,13.09789,25.06756,4002.11,0.86276,2.41131,4734.186,0.366936901
3676,oc9b00423_si_008_ASR_pacman,0.622621,11.01059,12.27574,4210.84,0.75668,1.21531,8427.104,0.366912872
2067,d0ta03151h2_FSR_pacman,1.30978,5.66759,7.92825,2656.77,0.6519,0.497719,1849.088,0.366890757
3032,ja5b11034_si_002_FSR_pacman,1.01828,5.27655,7.9964,2953.16,0.69774,0.685211,6175.591,0.366813435
3031,ja5b11034_si_002_ASR_pacman,1.01828,5.27655,7.9964,2953.16,0.69774,0.685211,6175.591,0.366813435
1024,c8cc09474h2_2_FSR_pacman,2.73592,3.39719,12.05985,1825.22,0.45812,0.167446,3789.498,0.366629981
2921,ja411887c_si_002_ASR_pacman,0.619221,8.76201,12.00313,4166.34,0.76722,1.23901,4484.992,0.366596804
2922,ja411887c_si_002_FSR_pacman,0.619221,8.76201,12.00313,4166.34,0.76722,1.23901,4484.992,0.366596804
3382,ja8b06789_si_006_FSR_pacman,0.96117,6.60456,8.73195,2790.83,0.71484,0.743719,2763.356,0.366544382
3670,oc9b00423_si_004_ASR_pacman,0.593077,11.20577,12.58017,4344.15,0.7631,1.28668,4069.632,0.366472687
2389,d3cc00278k2_5_FSR_pacman,1.57126,5.4607,8.38144,2428.4,0.62154,0.395568,3434.552,0.366350734
1448,c9dt04046c2_1_ASR_pacman,0.794677,5.79703,9.25095,3582.15,0.75364,0.94836,1818.764,0.366303357
1804,d0ce00142b2_5_ASR_pacman,0.917638,6.73141,8.47134,4118.98,0.61116,0.666014,776.036,0.36626634
1805,d0ce00142b2_5_FSR_pacman,0.917638,6.73141,8.47134,4118.98,0.61116,0.666014,776.036,0.36626634
3388,ja8b06789_si_009_FSR_pacman,1.34985,5.16629,8.07013,2576.39,0.6539,0.484425,3393.86,0.366229235
3576,ja9b10418_si_002_ASR_pacman,0.886643,10.64558,10.77608,2329.34,0.77012,0.868579,4530.844,0.366133037
3226,ja7b04532_si_003_FSR_pacman,0.70196,6.56223,8.78623,3789.9,0.74442,1.06049,8628.105,0.366069165
799,c7dt02231j2_1_ASR_pacman,0.66441,11.19778,12.72972,4007.64,0.75422,1.13517,8679.468,0.366024007
2387,d3cc00278k2_4_FSR_pacman,1.57161,5.52377,8.3389,2405.58,0.62268,0.396204,3436.528,0.365993105
2256,d2cc03299f2_2_FSR_pacman,2.90126,3.4389,7.78395,1314.95,0.50902,0.175448,3891.483,0.365931618
2255,d2cc03299f2_2_ASR_pacman,2.90126,3.4389,7.78395,1314.95,0.50902,0.175448,3891.483,0.365931618
2626,d3ta03446a3_2_FSR_pacman,1.02875,6.26834,7.8484,3649.41,0.61058,0.593516,2356.68,0.365855768
2394,d3cc02162a2_3_ASR_pacman,1.12447,5.30077,8.16587,2727.07,0.7009,0.623317,982.588,0.365631587
625,c6qi00547k2_1_FSR_pacman,0.773335,7.48262,8.82521,4968.4,0.64312,0.831619,2790.256,0.365626311
3378,ja8b06789_si_004_FSR_pacman,0.929753,6.99134,8.93573,2819.23,0.7222,0.776765,2763.356,0.365624012
2396,d3cc02162a2_4_ASR_pacman,1.11832,5.425,8.17525,2729.42,0.70242,0.628103,982.588,0.365576754
3398,ja8b07411_si_003_4_ASR_pacman,0.682965,8.29218,12.42918,3487.09,0.75246,1.10176,4437.444,0.365443195
626,c6qi00616g2_FSR_pacman,0.547988,12.51364,15.62831,4563.29,0.77474,1.41379,23347.8,0.365436842
3384,ja8b06789_si_007_FSR_pacman,0.998313,6.40837,8.18729,2816.14,0.70488,0.706071,2563.298,0.36535771
2918,ja406030p_si_010_FSR_pacman,1.10805,3.71962,8.0021,3352.8,0.63654,0.574466,5332.452,0.365355152
2966,ja5111317_si_003_ASR_pacman,0.400393,11.67803,31.87217,3478.61,0.84594,2.11277,6448.428,0.36533404
2967,ja5111317_si_003_FSR_pacman,0.400393,11.67803,31.87217,3478.61,0.84594,2.11277,6448.428,0.36533404
455,c5ce01260k2_3_FSR_pacman,1.22986,6.21461,7.00258,3481.89,0.63456,0.515961,1108.304,0.365103549
454,c5ce01260k2_3_ASR_pacman,1.22986,6.21461,7.00258,3481.89,0.63456,0.515961,1108.304,0.365103549
1032,c8cc10116g2_2_FSR_pacman,1.18028,3.61701,8.43788,3320.08,0.61836,0.52391,4352.208,0.365060409
3225,ja7b04132_si_005_FSR_pacman,1.77268,8.03616,9.35944,2108.48,0.51674,0.291501,4285.055,0.364913524
2424,d3ce00592e2_2_ASR_pacman,1.07365,5.79808,8.07522,3935.88,0.61882,0.576372,12309.002,0.364899006
2383,d3cc00278k2_2_FSR_pacman,1.65011,5.62592,8.59577,2421.06,0.59832,0.362593,3494.612,0.364518189
814,c7dt02290e2_3_FSR_pacman,1.09657,4.28545,7.54358,3088.84,0.66884,0.609937,3668.784,0.364463755
2330,d2qi02362h2_FSR_pacman,0.410071,13.57644,17.49169,4539.56,0.82996,2.02394,7293.442,0.364424538
2092,d0ta06830f2_24_ASR_pacman,0.351464,13.09789,25.06756,3912.5,0.8663,2.46483,4702.188,0.364239432
3047,ja6b03263_si_002_1_FSR_pacman,1.5895,5.84724,8.28225,1742.39,0.57494,0.361711,2458.974,0.364208582
3046,ja6b03263_si_002_1_ASR_pacman,1.5895,5.84724,8.28225,1742.39,0.57494,0.361711,2458.974,0.364208582
2136,d1ce01274f2_ASR_pacman,0.979461,5.30078,7.12744,3455.74,0.65472,0.668449,2293.66,0.364061303
1704,cs7b02844_si_003_ASR_pacman,0.669101,9.06079,10.7626,3896.15,0.75696,1.13131,11173.872,0.363880094
1705,cs7b02844_si_003_FSR_pacman,0.669101,9.06079,10.7626,3896.15,0.75696,1.13131,11173.872,0.363880094
1134,c8dt01243a2_ASR_pacman,3.14653,4.77327,6.9641,1257.93,0.48742,0.154907,4173.378,0.363750652
1022,c8cc09474h2_1_FSR_pacman,2.68388,3.37518,12.01288,1874.02,0.45848,0.170827,6980.742,0.363741422
1030,c8cc09474h2_5_FSR_pacman,2.68388,3.38569,12.01577,1871.21,0.45768,0.170529,7012.74,0.363656793
2158,d1dt03950d2_1_ASR_pacman,1.03355,5.13419,7.42458,3874.08,0.6428,0.621935,1146.192,0.363642817
252,am0c10038_si_002_FSR_pacman,0.666904,8.24943,12.12581,3565.14,0.75302,1.12913,2528.94,0.363423378
3210,ja7b03397_si_001_FSR_pacman,1.17063,3.35787,7.56839,3030.52,0.67622,0.577654,1202.296,0.363368511
3209,ja7b03397_si_001_ASR_pacman,1.17063,3.35787,7.56839,3030.52,0.67622,0.577654,1202.296,0.363368511
1176,c8dt05136d2_4_ASR_pacman,0.736366,7.58729,8.17315,5445.5,0.63008,0.855662,898.582,0.36285169
2709,ic502643m_si_012_ion_pacman,0.652784,12.7283,13.8062,4120.74,0.75448,1.15579,4649.38,0.36270566
672,c7cc03499g2_FSR_pacman,0.91807,4.21516,9.41542,4366.56,0.62722,0.683194,3620.72,0.362662816
671,c7cc03499g2_ASR_pacman,0.91807,4.21516,9.41542,4366.56,0.62722,0.683194,3620.72,0.362662816
3428,ja8b11042_si_001_FSR_pacman,0.627929,7.61467,16.12281,3500.11,0.76756,1.22237,8418.096,0.362633987
724,c7ce00332c2_3_FSR_pacman,1.22945,7.5903,9.05888,4070.75,0.5719,0.465166,4987.954,0.362576441
723,c7ce00332c2_3_ASR_pacman,1.22945,7.5903,9.05888,4070.75,0.5719,0.465166,4987.954,0.362576441
804,c7dt02231j2_3_FSR_pacman,0.600578,9.25938,11.9159,4228.98,0.77538,1.29106,8484.948,0.362553522
594,c6ce02291j2_FSR_pacman,0.839092,4.04219,7.14448,4244.9,0.67918,0.809423,2008.5,0.362483867
3570,ja9b08322_si_007_ASR_pacman,1.79793,4.81678,9.65232,2484.04,0.55732,0.309978,7506.684,0.362360803
3571,ja9b08322_si_007_FSR_pacman,1.79793,4.81678,9.65232,2484.04,0.55732,0.309978,7506.684,0.362360803
3577,ja9b10418_si_002_FSR_pacman,1.01529,8.44044,8.79754,2503.41,0.73286,0.721824,6066.748,0.362181975
2398,d3cc02162a2_5_ASR_pacman,1.08788,5.51,8.07148,2738.05,0.71048,0.653087,982.588,0.362180128
3380,ja8b06789_si_005_FSR_pacman,0.914047,6.71259,8.82042,2838.22,0.72618,0.794467,2763.356,0.362013267
840,c7dt04057a2_FSR_pacman,0.888264,5.22075,7.31463,4289.21,0.66158,0.744801,1770.772,0.361992462
839,c7dt04057a2_ASR_pacman,0.888264,5.22075,7.31463,4289.21,0.66158,0.744801,1770.772,0.361992462
1672,cm9b01258_si_006_ASR_pacman,1.53699,4.19171,10.50076,2490.29,0.5329,0.346717,4714.032,0.361846375
2478,d3ce00979c2_8_ASR_pacman,0.888297,3.54408,11.81192,4849.68,0.61268,0.689725,2653.548,0.361813067
2479,d3ce00979c2_8_FSR_pacman,0.888297,3.54408,11.81192,4849.68,0.61268,0.689725,2653.548,0.361813067
2096,d0ta06830f2_30_FSR_pacman,0.370837,10.69685,20.97389,4108.19,0.86024,2.31972,21922.368,0.361317581
2481,d3ce00979c2_9_FSR_pacman,0.88607,3.57476,11.76869,4864.88,0.61286,0.691661,2653.548,0.36119812
2480,d3ce00979c2_9_ASR_pacman,0.88607,3.57476,11.76869,4864.88,0.61286,0.691661,2653.548,0.36119812
828,c7dt03641h2_ASR_pacman,1.64441,3.70816,8.75639,2142.42,0.6032,0.366819,7845.018,0.361148201
2464,d3ce00979c2_1_ASR_pacman,0.902871,3.90135,11.5921,4747.78,0.60702,0.672322,2653.548,0.361026427
2465,d3ce00979c2_1_FSR_pacman,0.902871,3.90135,11.5921,4747.78,0.60702,0.672322,2653.548,0.361026427
2365,d2ta03524c2_2_FSR_pacman,0.721924,11.92624,12.7412,3368.48,0.76078,1.05382,3062.748,0.360843868
2064,d0sc05002d2_2_ASR_pacman,1.05956,4.02331,10.74407,4037.53,0.57006,0.538017,23594.376,0.360829205
2684,ic5005374_si_003_ASR_pacman,0.645115,7.63231,21.69767,2900.54,0.81604,1.26495,6185.016,0.360791778
208,alf475K_ASR_pacman,0.965619,7.15018,7.38813,3861.38,0.60892,0.630601,358.164,0.360775412
209,alf475K_FSR_pacman,0.965619,7.15018,7.38813,3861.38,0.60892,0.630601,358.164,0.360775412
3021,ja5b02999_si_003_ASR_pacman,0.78255,11.47984,14.66816,2900.71,0.79088,1.01064,5676.564,0.36062936
188,alf275K_ASR_pacman,0.96435,7.13022,7.35572,3854.69,0.60942,0.631949,358.164,0.360518461
189,alf275K_FSR_pacman,0.96435,7.13022,7.35572,3854.69,0.60942,0.631949,358.164,0.360518461
1587,cg500175k_si_001_1_ASR_pacman,0.663301,9.7602,20.33255,2830.27,0.8161,1.23036,15061.824,0.360356986
3602,ja9b10501_si_022_ASR_pacman,1.12345,4.55301,9.09892,3673.05,0.58578,0.521411,5259.934,0.360320174
3603,ja9b10501_si_022_FSR_pacman,1.12345,4.55301,9.09892,3673.05,0.58578,0.521411,5259.934,0.360320174
2528,d3nj02631k2_1_FSR_pacman,1.20029,6.07109,8.32194,3519.56,0.58358,0.486198,11621.174,0.360307839
2527,d3nj02631k2_1_ASR_pacman,1.20029,6.07109,8.32194,3519.56,0.58358,0.486198,11621.174,0.360307839
1618,cg900153m_si_001_ASR_pacman,0.59242,7.33311,17.39803,3987.5,0.7868,1.32811,29419.36,0.360305742
186,alf250K_ASR_pacman,0.963856,7.15404,7.37754,3864.44,0.60836,0.631173,358.164,0.360296072
187,alf250K_FSR_pacman,0.963856,7.15404,7.37754,3864.44,0.60836,0.631173,358.164,0.360296072
2729,ic5b02316_si_002_1_ion_pacman,1.49838,1.34131,10.10328,2852.36,0.57116,0.381185,2584.612,0.359965169
1093,c8ce01074a2_8_ASR_pacman,1.78155,7.19867,8.78424,2703.97,0.54878,0.308035,1977.132,0.359939162
2450,d3ce00979c2_12_ASR_pacman,0.895239,3.49184,11.72189,4840.19,0.6106,0.682052,2653.548,0.359865126
2451,d3ce00979c2_12_FSR_pacman,0.895239,3.49184,11.72189,4840.19,0.6106,0.682052,2653.548,0.359865126
2453,d3ce00979c2_13_FSR_pacman,0.902871,3.48001,11.85043,4815.75,0.60672,0.671989,2653.548,0.359729202
2452,d3ce00979c2_13_ASR_pacman,0.902871,3.48001,11.85043,4815.75,0.60672,0.671989,2653.548,0.359729202
191,alf290K_FSR_pacman,0.964702,7.10032,7.32526,3856.8,0.60926,0.631553,358.164,0.35972134
190,alf290K_ASR_pacman,0.964702,7.10032,7.32526,3856.8,0.60926,0.631553,358.164,0.35972134
3050,ja6b04971_si_002_6_ASR_pacman,0.642349,6.66254,13.745,3752.93,0.77674,1.20922,11914.944,0.359708901
182,alf200K_ASR_pacman,0.963078,7.11961,7.34407,3873.37,0.60892,0.632264,358.164,0.359629642
183,alf200K_FSR_pacman,0.963078,7.11961,7.34407,3873.37,0.60892,0.632264,358.164,0.359629642
3121,ja7b00219_si_009_FSR_pacman,1.20804,4.68416,8.05625,2785.78,0.6215,0.51447,5242.632,0.359561999
346,am8b11999_si_003_FSR_pacman,0.827054,9.13454,11.5085,2631.16,0.76496,0.924922,3205.284,0.359558731
2366,d2ta05218k2_ASR_pacman,0.585015,9.41489,10.72356,4200.65,0.77374,1.3226,3972.844,0.359556802
195,alf325K_FSR_pacman,0.964942,7.12518,7.35277,3871.23,0.60828,0.63038,358.164,0.359536047
194,alf325K_ASR_pacman,0.964942,7.12518,7.35277,3871.23,0.60828,0.63038,358.164,0.359536047
193,alf300K_FSR_pacman,0.964625,7.08348,7.31223,3857.69,0.60948,0.631831,358.164,0.359490701
192,alf300K_ASR_pacman,0.964625,7.08348,7.31223,3857.69,0.60948,0.631831,358.164,0.359490701
2456,d3ce00979c2_15_ASR_pacman,0.895067,3.70298,11.40418,4749.53,0.6094,0.680843,2653.548,0.359482279
2457,d3ce00979c2_15_FSR_pacman,0.895067,3.70298,11.40418,4749.53,0.6094,0.680843,2653.548,0.359482279
596,c6ce02351g2_6_FSR_pacman,1.01854,8.45898,9.58251,4645.92,0.5892,0.578473,4033.652,0.359299137
211,alf500K_FSR_pacman,0.965547,7.12426,7.4257,3890.64,0.60656,0.628203,358.164,0.359294463
210,alf500K_ASR_pacman,0.965547,7.12426,7.4257,3890.64,0.60656,0.628203,358.164,0.359294463
2531,d3nj03470d2_1_FSR_pacman,0.717193,6.32498,8.83176,3653.09,0.75422,1.05163,9256.848,0.359282105
2521,d3dt03959e2_1_FSR_pacman,1.00304,5.23956,7.01799,3361.88,0.64634,0.644381,1051.693,0.359279416
2520,d3dt03959e2_1_ASR_pacman,1.00304,5.23956,7.01799,3361.88,0.64634,0.644381,1051.693,0.359279416
184,alf225K_ASR_pacman,0.963763,7.14545,7.36776,3881.34,0.6074,0.630238,358.164,0.359246056
185,alf225K_FSR_pacman,0.963763,7.14545,7.36776,3881.34,0.6074,0.630238,358.164,0.359246056
1639,cm501138g_si_003_ASR_pacman,1.58207,2.90498,11.07664,2917.72,0.52798,0.333728,11354.987,0.359114054
1640,cm501138g_si_003_FSR_pacman,1.58207,2.90498,11.07664,2917.72,0.52798,0.333728,11354.987,0.359114054
3330,ja8b04277_si_007_FSR_pacman,0.561337,6.81807,16.63966,3889.88,0.7804,1.39025,5242.334,0.359082475
3329,ja8b04277_si_007_ASR_pacman,0.561337,6.81807,16.63966,3889.88,0.7804,1.39025,5242.334,0.359082475
180,alf175K_ASR_pacman,0.962395,7.11784,7.34022,3885.41,0.60824,0.632007,358.164,0.358958971
181,alf175K_FSR_pacman,0.962395,7.11784,7.34022,3885.41,0.60824,0.632007,358.164,0.358958971
471,c5dt01100k3_FSR_pacman,1.75767,8.2453,8.78314,3000.58,0.52816,0.300489,4633.632,0.358869011
469,c5dt01100k2_FSR_pacman,1.75767,8.2453,8.78314,3000.58,0.52816,0.300489,4633.632,0.358869011
2137,d1ce01274f2_FSR_pacman,1.01922,5.30078,7.12744,3649.18,0.63488,0.622911,2437.78,0.35883901
200,alf400K_ASR_pacman,0.965403,7.10824,7.38036,3885.01,0.60686,0.628608,358.164,0.35878587
201,alf400K_FSR_pacman,0.965403,7.10824,7.38036,3885.01,0.60686,0.628608,358.164,0.35878587
2800,ja0734952si20070516_030528_FSR_pacman,1.20424,5.82214,10.27901,4033.51,0.55784,0.463228,15283.992,0.358726722
196,alf350K_ASR_pacman,0.965164,7.11274,7.39325,3895.22,0.6067,0.628598,358.164,0.358699868
197,alf350K_FSR_pacman,0.965164,7.11274,7.39325,3895.22,0.6067,0.628598,358.164,0.358699868
205,alf425K_FSR_pacman,0.965315,7.10211,7.36007,3883.68,0.6072,0.629018,358.164,0.358645947
204,alf425K_ASR_pacman,0.965315,7.10211,7.36007,3883.68,0.6072,0.629018,358.164,0.358645947
3058,ja6b06759_si_002_ASR_pacman,0.576281,7.88946,14.81093,3904.83,0.76976,1.33574,24825.984,0.358635677
3059,ja6b06759_si_002_FSR_pacman,0.576281,7.88946,14.81093,3904.83,0.76976,1.33574,24825.984,0.358635677
3390,ja8b07050_si_003_FSR_pacman,0.780426,7.14505,9.48744,3138.81,0.7421,0.95089,1651.968,0.358456513
179,alf150K_FSR_pacman,0.962824,6.98307,7.23102,3879.24,0.61218,0.635817,358.164,0.358448243
178,alf150K_ASR_pacman,0.962824,6.98307,7.23102,3879.24,0.61218,0.635817,358.164,0.358448243
3636,ja9b13505_si_006_ASR_pacman,1.52169,8.42098,9.2797,2923.89,0.50908,0.334549,4797.881,0.358261878
206,alf450K_ASR_pacman,0.965477,7.10602,7.37164,3894.98,0.60638,0.628062,358.164,0.358174355
207,alf450K_FSR_pacman,0.965477,7.10602,7.37164,3894.98,0.60638,0.628062,358.164,0.358174355
3157,ja7b01320_si_020_FSR_pacman,1.18182,6.56643,7.12517,3234.17,0.61214,0.517966,5721.248,0.358154352
3156,ja7b01320_si_020_ASR_pacman,1.18182,6.56643,7.12517,3234.17,0.61214,0.517966,5721.248,0.358154352
1950,d0dt03012k2_4_ASR_pacman,1.10514,4.62697,7.25474,2906.68,0.68694,0.621585,18128.844,0.358118252
1951,d0dt03012k2_4_FSR_pacman,1.10514,4.62697,7.25474,2906.68,0.68694,0.621585,18128.844,0.358118252
768,c7ce01818e2_3_FSR_pacman,0.461959,8.48583,10.92057,4343.02,0.80716,1.74725,1531.352,0.357980102
1710,cs8b00764_si_002_FSR_pacman,1.38802,5.88313,7.82116,2673.48,0.60954,0.439143,1161.192,0.35790724
1709,cs8b00764_si_002_ASR_pacman,1.38802,5.88313,7.82116,2673.48,0.60954,0.439143,1161.192,0.35790724
2049,d0sc03727c2_4_FSR_pacman,0.337275,14.48327,23.03244,3878.87,0.87262,2.58726,20250,0.357901531
3376,ja8b06789_si_003_FSR_pacman,0.86396,7.60578,9.35532,2774.22,0.73916,0.855549,2703.301,0.357728046
3060,ja6b06759_si_003_ASR_pacman,0.667947,7.98313,15.36737,3280.88,0.77286,1.15707,28783.208,0.357727597
3061,ja6b06759_si_003_FSR_pacman,0.667947,7.98313,15.36737,3280.88,0.77286,1.15707,28783.208,0.357727597
3291,ja7b12913_si_003_ASR_pacman,1.60373,3.84994,9.00269,2093.69,0.576,0.359163,1539.752,0.357600852
3292,ja7b12913_si_003_FSR_pacman,1.60373,3.84994,9.00269,2093.69,0.576,0.359163,1539.752,0.357600852
2469,d3ce00979c2_3_FSR_pacman,0.914507,3.42652,11.79123,4796.38,0.60334,0.659743,2653.548,0.35759538
2468,d3ce00979c2_3_ASR_pacman,0.914507,3.42652,11.79123,4796.38,0.60334,0.659743,2653.548,0.35759538
1763,d0cc03808c2_17_FSR_pacman,0.938902,4.96237,7.70455,3079,0.72744,0.774777,2829.046,0.35738222
1762,d0cc03808c2_17_ASR_pacman,0.938902,4.96237,7.70455,3079,0.72744,0.774777,2829.046,0.35738222
3471,ja8b13710_si_001_FSR_pacman,0.523689,12.04578,14.52059,4415.78,0.7761,1.48199,1032.922,0.357268275
896,c7qm00414a2_1_ASR_pacman,0.484361,6.49712,16.40624,4177.49,0.81132,1.67503,5567.04,0.35719682
897,c7qm00414a2_1_FSR_pacman,0.484361,6.49712,16.40624,4177.49,0.81132,1.67503,5567.04,0.35719682
3130,ja7b01320_si_007_ASR_pacman,1.17679,6.5673,7.11486,3176.91,0.61178,0.519872,5561.3,0.357139324
3131,ja7b01320_si_007_FSR_pacman,1.17679,6.5673,7.11486,3176.91,0.61178,0.519872,5561.3,0.357139324
198,alf375K_ASR_pacman,0.965254,7.07944,7.38783,3915.86,0.60522,0.627006,358.164,0.357104866
199,alf375K_FSR_pacman,0.965254,7.07944,7.38783,3915.86,0.60522,0.627006,358.164,0.357104866
1754,d0cc03808c2_13_ASR_pacman,0.946624,4.995,7.6288,3069.05,0.72632,0.767274,2779.69,0.356989232
1755,d0cc03808c2_13_FSR_pacman,0.946624,4.995,7.6288,3069.05,0.72632,0.767274,2779.69,0.356989232
1702,cs0c01844_si_006_ASR_pacman,0.567042,15.42973,24.98163,3259.69,0.81292,1.43361,6347.306,0.35695588
1703,cs0c01844_si_006_FSR_pacman,0.567042,15.42973,24.98163,3259.69,0.81292,1.43361,6347.306,0.35695588
453,c5ce01260k2_1_FSR_pacman,1.29109,6.03961,6.76647,3355.39,0.62742,0.485962,1104.272,0.356899849
452,c5ce01260k2_1_ASR_pacman,1.29109,6.03961,6.76647,3355.39,0.62742,0.485962,1104.272,0.356899849
1757,d0cc03808c2_14_FSR_pacman,0.945123,4.9904,7.63234,3069.24,0.72668,0.768874,2812.594,0.356866898
1756,d0cc03808c2_14_ASR_pacman,0.945123,4.9904,7.63234,3069.24,0.72668,0.768874,2812.594,0.356866898
1760,d0cc03808c2_16_ASR_pacman,0.934631,4.93801,7.73191,3086.68,0.73042,0.781506,2861.95,0.356849793
1761,d0cc03808c2_16_FSR_pacman,0.934631,4.93801,7.73191,3086.68,0.73042,0.781506,2861.95,0.356849793
1170,c8dt04121k2_4_ASR_pacman,2.24052,5.17817,6.2338,1762.7,0.67764,0.302448,1168.116,0.35681956
2477,d3ce00979c2_7_FSR_pacman,0.909471,3.86148,11.38243,4718.72,0.60184,0.661747,2653.548,0.356719564
2476,d3ce00979c2_7_ASR_pacman,0.909471,3.86148,11.38243,4718.72,0.60184,0.661747,2653.548,0.356719564
3374,ja8b06789_si_002_FSR_pacman,0.837033,7.35916,10.31201,2769.45,0.7514,0.897695,2767.388,0.35671058
1749,d0cc03808c2_10_FSR_pacman,0.929197,4.9674,7.76739,3091.42,0.7317,0.787454,2878.402,0.356705149
1748,d0cc03808c2_10_ASR_pacman,0.929197,4.9674,7.76739,3091.42,0.7317,0.787454,2878.402,0.356705149
2298,d2dt02518c2_ASR_pacman,1.66611,7.08748,11.07094,2728.4,0.47216,0.283391,6130.85,0.356656712
2299,d2dt02518c2_FSR_pacman,1.66611,7.08748,11.07094,2728.4,0.47216,0.283391,6130.85,0.356656712
328,am8b05216_si_003_FSR_pacman,1.08147,3.97649,7.09166,3411.65,0.64892,0.600033,6043.644,0.356651167
1028,c8cc09474h2_4_FSR_pacman,2.5451,3.34554,11.82563,1984.66,0.46066,0.180999,7269.027,0.35663774
2937,ja500330a_si_009_FSR_pacman,1.30176,3.35633,9.46914,2964.21,0.5701,0.437944,3768.494,0.356618606
3391,ja8b07050_si_004_FSR_pacman,0.693113,10.34143,11.7992,3450.99,0.7578,1.09333,1772.088,0.356461536
1335,c9ce00732f2_2_ASR_pacman,0.589025,8.08431,15.59442,4060.24,0.78598,1.33438,7355.416,0.356434166
1764,d0cc03808c2_18_ASR_pacman,0.949189,5.12514,7.5949,3059.88,0.72678,0.765685,2730.334,0.356417064
1765,d0cc03808c2_18_FSR_pacman,0.949189,5.12514,7.5949,3059.88,0.72678,0.765685,2730.334,0.356417064
2415,d3ce00087g2_3_FSR_pacman,0.923042,5.36467,7.64686,4283.42,0.63866,0.691908,5272.832,0.356371941
1751,d0cc03808c2_11_FSR_pacman,1.04797,4.34352,6.93072,3072.32,0.69434,0.662557,1396.798,0.356346035
1750,d0cc03808c2_11_ASR_pacman,1.04797,4.34352,6.93072,3072.32,0.69434,0.662557,1396.798,0.356346035
622,c6qi00528d2_FSR_pacman,0.715932,9.13494,11.30694,3549.98,0.76344,1.06636,4024.066,0.356334786
621,c6qi00528d2_ASR_pacman,0.715932,9.13494,11.30694,3549.98,0.76344,1.06636,4024.066,0.356334786
3361,ja8b05890_si_003_FSR_pacman,0.516122,19.89319,22.15301,3245.55,0.82828,1.60481,2505.264,0.356329379
2364,d2ta03524c2_2_ASR_pacman,0.70319,11.92624,13.80664,3310.47,0.76816,1.09239,2966.754,0.3562328
1770,d0cc03808c2_20_ASR_pacman,1.04836,4.2128,6.91112,3082.57,0.69526,0.663189,1413.25,0.356146694
1771,d0cc03808c2_20_FSR_pacman,1.04836,4.2128,6.91112,3082.57,0.69526,0.663189,1413.25,0.356146694
1759,d0cc03808c2_15_FSR_pacman,1.05823,4.38564,6.89165,3057.81,0.6928,0.654679,1380.346,0.355805225
1758,d0cc03808c2_15_ASR_pacman,1.05823,4.38564,6.89165,3057.81,0.6928,0.654679,1380.346,0.355805225
2977,ja512311a_si_002_FSR_pacman,0.750337,9.86284,12.43576,3085.45,0.76792,1.02343,9859.064,0.355690812
2976,ja512311a_si_002_ASR_pacman,0.750337,9.86284,12.43576,3085.45,0.76792,1.02343,9859.064,0.355690812
1767,d0cc03808c2_19_FSR_pacman,1.05751,4.19991,6.88794,3068.55,0.69338,0.655674,1396.798,0.35566944
1766,d0cc03808c2_19_ASR_pacman,1.05751,4.19991,6.88794,3068.55,0.69338,0.655674,1396.798,0.35566944
3369,ja8b06733_si_002_FSR_pacman,0.566688,7.80944,11.11202,4059.49,0.77514,1.36784,1138.629,0.355664462
1787,d0cc03808c2_9_FSR_pacman,1.05455,4.20715,6.87225,3075.42,0.69424,0.658327,1429.702,0.355609285
1786,d0cc03808c2_9_ASR_pacman,1.05455,4.20715,6.87225,3075.42,0.69424,0.658327,1429.702,0.355609285
1946,d0dt03012k2_2_ASR_pacman,1.19648,4.69213,7.20867,2743.89,0.68036,0.568632,15251.529,0.355508699
1947,d0dt03012k2_2_FSR_pacman,1.19648,4.69213,7.20867,2743.89,0.68036,0.568632,15251.529,0.355508699
3564,ja9b08322_si_002_ASR_pacman,1.80994,4.60288,9.54556,2521.15,0.55076,0.304298,7506.684,0.355471178
3565,ja9b08322_si_002_FSR_pacman,1.80994,4.60288,9.54556,2521.15,0.55076,0.304298,7506.684,0.355471178
1226,c8qi01332b2_ASR_pacman,0.955458,4.171,7.18435,4080.41,0.65162,0.681998,1200,0.355443629
1753,d0cc03808c2_12_FSR_pacman,1.0687,4.35208,6.83867,3050.58,0.69006,0.645699,1382.892,0.355070711
1752,d0cc03808c2_12_ASR_pacman,1.0687,4.35208,6.83867,3050.58,0.69006,0.645699,1382.892,0.355070711
176,alf125K_ASR_pacman,0.964589,6.80461,7.12911,3879.03,0.61106,0.633493,358.164,0.355030385
177,alf125K_FSR_pacman,0.964589,6.80461,7.12911,3879.03,0.61106,0.633493,358.164,0.355030385
2832,ja0c05272_si_002_ASR_pacman,1.27187,4.5874,7.87231,3016.97,0.60984,0.479483,4723.968,0.354879936
2460,d3ce00979c2_17_ASR_pacman,0.934034,3.31447,11.87097,4761.74,0.59592,0.638007,2653.548,0.354857505
2461,d3ce00979c2_17_FSR_pacman,0.934034,3.31447,11.87097,4761.74,0.59592,0.638007,2653.548,0.354857505
708,c7cc08200b2_1_FSR_pacman,0.847041,4.36467,6.15458,4856.1,0.68242,0.805652,9972.87,0.354816937
766,c7ce01818e2_1_FSR_pacman,0.455243,8.94328,12.6342,4326.14,0.80974,1.7787,1531.352,0.354774641
2685,ic5005374_si_003_FSR_pacman,0.665769,7.63231,19.70503,3009.25,0.80602,1.21066,6952.968,0.354748866
2278,d2ce00268j2_3_ASR_pacman,1.20912,5.60288,8.77248,3939.39,0.58538,0.484136,7585.219,0.354698729
583,c6ce00407e8_FSR_pacman,0.850252,4.4915,6.18436,4094.34,0.67564,0.794635,597.44,0.354656507
582,c6ce00407e8_ASR_pacman,0.850252,4.4915,6.18436,4094.34,0.67564,0.794635,597.44,0.354656507
1133,c8dt01017j2_3_FSR_pacman,0.855391,4.30946,6.52659,4286.18,0.67178,0.785349,3476.778,0.354601037
2949,ja507947d_si_001_FSR_pacman,0.552183,7.02144,17.77688,3824.31,0.78388,1.4196,10292.832,0.354322922
2085,d0ta06830f2_18_FSR_pacman,0.359244,13.12115,20.10817,4125.7,0.85958,2.39275,4894.176,0.35431533
169,adma201704792-sup-0002-s2_ASR_pacman,0.599196,6.84818,12.50429,3889.92,0.78018,1.30204,5485.104,0.354100317
107,41557_2017_BFnchem2747_MOESM357_ESM_ASR_pacman,1.31472,3.81352,7.75781,2917.21,0.62468,0.475142,1892.32,0.354044469
108,41557_2017_BFnchem2747_MOESM357_ESM_FSR_pacman,1.31472,3.81352,7.75781,2917.21,0.62468,0.475142,1892.32,0.354044469
2071,d0ta06830f2_10_FSR_pacman,0.357864,13.14308,20.12103,4115.68,0.85934,2.4013,4894.176,0.354029538
995,c8cc03121e2_5_FSR_pacman,0.670701,8.29782,17.89897,2981.03,0.79556,1.18616,1761.018,0.354013884
769,c7ce01818e2_4_FSR_pacman,0.454673,8.89614,12.80545,4324.02,0.81382,1.7899,1531.352,0.353954319
296,am7b10884_si_003_FSR_pacman,0.814524,4.42552,7.70719,4784.88,0.65854,0.808496,3613.942,0.353895084
241,aloh475K_FSR_pacman,0.947454,6.82773,7.14849,3926.36,0.60992,0.643746,352.166,0.353815276
240,aloh475K_ASR_pacman,0.947454,6.82773,7.14849,3926.36,0.60992,0.643746,352.166,0.353815276
233,aloh375K_FSR_pacman,0.948283,6.83469,7.15171,3924.24,0.60948,0.642719,352.166,0.353731756
232,aloh375K_ASR_pacman,0.948283,6.83469,7.15171,3924.24,0.60948,0.642719,352.166,0.353731756
237,aloh425K_FSR_pacman,0.947821,6.8331,7.15427,3925.34,0.60938,0.642927,352.166,0.353675703
236,aloh425K_ASR_pacman,0.947821,6.8331,7.15427,3925.34,0.60938,0.642927,352.166,0.353675703
243,aloh500K_FSR_pacman,0.947332,6.81133,7.13036,3925.93,0.61036,0.644293,352.166,0.353671552
242,aloh500K_ASR_pacman,0.947332,6.81133,7.13036,3925.93,0.61036,0.644293,352.166,0.353671552
1052,c8ce00653a2_2_ASR_pacman,1.08741,4.9593,7.63609,3237.07,0.60988,0.560855,6752.936,0.353653348
1283,c9cc01701a2_1_FSR_pacman,1.04224,4.89391,7.12792,4084.06,0.64024,0.614294,2088.228,0.353530452
239,aloh450K_FSR_pacman,0.947611,6.82184,7.14102,3927.14,0.60966,0.643366,352.166,0.35350861
238,aloh450K_ASR_pacman,0.947611,6.82184,7.14102,3927.14,0.60966,0.643366,352.166,0.35350861
2087,d0ta06830f2_19_FSR_pacman,0.360168,13.09776,20.06033,4126.79,0.85902,2.38505,4894.176,0.353445705
2467,d3ce00979c2_2_FSR_pacman,0.921741,3.90745,11.19539,4690.82,0.59778,0.648534,2653.548,0.35342133
2466,d3ce00979c2_2_ASR_pacman,0.921741,3.90745,11.19539,4690.82,0.59778,0.648534,2653.548,0.35342133
152,S2052520623001105_9_FSR_pacman,3.00165,4.17671,8.79281,1722.1,0.52408,0.174597,12975.271,0.353288444
151,S2052520623001105_9_ASR_pacman,3.00165,4.17671,8.79281,1722.1,0.52408,0.174597,12975.271,0.353288444
2455,d3ce00979c2_14_FSR_pacman,0.924283,3.71466,11.11974,4644.26,0.59748,0.646425,2653.548,0.353166694
2454,d3ce00979c2_14_ASR_pacman,0.924283,3.71466,11.11974,4644.26,0.59748,0.646425,2653.548,0.353166694
3062,ja6b06759_si_004_ASR_pacman,0.558595,7.84153,15.47291,3884.65,0.77588,1.38899,24245.376,0.35312491
3063,ja6b06759_si_004_FSR_pacman,0.558595,7.84153,15.47291,3884.65,0.77588,1.38899,24245.376,0.35312491
2532,d3nj03470d2_2_FSR_pacman,0.70152,6.68369,9.51532,3539.15,0.76106,1.08487,8198.462,0.353105565
231,aloh350K_FSR_pacman,0.9485,6.84408,7.1604,3929.19,0.60812,0.641139,352.166,0.353093954
230,aloh350K_ASR_pacman,0.9485,6.84408,7.1604,3929.19,0.60812,0.641139,352.166,0.353093954
234,aloh400K_ASR_pacman,0.948046,6.81278,7.1298,3927.91,0.60932,0.642712,352.166,0.353081664
235,aloh400K_FSR_pacman,0.948046,6.81278,7.1298,3927.91,0.60932,0.642712,352.166,0.353081664
715,c7ce00108h2_4_ASR_pacman,0.842634,5.32199,7.6537,4524.17,0.64364,0.763843,6050.184,0.353074889
224,aloh275K_ASR_pacman,0.94919,6.79018,7.12468,3922.29,0.60952,0.642148,352.166,0.353062828
225,aloh275K_FSR_pacman,0.94919,6.79018,7.12468,3922.29,0.60952,0.642148,352.166,0.353062828
2073,d0ta06830f2_11_FSR_pacman,0.358322,13.15425,20.11864,4111.28,0.8596,2.39896,4894.176,0.353051388
222,aloh250K_ASR_pacman,0.949365,6.80208,7.13185,3925.88,0.60908,0.641566,352.166,0.352947803
223,aloh250K_FSR_pacman,0.949365,6.80208,7.13185,3925.88,0.60908,0.641566,352.166,0.352947803
228,aloh325K_ASR_pacman,0.948757,6.85974,7.14932,3933.15,0.608,0.640839,352.166,0.352911992
229,aloh325K_FSR_pacman,0.948757,6.85974,7.14932,3933.15,0.608,0.640839,352.166,0.352911992
1038,c8ce00204e2_1_ASR_pacman,0.943211,4.63847,9.1703,4161.49,0.59762,0.633602,27319.575,0.352662531
3637,ja9b13505_si_006_FSR_pacman,1.54479,8.42098,9.2797,2897.79,0.50078,0.324173,4925.873,0.352636317
2083,d0ta06830f2_17_FSR_pacman,0.359704,13.11329,20.10577,4116.13,0.85938,2.38913,4894.176,0.352623911
221,aloh225K_FSR_pacman,0.949535,6.81177,7.12545,3925.1,0.60846,0.640798,352.166,0.352615896
220,aloh225K_ASR_pacman,0.949535,6.81177,7.12545,3925.1,0.60846,0.640798,352.166,0.352615896
2081,d0ta06830f2_16_FSR_pacman,0.358553,13.15022,20.11274,4110.27,0.85926,2.39647,4894.176,0.352614146
2803,ja078060t-file002_ASR_pacman,0.646945,8.61298,16.73186,3275.5,0.7797,1.2052,17667.39,0.352569348
1429,c9dt02472g2_FSR_pacman,1.17385,6.55663,6.92314,2883.71,0.62126,0.52925,465.056,0.352526823
1428,c9dt02472g2_ASR_pacman,1.17385,6.55663,6.92314,2883.71,0.62126,0.52925,465.056,0.352526823
3368,ja8b06733_si_002_ASR_pacman,0.559766,8.37104,11.11202,4064.04,0.77718,1.3884,1122.63,0.35250713
2079,d0ta06830f2_15_FSR_pacman,0.359012,13.13748,20.10286,4111.6,0.85936,2.39368,4894.176,0.352458776
3094,ja6b10768_si_005_FSR_pacman,0.677966,8.63427,11.39447,3883.23,0.78122,1.1523,3047.373,0.352438053
218,aloh200K_ASR_pacman,0.949755,6.81635,7.14147,3928.67,0.60754,0.639681,352.166,0.352304341
219,aloh200K_FSR_pacman,0.949755,6.81635,7.14147,3928.67,0.60754,0.639681,352.166,0.352304341
215,aloh150K_FSR_pacman,0.95009,6.79137,7.12585,3927.28,0.60824,0.640192,352.166,0.352295402
214,aloh150K_ASR_pacman,0.95009,6.79137,7.12585,3927.28,0.60824,0.640192,352.166,0.352295402
1350,c9ce01026b2_FSR_pacman,1.15186,9.32329,10.2553,4367.28,0.52762,0.458061,1582.56,0.352263981
1349,c9ce01026b2_ASR_pacman,1.15186,9.32329,10.2553,4367.28,0.52762,0.458061,1582.56,0.352263981
662,c7cc02470c2_1_FSR_pacman,1.60541,3.97058,9.44892,3261.2,0.56006,0.348858,11890.168,0.352203873
2431,d3ce00592e2_5_FSR_pacman,1.0707,4.7643,8.30894,4133.79,0.61322,0.57273,13264.176,0.35202027
227,aloh300K_FSR_pacman,0.948965,6.81769,7.12101,3933.47,0.6077,0.640382,352.166,0.352001898
226,aloh300K_ASR_pacman,0.948965,6.81769,7.12101,3933.47,0.6077,0.640382,352.166,0.352001898
1642,cm501138g_si_004_FSR_pacman,1.26713,3.28417,11.12071,3732.82,0.539,0.42537,10958.624,0.351997078
1641,cm501138g_si_004_ASR_pacman,1.26713,3.28417,11.12071,3732.82,0.539,0.42537,10958.624,0.351997078
1778,d0cc03808c2_5_ASR_pacman,1.32521,4.50551,7.37742,2262.98,0.7138,0.538631,3250.486,0.351978055
1779,d0cc03808c2_5_FSR_pacman,1.32521,4.50551,7.37742,2262.98,0.7138,0.538631,3250.486,0.351978055
3193,ja7b02272_si_012_ASR_pacman,1.07861,5.48434,8.52187,4234.87,0.60614,0.561966,5454.207,0.351974538
3194,ja7b02272_si_012_FSR_pacman,1.07861,5.48434,8.52187,4234.87,0.60614,0.561966,5454.207,0.351974538
3360,ja8b05890_si_003_ASR_pacman,0.501629,19.89319,22.15301,3239.57,0.83268,1.65995,2409.27,0.351906412
1039,c8ce00204e2_1_FSR_pacman,0.947183,4.63847,9.1703,4159.48,0.59616,0.629403,27463.566,0.351811384
718,c7ce00306d2_4_FSR_pacman,0.960015,5.283,6.9275,4172.66,0.64144,0.668156,3459.072,0.351705771
173,alf100K_FSR_pacman,0.965641,6.6259,7.03289,3873.08,0.60978,0.631477,358.164,0.351650147
172,alf100K_ASR_pacman,0.965641,6.6259,7.03289,3873.08,0.60978,0.631477,358.164,0.351650147
3139,ja7b01320_si_011_FSR_pacman,1.1353,6.155,6.79537,3425.72,0.61506,0.541759,5563.478,0.351648427
3138,ja7b01320_si_011_ASR_pacman,1.1353,6.155,6.79537,3425.72,0.61506,0.541759,5563.478,0.351648427
1785,d0cc03808c2_8_FSR_pacman,1.33476,4.48169,7.33498,2255.27,0.71474,0.535484,2983.762,0.351600989
1784,d0cc03808c2_8_ASR_pacman,1.33476,4.48169,7.33498,2255.27,0.71474,0.535484,2983.762,0.351600989
2459,d3ce00979c2_16_FSR_pacman,0.943251,3.71541,10.95627,4512.6,0.58948,0.624945,2653.548,0.351562337
2458,d3ce00979c2_16_ASR_pacman,0.943251,3.71541,10.95627,4512.6,0.58948,0.624945,2653.548,0.351562337
1668,cm9b01258_si_004_ASR_pacman,1.55502,3.91758,10.24291,2511.19,0.52712,0.338979,4714.032,0.35147413
3145,ja7b01320_si_014_FSR_pacman,1.12349,6.06511,6.8117,3421.31,0.61572,0.548043,5492.355,0.351433842
3144,ja7b01320_si_014_ASR_pacman,1.12349,6.06511,6.8117,3421.31,0.61572,0.548043,5492.355,0.351433842
1108,c8ce01868e2_1_FSR_pacman,0.996143,5.88782,7.584,4198.66,0.6195,0.621899,9032.942,0.351284595
1107,c8ce01868e2_1_ASR_pacman,0.996143,5.88782,7.584,4198.66,0.6195,0.621899,9032.942,0.351284595
3429,ja8b11221_si_003_ASR_pacman,0.906581,2.56944,10.70868,4667.1,0.61164,0.674667,11160.697,0.351202283
3430,ja8b11221_si_003_FSR_pacman,0.906581,2.56944,10.70868,4667.1,0.61164,0.674667,11160.697,0.351202283
216,aloh175K_ASR_pacman,0.949984,6.77616,7.08697,3933.91,0.60772,0.639716,352.166,0.351189629
217,aloh175K_FSR_pacman,0.949984,6.77616,7.08697,3933.91,0.60772,0.639716,352.166,0.351189629
2091,d0ta06830f2_20_FSR_pacman,0.360168,13.10208,20.07901,4108.46,0.85942,2.38616,4894.176,0.35118961
666,c7cc02470c2_3_FSR_pacman,1.88405,4.05423,9.33084,2766.94,0.55772,0.296022,7073.084,0.351132379
2075,d0ta06830f2_12_FSR_pacman,0.360863,13.09525,20.0483,4114.14,0.85892,2.38018,4894.176,0.351123316
2108,d0ta06830f2_9_FSR_pacman,0.359475,13.07243,20.07703,4103.19,0.8585,2.3882,4894.176,0.350985171
2472,d3ce00979c2_5_ASR_pacman,0.933752,3.91048,11.07989,4645.56,0.59308,0.635158,2653.548,0.350901459
2473,d3ce00979c2_5_FSR_pacman,0.933752,3.91048,11.07989,4645.56,0.59308,0.635158,2653.548,0.350901459
2102,d0ta06830f2_5_FSR_pacman,0.36063,13.09732,20.0822,4109.24,0.85884,2.3815,4894.176,0.350773656
2095,d0ta06830f2_2_FSR_pacman,0.36063,13.11165,20.07847,4110.34,0.85868,2.38106,4894.176,0.350772126
1781,d0cc03808c2_6_FSR_pacman,1.31065,4.55593,7.31896,2266.46,0.71828,0.548033,3561.664,0.350706588
1780,d0cc03808c2_6_ASR_pacman,1.31065,4.55593,7.31896,2266.46,0.71828,0.548033,3561.664,0.350706588
3200,ja7b02394_si_003_FSR_pacman,0.604562,8.47781,16.86367,3531.34,0.77558,1.28288,8369.22,0.350652729
3199,ja7b02394_si_003_ASR_pacman,0.604562,8.47781,16.86367,3531.34,0.77558,1.28288,8369.22,0.350652729
2412,d3ce00087g2_2_ASR_pacman,1.06146,5.17449,6.9973,3495.23,0.62182,0.585818,5036.384,0.350634999
3128,ja7b01320_si_006_ASR_pacman,1.17282,6.2678,6.8539,3355.82,0.60906,0.519312,5775.406,0.350536301
3129,ja7b01320_si_006_FSR_pacman,1.17282,6.2678,6.8539,3355.82,0.60906,0.519312,5775.406,0.350536301
1011,c8cc07098a2_ASR_pacman,1.04382,6.15163,10.65663,4505.36,0.56982,0.545899,4256.968,0.350528098
1012,c8cc07098a2_FSR_pacman,1.04382,6.15163,10.65663,4505.36,0.56982,0.545899,4256.968,0.350528098
1089,c8ce01074a2_10_ASR_pacman,1.8172,6.99626,8.63191,2678.75,0.5404,0.297381,1977.132,0.350246957
1550,c9ta10723a2_ASR_pacman,0.654959,17.12697,17.3906,4164.84,0.74152,1.13216,1157.09,0.350114906
1551,c9ta10723a2_FSR_pacman,0.654959,17.12697,17.3906,4164.84,0.74152,1.13216,1157.09,0.350114906
1488,c9qm00612e2_ASR_pacman,0.589749,8.81687,16.18261,3786.96,0.7752,1.31446,4225.88,0.350109566
1841,d0ce00900h2_13_ASR_pacman,1.784,7.1111,8.68115,2729.98,0.53652,0.300739,1780.867,0.349989944
2100,d0ta06830f2_4_FSR_pacman,0.361326,13.11708,20.05616,4109.49,0.8587,2.37652,4894.176,0.349963965
2077,d0ta06830f2_13_FSR_pacman,0.360168,13.22697,20.07154,4104.17,0.85974,2.38705,4894.176,0.349953728
2993,ja512311a_si_011_ASR_pacman,0.790294,9.50466,12.09961,2676.42,0.78116,0.988442,9721.388,0.34987125
2994,ja512311a_si_011_FSR_pacman,0.790294,9.50466,12.09961,2676.42,0.78116,0.988442,9721.388,0.34987125
1772,d0cc03808c2_2_ASR_pacman,1.32969,4.4985,7.12904,2269.37,0.71116,0.534832,3072.67,0.3497117
1773,d0cc03808c2_2_FSR_pacman,1.32969,4.4985,7.12904,2269.37,0.71116,0.534832,3072.67,0.3497117
1026,c8cc09474h2_3_FSR_pacman,2.35438,3.3241,11.82972,2124.09,0.45868,0.19482,3805.497,0.349645114
298,am7b10884_si_004_FSR_pacman,1.03174,5.61309,8.80755,4202.2,0.5927,0.574466,1758.848,0.349579489
297,am7b10884_si_004_ASR_pacman,1.03174,5.61309,8.80755,4202.2,0.5927,0.574466,1758.848,0.349579489
106,41557_2017_BFnchem2747_MOESM356_ESM_FSR_pacman,1.32401,3.77006,7.57555,2897.89,0.62242,0.470101,1892.32,0.349511568
105,41557_2017_BFnchem2747_MOESM356_ESM_ASR_pacman,1.32401,3.77006,7.57555,2897.89,0.62242,0.470101,1892.32,0.349511568
2098,d0ta06830f2_3_FSR_pacman,0.361793,13.1467,20.05274,4109.28,0.85892,2.37406,4894.176,0.34942177
1800,d0ce00142b2_2_ASR_pacman,0.647035,9.06245,10.28846,3544.45,0.757,1.16995,759.828,0.349341364
1801,d0ce00142b2_2_FSR_pacman,0.647035,9.06245,10.28846,3544.45,0.757,1.16995,759.828,0.349341364
213,alf70K_FSR_pacman,0.967005,6.6231,7.04468,3898.22,0.60614,0.626822,358.164,0.349288318
212,alf70K_ASR_pacman,0.967005,6.6231,7.04468,3898.22,0.60614,0.626822,358.164,0.349288318
623,c6qi00542j2_ASR_pacman,0.748511,4.41903,5.40719,4531.43,0.68134,0.91026,454.36,0.349261254
3635,ja9b13072_si_002_2_FSR_pacman,0.650193,8.05493,15.31012,3243.63,0.7787,1.19764,2272.728,0.349148609
3634,ja9b13072_si_002_2_ASR_pacman,0.650193,8.05493,15.31012,3243.63,0.7787,1.19764,2272.728,0.349148609
1671,cm9b01258_si_005_FSR_pacman,2.57038,3.72007,8.3558,1519.78,0.47636,0.185327,4842.024,0.349020467
3624,ja9b11952_si_002_5_ASR_pacman,1.38885,7.1346,8.37138,2588.89,0.54544,0.392727,953.263,0.349006388
3625,ja9b11952_si_002_5_FSR_pacman,1.38885,7.1346,8.37138,2588.89,0.54544,0.392727,953.263,0.349006388
2688,ic501477u_si_002_ion_pacman,0.844802,4.00353,8.32687,5021.4,0.64466,0.76309,2303.232,0.348979909
767,c7ce01818e2_2_FSR_pacman,0.468999,8.62877,12.79739,4268.91,0.81522,1.73821,1531.352,0.348948699
3136,ja7b01320_si_010_ASR_pacman,1.13034,6.18067,6.74672,3454.91,0.61086,0.540423,5558.478,0.348938788
3137,ja7b01320_si_010_FSR_pacman,1.13034,6.18067,6.74672,3454.91,0.61086,0.540423,5558.478,0.348938788
175,alf11K_FSR_pacman,0.967096,6.63556,7.04555,3907.05,0.60544,0.626039,358.164,0.348820869
174,alf11K_ASR_pacman,0.967096,6.63556,7.04555,3907.05,0.60544,0.626039,358.164,0.348820869
2833,ja0c05272_si_002_FSR_pacman,1.29996,4.5874,7.87231,3063.87,0.59674,0.459046,4915.956,0.348800653
202,alf40K_ASR_pacman,0.967155,6.60148,7.04209,3902.77,0.60556,0.626125,358.164,0.348648115
203,alf40K_FSR_pacman,0.967155,6.60148,7.04209,3902.77,0.60556,0.626125,358.164,0.348648115
2019,d0sc01796e2_1_ASR_pacman,0.621117,11.7107,19.66752,3297.15,0.78718,1.26736,8838.936,0.348324487
2020,d0sc01796e2_1_FSR_pacman,0.621117,11.7107,19.66752,3297.15,0.78718,1.26736,8838.936,0.348324487
3262,ja7b07612_si_003_FSR_pacman,1.32796,8.226,8.36253,3543.94,0.53342,0.401683,1672.68,0.348202461
3261,ja7b07612_si_003_ASR_pacman,1.32796,8.226,8.36253,3543.94,0.53342,0.401683,1672.68,0.348202461
2028,d0sc02123g2_4_FSR_pacman,1.04571,6.99188,7.87487,4191.22,0.59312,0.567196,5180.52,0.348101101
2027,d0sc02123g2_4_ASR_pacman,1.04571,6.99188,7.87487,4191.22,0.59312,0.567196,5180.52,0.348101101
2980,ja512311a_si_004_FSR_pacman,1.05581,4.57444,7.53043,3693.62,0.611,0.578705,13271.246,0.347990881
2979,ja512311a_si_004_ASR_pacman,1.05581,4.57444,7.53043,3693.62,0.611,0.578705,13271.246,0.347990881
2657,es8b04728_si_002_ASR_pacman,1.01141,7.09121,7.92098,4347.78,0.5996,0.592835,2345.692,0.347818422
1855,d0ce01014f2_1_FSR_pacman,1.08863,6.11368,7.1824,4016.26,0.61072,0.560997,2103.542,0.347726198
1871,d0ce01254h2_4_ASR_pacman,1.40822,5.68465,7.67559,2840.76,0.58954,0.418643,4219.136,0.347725619
2707,ic502643m_si_011_ASR_pacman,0.670938,13.6357,14.00726,3655.83,0.76842,1.14529,4460.976,0.34771844
2708,ic502643m_si_011_FSR_pacman,0.670938,13.6357,14.00726,3655.83,0.76842,1.14529,4460.976,0.34771844
3135,ja7b01320_si_009_FSR_pacman,1.1764,6.13181,6.84478,3279.15,0.6067,0.515724,5552.399,0.347639823
3134,ja7b01320_si_009_ASR_pacman,1.1764,6.13181,6.84478,3279.15,0.6067,0.515724,5552.399,0.347639823
3132,ja7b01320_si_008_ASR_pacman,1.1675,6.31382,6.90522,3372.99,0.60092,0.514708,5552.419,0.347521913
3133,ja7b01320_si_008_FSR_pacman,1.1675,6.31382,6.90522,3372.99,0.60092,0.514708,5552.419,0.347521913
3325,ja8b02994_si_006_ASR_pacman,0.622646,10.75583,13.47334,3874.96,0.77194,1.23977,1071.316,0.347451268
3326,ja8b02994_si_006_FSR_pacman,0.622646,10.75583,13.47334,3874.96,0.77194,1.23977,1071.316,0.347451268
2470,d3ce00979c2_4_ASR_pacman,0.953729,3.58548,10.93225,4653,0.59338,0.622169,2653.548,0.347316261
2471,d3ce00979c2_4_FSR_pacman,0.953729,3.58548,10.93225,4653,0.59338,0.622169,2653.548,0.347316261
1677,cm9b01258_si_008_FSR_pacman,2.69786,3.57239,8.64236,1486.43,0.44024,0.163181,4842.024,0.347175753
1799,d0ce00142b2_1_FSR_pacman,0.658444,9.9122,12.43242,3282.73,0.7646,1.16122,532.15,0.347147416
1798,d0ce00142b2_1_ASR_pacman,0.658444,9.9122,12.43242,3282.73,0.7646,1.16122,532.15,0.347147416
2104,d0ta06830f2_6_FSR_pacman,0.362492,12.84967,19.82637,4096.6,0.85488,2.35834,4894.176,0.347047793
2050,d0sc03727c2_5_ASR_pacman,0.395377,10.41968,25.09744,3927.74,0.84364,2.13376,4858.416,0.346823434
2717,ic5b00096_si_003_ASR_pacman,1.66812,2.63701,8.74947,2303.33,0.57734,0.346101,10190.387,0.346632196
2718,ic5b00096_si_003_FSR_pacman,1.66812,2.63701,8.74947,2303.33,0.57734,0.346101,10190.387,0.346632196
2989,ja512311a_si_009_ASR_pacman,0.770777,8.08885,9.76822,3050.22,0.75972,0.985655,9907.448,0.34658016
2990,ja512311a_si_009_FSR_pacman,0.770777,8.08885,9.76822,3050.22,0.75972,0.985655,9907.448,0.34658016
3086,ja6b09113_si_002_FSR_pacman,0.603394,10.54156,13.34571,3847.9,0.76954,1.27535,2360.841,0.346565666
2106,d0ta06830f2_7_FSR_pacman,0.362492,13.07501,20.02205,4088.44,0.85886,2.36932,4894.176,0.346442673
2089,d0ta06830f2_1_FSR_pacman,0.361559,13.12476,20.05118,4080.27,0.86004,2.3787,4894.176,0.346307888
1768,d0cc03808c2_1_ASR_pacman,1.49298,4.27881,6.65188,2238.4,0.67854,0.454487,1518.61,0.346201412
1769,d0cc03808c2_1_FSR_pacman,1.49298,4.27881,6.65188,2238.4,0.67854,0.454487,1518.61,0.346201412
994,c8cc03121e2_5_ASR_pacman,0.653575,8.29782,17.89897,2909.72,0.80406,1.23025,1665.024,0.346142099
1869,d0ce01254h2_3_ASR_pacman,1.39624,5.56866,7.77694,2892.58,0.5836,0.41798,3305.496,0.346079011
3020,ja5b02999_si_002_FSR_pacman,0.745116,12.22185,13.98752,3264.08,0.78782,1.05731,2934.276,0.346068559
1775,d0cc03808c2_3_FSR_pacman,1.47409,4.31573,6.64268,2258.99,0.68052,0.461655,1607.518,0.346034723
1774,d0cc03808c2_3_ASR_pacman,1.47409,4.31573,6.64268,2258.99,0.68052,0.461655,1607.518,0.346034723
3381,ja8b06789_si_006_ASR_pacman,0.875365,6.66847,8.87876,2610.28,0.7494,0.8561,2507.372,0.345998025
2754,ic6b00661_si_002_ASR_pacman,0.588187,8.51049,10.09663,3891.85,0.77518,1.31791,408.186,0.345830143
2755,ic6b00661_si_002_FSR_pacman,0.588187,8.51049,10.09663,3891.85,0.77518,1.31791,408.186,0.345830143
3375,ja8b06789_si_003_ASR_pacman,0.826032,7.60578,9.35532,2683.49,0.75436,0.913233,2575.309,0.345791702
2997,ja512311a_si_014_ASR_pacman,0.731716,9.78344,11.44208,3168.75,0.77126,1.05404,2476.862,0.345732823
2998,ja512311a_si_014_FSR_pacman,0.731716,9.78344,11.44208,3168.75,0.77126,1.05404,2476.862,0.345732823
1218,c8qi01055b2_2_ASR_pacman,0.914719,6.93587,8.51048,4892.84,0.6118,0.668839,3428.616,0.34563299
1219,c8qi01055b2_2_FSR_pacman,0.914719,6.93587,8.51048,4892.84,0.6118,0.668839,3428.616,0.34563299
267,am6b11797_si_001_2_FSR_pacman,0.600661,6.22507,16.20318,3705.71,0.79942,1.3309,5776.498,0.345534357
266,am6b11797_si_001_2_ASR_pacman,0.600661,6.22507,16.20318,3705.71,0.79942,1.3309,5776.498,0.345534357
109,MUF-91-18h-46pc_ASR_pacman,1.25075,3.15797,9.06781,2896.98,0.5676,0.453807,1066.166,0.345466283
1777,d0cc03808c2_4_FSR_pacman,1.48675,4.33732,6.59343,2262.09,0.67774,0.455852,1740.88,0.34538174
1776,d0cc03808c2_4_ASR_pacman,1.48675,4.33732,6.59343,2262.09,0.67774,0.455852,1740.88,0.34538174
380,am9b04768_si_002_FSR_pacman,4.10056,3.50713,6.12843,1282.41,0.36514,0.0890463,1188.692,0.345347089
379,am9b04768_si_002_ASR_pacman,4.10056,3.50713,6.12843,1282.41,0.36514,0.0890463,1188.692,0.345347089
3383,ja8b06789_si_007_ASR_pacman,0.862355,6.92647,9.25409,2582.83,0.75588,0.87653,2307.314,0.345193548
3389,ja8b07050_si_003_ASR_pacman,0.71996,9.00825,11.0709,2994.55,0.76532,1.063,1523.976,0.34515996
111,MUF-93-72h-76pc_ASR_pacman,1.23985,3.17738,9.1038,2920.88,0.56578,0.456329,1607.833,0.345079114
1329,c9ce00359b2_1_FSR_pacman,0.955213,4.07676,8.0479,4203.62,0.61812,0.647101,1780.47,0.344635912
3152,ja7b01320_si_018_ASR_pacman,1.16631,6.10907,6.85071,3371.48,0.60054,0.514904,5508.374,0.344587762
3153,ja7b01320_si_018_FSR_pacman,1.16631,6.10907,6.85071,3371.48,0.60054,0.514904,5508.374,0.344587762
1239,c8ra05163a2_ASR_pacman,0.86962,5.37288,6.33429,4397.8,0.64686,0.743842,1536.672,0.344545129
1979,d0nj02753g2_2_ASR_pacman,1.00704,6.50578,9.689,4558.17,0.5794,0.57535,2858,0.344502802
1980,d0nj02753g2_2_FSR_pacman,1.00704,6.50578,9.689,4558.17,0.5794,0.57535,2858,0.344502802
3140,ja7b01320_si_012_ASR_pacman,1.16337,6.2465,6.84028,3472.34,0.59868,0.51461,5559.526,0.344463026
3141,ja7b01320_si_012_FSR_pacman,1.16337,6.2465,6.84028,3472.34,0.59868,0.51461,5559.526,0.344463026
3142,ja7b01320_si_013_ASR_pacman,1.16885,6.08854,6.74605,3396.1,0.60364,0.516441,5520.449,0.344392189
3143,ja7b01320_si_013_FSR_pacman,1.16885,6.08854,6.74605,3396.1,0.60364,0.516441,5520.449,0.344392189
1193,c8nj04260h2_FSR_pacman,0.670095,10.3199,13.50671,3477.26,0.77564,1.15751,3964.216,0.344083286
1192,c8nj04260h2_ASR_pacman,0.670095,10.3199,13.50671,3477.26,0.77564,1.15751,3964.216,0.344083286
888,c7qi00615b2_1_FSR_pacman,1.15694,7.15724,7.28435,3500.37,0.5718,0.494235,976.182,0.343906843
887,c7qi00615b2_1_ASR_pacman,1.15694,7.15724,7.28435,3500.37,0.5718,0.494235,976.182,0.343906843
2314,d2nj03911g2_FSR_pacman,1.06515,7.51293,8.0523,4222.86,0.5776,0.54227,1478.931,0.343881328
3377,ja8b06789_si_004_ASR_pacman,0.846753,6.99134,9.19993,2595.74,0.75646,0.893365,2507.372,0.343609414
2044,d0sc03727c2_1_ASR_pacman,0.391265,10.32119,24.46911,3897.33,0.84506,2.15981,4990.452,0.343259746
536,c5sc03494a2_2_FSR_pacman,1.05552,4.22543,5.82994,3639.3,0.65486,0.620417,4868.487,0.343116631
1867,d0ce01254h2_2_ASR_pacman,1.3844,5.67524,7.54187,2897.85,0.58488,0.422479,4141.34,0.343109639
1411,c9dt01542f2_1_ASR_pacman,1.72646,4.86496,6.73934,1986.92,0.61272,0.3549,1152.304,0.343004778
112,MUF-93-scan1-pos3-59pc_ASR_pacman,1.25251,3.15479,9.06235,2894.7,0.56378,0.450121,1066.166,0.342857845
3211,ja7b03578_si_002_ASR_pacman,0.589301,9.3675,24.73085,3034.6,0.84636,1.43621,10310.302,0.342850822
3212,ja7b03578_si_002_FSR_pacman,0.589301,9.3675,24.73085,3034.6,0.84636,1.43621,10310.302,0.342850822
2447,d3ce00979c2_10_FSR_pacman,0.967341,3.7951,10.8074,4546.33,0.58088,0.600492,2653.548,0.342833421
2446,d3ce00979c2_10_ASR_pacman,0.967341,3.7951,10.8074,4546.33,0.58088,0.600492,2653.548,0.342833421
2995,ja512311a_si_012_ASR_pacman,1.37968,5.73169,7.11652,2924.35,0.5983,0.433652,10913.768,0.342796926
2996,ja512311a_si_012_FSR_pacman,1.37968,5.73169,7.11652,2924.35,0.5983,0.433652,10913.768,0.342796926
1091,c8ce01074a2_4_ASR_pacman,1.8721,6.80888,8.52684,2607.35,0.53368,0.28507,2584.988,0.342694218
3452,ja8b12372_si_006_FSR_pacman,1.17608,5.80092,6.67181,3302.28,0.60772,0.516735,5480.344,0.342646876
3451,ja8b12372_si_006_ASR_pacman,1.17608,5.80092,6.67181,3302.28,0.60772,0.516735,5480.344,0.342646876
97,41557_2017_BFnchem2747_MOESM352_ESM_ASR_pacman,1.27296,3.81111,7.48359,3131,0.60742,0.477171,1892.32,0.342572956
98,41557_2017_BFnchem2747_MOESM352_ESM_FSR_pacman,1.27296,3.81111,7.48359,3131,0.60742,0.477171,1892.32,0.342572956
895,c7qm00302a2_FSR_pacman,1.35626,3.65428,7.31506,2835.17,0.61904,0.456432,3848.94,0.342417767
2285,d2ce01170k2_FSR_pacman,1.75404,2.75924,9.75702,2142.77,0.52166,0.297404,8207.205,0.342368556
2284,d2ce01170k2_ASR_pacman,1.75404,2.75924,9.75702,2142.77,0.52166,0.297404,8207.205,0.342368556
2897,ja302340b_si_002_2_ASR_pacman,1.05444,7.19098,8.30035,4331.47,0.58042,0.550453,5519.656,0.341964823
2722,ic5b00096_si_008_FSR_pacman,1.65492,2.1552,8.28324,2409.19,0.59088,0.357045,11383.745,0.341865238
2721,ic5b00096_si_008_ASR_pacman,1.65492,2.1552,8.28324,2409.19,0.59088,0.357045,11383.745,0.341865238
1043,c8ce00213d2_3_ASR_pacman,1.15455,5.81381,7.4681,3821.73,0.59106,0.51194,5411.776,0.341843659
1357,c9ce01334b2_ASR_pacman,2.00133,6.93424,7.84116,2105.1,0.53774,0.268692,770.419,0.341816143
1358,c9ce01334b2_FSR_pacman,2.00133,6.93424,7.84116,2105.1,0.53774,0.268692,770.419,0.341816143
1783,d0cc03808c2_7_FSR_pacman,1.50549,4.2471,6.32472,2272.22,0.6728,0.446898,1429.702,0.341692048
1782,d0cc03808c2_7_ASR_pacman,1.50549,4.2471,6.32472,2272.22,0.6728,0.446898,1429.702,0.341692048
569,c6cc03787a2_2_ASR_pacman,0.601106,8.4834,15.30209,3537.76,0.7799,1.29744,9091.392,0.341681129
570,c6cc03787a2_2_FSR_pacman,0.601106,8.4834,15.30209,3537.76,0.7799,1.29744,9091.392,0.341681129
1004,c8cc05459b2_ASR_pacman,0.939463,3.549,8.8916,4317.96,0.6061,0.645156,1955.112,0.341489197
1005,c8cc05459b2_FSR_pacman,0.939463,3.549,8.8916,4317.96,0.6061,0.645156,1955.112,0.341489197
3125,ja7b01320_si_004_FSR_pacman,1.26251,6.31005,6.91906,3184.85,0.5903,0.467562,5797.452,0.341385281
3124,ja7b01320_si_004_ASR_pacman,1.26251,6.31005,6.91906,3184.85,0.5903,0.467562,5797.452,0.341385281
1062,c8ce00661j2_2_ASR_pacman,1.13961,4.1155,7.08912,3586.52,0.61518,0.539818,1629.176,0.341378398
1516,c9sc01301f2_6_ASR_pacman,1.14297,3.96755,7.37775,3097.19,0.60856,0.532436,1866.28,0.341318343
1517,c9sc01301f2_6_FSR_pacman,1.14297,3.96755,7.37775,3097.19,0.60856,0.532436,1866.28,0.341318343
2555,d3qi00103b2_4_ASR_pacman,1.54146,4.72133,6.93949,2216.19,0.61792,0.400867,4981.425,0.340871175
3379,ja8b06789_si_005_ASR_pacman,0.829374,7.05827,9.15149,2638.99,0.75996,0.916306,2507.372,0.340570628
1865,d0ce01254h2_1_ASR_pacman,1.413,5.52502,7.46261,2866.88,0.58506,0.414056,3305.496,0.340411235
3183,ja7b02272_si_006_FSR_pacman,1.36407,4.65939,9.93853,3764.23,0.54128,0.396814,14606.904,0.340281201
3182,ja7b02272_si_006_ASR_pacman,1.36407,4.65939,9.93853,3764.23,0.54128,0.396814,14606.904,0.340281201
2486,d3dt00422h2_1_FSR_pacman,1.05313,4.28156,8.62814,4130.52,0.59328,0.56335,7214.272,0.340148306
110,MUF-93-36h-22pc_ASR_pacman,1.26868,3.12632,9.00947,2867.73,0.56138,0.44249,1607.833,0.340112148
546,c5ta05481h2_FSR_pacman,1.21951,3.95157,7.3067,3074.83,0.60832,0.498825,5512.068,0.340024872
330,am8b06340_si_002_FSR_pacman,0.58998,12.56718,22.60468,3149.43,0.82408,1.39679,10939.476,0.339713236
1385,c9ce02006c2_3_FSR_pacman,1.41058,5.28041,6.83794,3103.05,0.60492,0.428845,1440.28,0.339698322
1384,c9ce02006c2_3_ASR_pacman,1.41058,5.28041,6.83794,3103.05,0.60492,0.428845,1440.28,0.339698322
3470,ja8b13710_si_001_ASR_pacman,0.502165,14.18929,15.29091,4372.46,0.7839,1.56104,984.925,0.339620577
1626,cm0c00440_si_001_FSR_pacman,2.02409,3.61618,8.48884,2239.86,0.55994,0.276638,3346.406,0.339502867
1627,cm0c00440_si_002_FSR_pacman,2.02409,3.61618,8.48884,2240.34,0.55994,0.276638,3346.406,0.339491506
1468,c9nj02004g2_ASR_pacman,3.76914,2.99426,5.57742,1349.94,0.45988,0.122012,7370.464,0.339462217
100,41557_2017_BFnchem2747_MOESM353_ESM_FSR_pacman,1.27166,3.9434,7.53441,3176.69,0.5987,0.470802,1892.32,0.33942915
99,41557_2017_BFnchem2747_MOESM353_ESM_ASR_pacman,1.27166,3.9434,7.53441,3176.69,0.5987,0.470802,1892.32,0.33942915
1434,c9dt02866h2_4_ASR_pacman,0.546122,7.52316,17.95343,3699.74,0.79324,1.4525,2567.16,0.33930854
1435,c9dt02866h2_4_FSR_pacman,0.546122,7.52316,17.95343,3699.74,0.79324,1.4525,2567.16,0.33930854
2328,d2qi02361j2_2_FSR_pacman,0.567189,12.09325,13.56257,4070.07,0.77912,1.37365,20607.6,0.339183104
3068,ja6b08724_si_003_ASR_pacman,0.3336,24.84065,28.30575,4162.39,0.86726,2.5997,2756.844,0.339152761
1588,cg500175k_si_001_1_FSR_pacman,0.689571,9.7602,16.40977,3040.67,0.80268,1.16403,15829.776,0.339043801
1872,d0ce01254h2_4_FSR_pacman,1.42819,5.05145,7.67559,2880.31,0.58136,0.407061,4291.196,0.338963446
3078,ja6b08724_si_011_ASR_pacman,0.3336,24.91111,28.2964,4166.17,0.86732,2.59988,2756.844,0.33895812
3126,ja7b01320_si_005_ASR_pacman,1.26024,6.22998,6.82257,3185.88,0.59,0.468164,5770.406,0.338713196
3127,ja7b01320_si_005_FSR_pacman,1.26024,6.22998,6.82257,3185.88,0.59,0.468164,5770.406,0.338713196
1355,c9ce01230c2_3_ASR_pacman,0.893373,5.07939,6.56229,4512.67,0.63842,0.714617,6227.4,0.338692987
2474,d3ce00979c2_6_ASR_pacman,0.984562,3.76876,10.63512,4481.57,0.57448,0.583488,2653.548,0.338562022
2475,d3ce00979c2_6_FSR_pacman,0.984562,3.76876,10.63512,4481.57,0.57448,0.583488,2653.548,0.338562022
890,c7qi00615b2_2_FSR_pacman,1.17943,7.10527,7.22899,3464.79,0.56564,0.479586,988.193,0.338486639
889,c7qi00615b2_2_ASR_pacman,1.17943,7.10527,7.22899,3464.79,0.56564,0.479586,988.193,0.338486639
1276,c8tc03587c2_ASR_pacman,0.84693,4.1864,7.77633,4710.99,0.63014,0.744028,2299.684,0.338245158
1277,c8tc03587c2_FSR_pacman,0.84693,4.1864,7.77633,4710.99,0.63014,0.744028,2299.684,0.338245158
1628,cm0c00440_si_003_FSR_pacman,2.02409,3.61644,8.48883,2238.6,0.5568,0.275087,3282.41,0.338081693
2801,ja076167asi20070815_063752_ASR_pacman,0.848014,4.76578,6.20664,3991.88,0.63394,0.747558,4147.576,0.338030455
3359,ja8b05890_si_002_FSR_pacman,0.602168,15.90752,18.15748,3302.05,0.7993,1.32737,2505.264,0.337973428
1234,c8qm00105g2_FSR_pacman,1.03625,3.33957,6.92482,3961.31,0.62986,0.607824,1822.227,0.337848154
1612,cg801267m_si_005_ASR_pacman,0.643773,8.34769,11.27896,3539.43,0.77888,1.20987,1138.629,0.337800352
1613,cg801267m_si_005_FSR_pacman,0.643773,8.34769,11.27896,3539.43,0.77888,1.20987,1138.629,0.337800352
3666,oc7b00328_si_003_FSR_pacman,1.28527,5.69096,7.51973,3530.9,0.57778,0.449541,3673.932,0.337762682
691,c7cc06352k2_1_ASR_pacman,1.20286,6.81023,8.21627,3561.74,0.54546,0.453468,5167.268,0.337754784
692,c7cc06352k2_1_FSR_pacman,1.20286,6.81023,8.21627,3561.74,0.54546,0.453468,5167.268,0.337754784
1873,d0ce01254h2_5_ASR_pacman,1.42001,5.57579,7.34793,2827.21,0.58336,0.410814,4112.054,0.337491488
1870,d0ce01254h2_3_FSR_pacman,1.41622,4.94113,7.77694,2931.31,0.57538,0.406279,3377.556,0.336686168
741,c7ce01012e2_ASR_pacman,1.6322,4.99038,6.53519,2224.48,0.61804,0.378655,4942.18,0.336544394
3155,ja7b01320_si_019_FSR_pacman,1.24155,6.19119,6.76534,3349.25,0.58766,0.473327,5598.483,0.336252017
3154,ja7b01320_si_019_ASR_pacman,1.24155,6.19119,6.76534,3349.25,0.58766,0.473327,5598.483,0.336252017
765,c7ce01818e2_1_ASR_pacman,0.436368,9.38958,12.6342,4153.09,0.81936,1.87768,1467.356,0.336134439
3357,ja8b05780_si_008_FSR_pacman,0.466149,9.71419,14.04405,4171.84,0.81252,1.74305,17098.733,0.336076334
3356,ja8b05780_si_008_ASR_pacman,0.466149,9.71419,14.04405,4171.84,0.81252,1.74305,17098.733,0.336076334
3358,ja8b05890_si_002_ASR_pacman,0.585259,15.90752,18.15748,3236.71,0.80624,1.37758,2409.27,0.335836536
319,am8b02015_si_009_FSR_pacman,1.08221,6.00174,7.69922,4318.44,0.59708,0.551722,8773.432,0.335834371
1848,d0ce00900h2_5_FSR_pacman,1.53779,7.31407,8.55459,3325.38,0.5219,0.339383,2153.19,0.33580366
3275,ja7b08347_si_003_ASR_pacman,0.438347,7.96857,26.07935,3625.46,0.8509,1.94115,19888.554,0.335609757
920,c7sc00449d2_1_FSR_pacman,1.39366,6.0049,8.16181,2913.12,0.54754,0.39288,963.902,0.335602062
919,c7sc00449d2_1_ASR_pacman,1.39366,6.0049,8.16181,2913.12,0.54754,0.39288,963.902,0.335602062
1992,d0qi00641f2_1_FSR_pacman,0.643379,14.18198,16.50533,3258.85,0.79888,1.2417,3229.88,0.335527192
1991,d0qi00641f2_1_ASR_pacman,0.643379,14.18198,16.50533,3258.85,0.79888,1.2417,3229.88,0.335527192
3241,ja7b05858_si_007_ASR_pacman,1.52317,9.84312,9.87224,3269.53,0.4438,0.291367,1653.653,0.335428143
3242,ja7b05858_si_007_FSR_pacman,1.52317,9.84312,9.87224,3269.53,0.4438,0.291367,1653.653,0.335428143
829,c7dt03641h2_FSR_pacman,1.71751,3.70816,7.64763,2163.58,0.5768,0.335836,8021.007,0.335347229
136,S2052520623001105_11_FSR_pacman,2.85844,3.59029,7.79531,1853.55,0.5347,0.18706,7011.065,0.335119078
135,S2052520623001105_11_ASR_pacman,2.85844,3.59029,7.79531,1853.55,0.5347,0.18706,7011.065,0.335119078
1452,c9dt04068d2_1_ion_pacman,0.567863,14.45044,29.0899,3614.96,0.8139,1.43327,68235.312,0.334924428
2413,d3ce00087g2_2_FSR_pacman,1.10798,5.17449,6.97985,3644.11,0.59674,0.538582,5328.764,0.334883489
3684,s10876-022-02364-w_ASR_pacman,0.965762,6.07402,9.01715,4520.74,0.5799,0.600458,2247.742,0.334848613
3685,s10876-022-02364-w_FSR_pacman,0.965762,6.07402,9.01715,4520.74,0.5799,0.600458,2247.742,0.334848613
605,c6dt03969c2_2_FSR_pacman,1.23716,5.66475,11.05801,4239.32,0.526,0.425169,52791.684,0.334818469
1042,c8ce00213d2_2_FSR_pacman,0.966991,4.70604,6.79525,4348.03,0.62692,0.64832,3329.008,0.334647369
3355,ja8b05780_si_007_FSR_pacman,0.466529,9.72549,14.03964,4154.56,0.81286,1.74236,17047.58,0.334362031
3354,ja8b05780_si_007_ASR_pacman,0.466529,9.72549,14.03964,4154.56,0.81286,1.74236,17047.58,0.334362031
3276,ja7b08347_si_003_FSR_pacman,0.445207,7.96857,26.07935,3605.83,0.84838,1.90559,20272.53,0.334359077
1530,c9sc05721h2_FSR_pacman,1.03424,6.88143,7.94978,4350.04,0.5809,0.561668,3811.37,0.334253614
1529,c9sc05721h2_ASR_pacman,1.03424,6.88143,7.94978,4350.04,0.5809,0.561668,3811.37,0.334253614
145,S2052520623001105_4_ASR_pacman,2.8884,3.50006,9.08365,1895.29,0.49302,0.170689,13106.516,0.334243782
146,S2052520623001105_4_FSR_pacman,2.8884,3.50006,9.08365,1895.29,0.49302,0.170689,13106.516,0.334243782
1630,cm0c01417_si_001_FSR_pacman,1.11809,3.6642,7.69188,3610.64,0.59392,0.531193,2163.566,0.334177397
1629,cm0c01417_si_001_ASR_pacman,1.11809,3.6642,7.69188,3610.64,0.59392,0.531193,2163.566,0.334177397
3621,ja9b11952_si_002_2_FSR_pacman,1.44741,7.27758,8.5761,3225.47,0.51798,0.357868,1003.169,0.334142818
3620,ja9b11952_si_002_2_ASR_pacman,1.44741,7.27758,8.5761,3225.47,0.51798,0.357868,1003.169,0.334142818
2207,d1qi00349f3_8_ASR_pacman,0.983133,4.19587,7.57075,4403.6,0.61886,0.629477,6575.064,0.334115437
2208,d1qi00349f3_8_FSR_pacman,0.983133,4.19587,7.57075,4403.6,0.61886,0.629477,6575.064,0.334115437
1163,c8dt02858c2_3_FSR_pacman,0.863581,4.29018,6.72305,4850.28,0.63864,0.739525,1949.194,0.334030722
1162,c8dt02858c2_3_ASR_pacman,0.863581,4.29018,6.72305,4850.28,0.63864,0.739525,1949.194,0.334030722
924,c7sc00449d2_8_FSR_pacman,1.38713,6.01589,8.09258,2915.84,0.5469,0.394267,1019.922,0.333845947
923,c7sc00449d2_8_ASR_pacman,1.38713,6.01589,8.09258,2915.84,0.5469,0.394267,1019.922,0.333845947
3023,ja5b02999_si_004_ASR_pacman,0.686269,13.07534,14.9684,3280.62,0.7975,1.16208,5234.972,0.333780123
2462,d3ce00979c2_18_ASR_pacman,0.995298,3.70475,10.51627,4468.07,0.56972,0.572412,2653.548,0.33353733
2463,d3ce00979c2_18_FSR_pacman,0.995298,3.70475,10.51627,4468.07,0.56972,0.572412,2653.548,0.33353733
1868,d0ce01254h2_2_FSR_pacman,1.40434,5.01937,7.54187,2936.81,0.57672,0.41067,4213.4,0.333473857
1135,c8dt01243a2_FSR_pacman,3.34808,3.66371,6.42054,1416.75,0.41566,0.124149,5229.312,0.33347209
1892,d0dt00791a2_2_FSR_pacman,0.993222,3.55873,10.01233,4814.95,0.59594,0.600007,1353.105,0.333451204
1891,d0dt00791a2_2_ASR_pacman,0.993222,3.55873,10.01233,4814.95,0.59594,0.600007,1353.105,0.333451204
2363,d2ta03524c2_1_FSR_pacman,0.726325,11.09647,11.84895,2920.22,0.79326,1.09216,4956.484,0.333156341
1667,cm9b01258_si_002_FSR_pacman,1.38366,4.42546,8.46033,2812.63,0.5539,0.400315,4842.024,0.332930917
2556,d3qi00103b2_4_FSR_pacman,1.58247,4.72133,6.93949,2321.82,0.59716,0.377359,5173.413,0.332917324
3520,ja9b05571_si_003_FSR_pacman,0.559353,20.36174,22.17442,3551.7,0.79516,1.42157,7075.66,0.332806138
2051,d0sc03727c2_5_FSR_pacman,0.408028,10.41968,19.96655,4064.66,0.8371,2.05158,5050.404,0.332732336
3689,tz9b00021_si_007_ASR_pacman,0.522934,11.58302,13.57403,4097.85,0.79032,1.51132,2555.702,0.33269368
3690,tz9b00021_si_007_FSR_pacman,0.522934,11.58302,13.57403,4097.85,0.79032,1.51132,2555.702,0.33269368
2449,d3ce00979c2_11_FSR_pacman,1.00787,3.65341,10.42315,4398.29,0.56668,0.562253,2653.548,0.332553654
2448,d3ce00979c2_11_ASR_pacman,1.00787,3.65341,10.42315,4398.29,0.56668,0.562253,2653.548,0.332553654
892,c7qi00615b2_3_FSR_pacman,1.17727,7.09884,7.21335,3714.55,0.56332,0.478496,975.222,0.332427327
891,c7qi00615b2_3_ASR_pacman,1.17727,7.09884,7.21335,3714.55,0.56332,0.478496,975.222,0.332427327
3371,ja8b06774_si_002_1_FSR_pacman,1.38388,7.18948,8.48197,3370.98,0.52214,0.3773,978.253,0.332331862
268,am6b14051_si_003_ASR_pacman,1.06449,4.1422,6.96651,3980,0.61336,0.576201,3527.63,0.33224092
3373,ja8b06789_si_002_ASR_pacman,0.76231,8.59502,10.09463,2571.23,0.78154,1.02523,2511.404,0.332207688
3387,ja8b06789_si_009_ASR_pacman,0.695012,10.67977,11.48776,2607.84,0.79594,1.14522,2499.308,0.332131143
2353,d2sc02683j2_2_FSR_pacman,0.590146,10.96098,15.81188,3609.48,0.78136,1.32401,1873.507,0.331580011
2045,d0sc03727c2_1_FSR_pacman,0.403989,10.32119,19.87378,4037.7,0.83848,2.0755,5182.44,0.331554881
946,c7ta10148a2_1_ASR_pacman,2.24657,4.10834,6.29071,1705.89,0.54254,0.241497,2164.432,0.331361742
1148,c8dt01784k2_5_FSR_pacman,1.06853,5.02072,7.51149,4056.77,0.59362,0.55555,8892.744,0.33112923
1147,c8dt01784k2_5_ASR_pacman,1.06853,5.02072,7.51149,4056.77,0.59362,0.55555,8892.744,0.33112923
1558,c9tc05216j2_ASR_pacman,0.977823,3.85589,7.79497,4063.81,0.59978,0.613383,2191.58,0.331128668
1559,c9tc05216j2_FSR_pacman,0.977823,3.85589,7.79497,4063.81,0.59978,0.613383,2191.58,0.331128668
1987,d0qi00518e2_1_ASR_pacman,0.954932,4.48513,5.95981,4250.59,0.63548,0.665471,1056.796,0.330899307
1202,c8qi00268a2_FSR_pacman,1.22277,3.95999,6.62898,3059.48,0.61424,0.502336,3698.904,0.330862682
812,c7dt02290e2_1_FSR_pacman,1.28076,3.9002,6.92437,2901.89,0.60632,0.473406,5728.446,0.330721716
2113,d0ta10004h2_FSR_pacman,1.42237,4.2042,7.33292,3152.88,0.58774,0.413212,6940.162,0.330620558
3310,ja8b02192_si_002_ASR_pacman,1.23795,4.76413,6.7691,3111.33,0.59894,0.483816,2282.826,0.330537355
3005,ja512973b_si_003_FSR_pacman,0.466477,8.66067,22.55018,3805.51,0.81406,1.74512,3942.732,0.330521935
1295,c9cc02861g2_ASR_pacman,1.23561,4.67072,5.40684,3174.07,0.64316,0.520521,1531.752,0.330346801
1866,d0ce01254h2_1_FSR_pacman,1.43309,4.80445,7.46261,2907.18,0.5767,0.402416,3377.556,0.330233583
2225,d1sc04712d2_6_ASR_pacman,1.18715,5.89671,7.54688,3855.34,0.57356,0.483142,6039.856,0.330197951
2226,d1sc04712d2_6_FSR_pacman,1.18715,5.89671,7.54688,3855.34,0.57356,0.483142,6039.856,0.330197951
1063,c8ce00661j2_2_FSR_pacman,1.17514,4.1155,7.08912,3627.43,0.59902,0.509744,1701.236,0.330172844
2144,d1dt01937f2_FSR_pacman,1.16953,8.71394,9.79653,4428.72,0.51766,0.442622,3320.54,0.329369896
2143,d1dt01937f2_ASR_pacman,1.16953,8.71394,9.79653,4428.72,0.51766,0.442622,3320.54,0.329369896
3027,ja5b02999_si_006_ASR_pacman,0.598109,13.55099,15.33543,3571.36,0.77916,1.30271,2659.434,0.329279662
357,am8b19211_si_004_ASR_pacman,0.503118,8.68662,22.64078,3549.81,0.80732,1.60463,3821.772,0.329197757
358,am8b19211_si_004_FSR_pacman,0.503118,8.68662,22.64078,3549.81,0.80732,1.60463,3821.772,0.329197757
2982,ja512311a_si_005_FSR_pacman,0.715863,9.81301,11.87649,2871.42,0.79354,1.10851,10913.768,0.328959374
2981,ja512311a_si_005_ASR_pacman,0.715863,9.81301,11.87649,2871.42,0.79354,1.10851,10913.768,0.328959374
1544,c9ta05444h2_3_ASR_pacman,1.01198,4.89895,7.62757,4073.4,0.58998,0.582995,4130.645,0.328811382
1837,d0ce00900h2_11_ASR_pacman,1.67708,6.64465,8.32627,2961.1,0.5242,0.312566,2544.866,0.328635604
3328,ja8b02994_si_009_FSR_pacman,0.557808,11.11282,13.79044,3913.99,0.78866,1.41385,1143.382,0.328492046
3327,ja8b02994_si_009_ASR_pacman,0.557808,11.11282,13.79044,3913.99,0.78866,1.41385,1143.382,0.328492046
1615,cg801267m_si_006_FSR_pacman,0.669507,10.19096,11.24073,3205.94,0.78282,1.16925,1058.794,0.328464145
1614,cg801267m_si_006_ASR_pacman,0.669507,10.19096,11.24073,3205.94,0.78282,1.16925,1058.794,0.328464145
519,c5nj02634b2_3_FSR_pacman,0.907602,4.96263,7.51293,4821.28,0.61448,0.677037,8493.2,0.328247058
518,c5nj02634b2_3_ASR_pacman,0.907602,4.96263,7.51293,4821.28,0.61448,0.677037,8493.2,0.328247058
3147,ja7b01320_si_015_FSR_pacman,1.3061,5.79993,6.54081,3051.81,0.58834,0.450457,5573.096,0.328091754
3146,ja7b01320_si_015_ASR_pacman,1.3061,5.79993,6.54081,3051.81,0.58834,0.450457,5573.096,0.328091754
104,41557_2017_BFnchem2747_MOESM355_ESM_FSR_pacman,1.39748,3.58792,7.09037,2874.95,0.59834,0.428156,1892.32,0.32786753
103,41557_2017_BFnchem2747_MOESM355_ESM_ASR_pacman,1.39748,3.58792,7.09037,2874.95,0.59834,0.428156,1892.32,0.32786753
2673,ic101935f_si_002_2_FSR_pacman,0.654368,7.43989,14.83807,2852.93,0.8058,1.23142,4953.724,0.327839326
2672,ic101935f_si_002_2_ASR_pacman,0.654368,7.43989,14.83807,2852.93,0.8058,1.23142,4953.724,0.327839326
2109,d0ta06830f3_ASR_pacman,0.380632,13.12426,17.75978,4098.14,0.8545,2.24495,4702.188,0.327646134
2110,d0ta06830f3_FSR_pacman,0.380632,13.12426,17.75978,4098.14,0.8545,2.24495,4702.188,0.327646134
1617,cg801267m_si_007_FSR_pacman,0.614697,10.30235,11.24622,3620.5,0.78586,1.27845,1130.381,0.327540215
1616,cg801267m_si_007_ASR_pacman,0.614697,10.30235,11.24622,3620.5,0.78586,1.27845,1130.381,0.327540215
39,41467_2017_BFncomms15369_MOESM422_ESM_3_FSR_pacman,1.2225,5.42886,6.39184,3467.3,0.5955,0.487116,4954.864,0.327484948
38,41467_2017_BFncomms15369_MOESM422_ESM_3_ASR_pacman,1.2225,5.42886,6.39184,3467.3,0.5955,0.487116,4954.864,0.327484948
2282,d2ce00553k2_2_ASR_pacman,1.07363,4.63814,6.45785,3523.97,0.60422,0.562782,3226.758,0.327372291
1575,cg300827e_si_003_ASR_pacman,1.12226,4.0111,6.69642,3932.76,0.61216,0.545471,9584.146,0.327324119
1576,cg300827e_si_003_FSR_pacman,1.12226,4.0111,6.69642,3932.76,0.61216,0.545471,9584.146,0.327324119
3450,ja8b12372_si_005_FSR_pacman,1.40021,5.97775,6.78877,3016.69,0.57662,0.411809,5955.361,0.327142651
3449,ja8b12372_si_005_ASR_pacman,1.40021,5.97775,6.78877,3016.69,0.57662,0.411809,5955.361,0.327142651
803,c7dt02231j2_3_ASR_pacman,0.562302,11.14749,12.67774,3953.03,0.79568,1.41504,7998.672,0.32702859
816,c7dt02290e2_4_FSR_pacman,1.24034,4.29635,6.20706,2986.97,0.6182,0.498412,3662.736,0.326959004
945,c7ta10123f2_FSR_pacman,1.24034,4.29635,6.20706,2986.71,0.6182,0.498412,3662.736,0.326956446
2362,d2ta03524c2_1_ASR_pacman,0.707273,11.09647,11.84895,2848.32,0.8005,1.13181,4764.496,0.326934698
684,c7cc06074b5_9_FSR_pacman,1.11567,9.00266,9.42154,4777.33,0.53592,0.480357,3424.692,0.326583184
683,c7cc06074b5_9_ASR_pacman,1.11567,9.00266,9.42154,4777.33,0.53592,0.480357,3424.692,0.326583184
931,c7sc04829g2_ASR_pacman,0.440078,23.48551,25.55038,3487.17,0.84208,1.91348,2517.36,0.326265275
3362,ja8b05890_si_004_ASR_pacman,0.440078,23.45858,25.54954,3486.96,0.84216,1.91366,2517.36,0.326128946
2671,ic101935f_si_002_1_FSR_pacman,0.659196,7.78355,14.84619,2796.98,0.81006,1.22886,4977.436,0.326028266
2670,ic101935f_si_002_1_ASR_pacman,0.659196,7.78355,14.84619,2796.98,0.81006,1.22886,4977.436,0.326028266
2694,ic5021302_si_002_4_FSR_pacman,1.58503,3.42441,7.90556,2098.6,0.54152,0.341647,3069.436,0.325938754
2693,ic5021302_si_002_4_ASR_pacman,1.58503,3.42441,7.90556,2098.6,0.54152,0.341647,3069.436,0.325938754
3638,jp0c05314_si_002_ASR_pacman,1.50917,5.18929,6.70922,2668.35,0.5893,0.39048,2572.512,0.325918888
3639,jp0c05314_si_002_FSR_pacman,1.50917,5.18929,6.70922,2668.35,0.5893,0.39048,2572.512,0.325918888
2696,ic5021302_si_002_5_FSR_pacman,1.59028,3.40204,7.88689,2099.94,0.54216,0.34092,3677.292,0.325787266
2695,ic5021302_si_002_5_ASR_pacman,1.59028,3.40204,7.88689,2099.94,0.54216,0.34092,3677.292,0.325787266
3217,ja7b03578_si_005_FSR_pacman,0.621147,6.63642,19.73063,3042.59,0.83492,1.34416,7024.616,0.325588636
3216,ja7b03578_si_005_ASR_pacman,0.621147,6.63642,19.73063,3042.59,0.83492,1.34416,7024.616,0.325588636
96,41557_2017_BFnchem2747_MOESM350_ESM_FSR_pacman,1.37078,3.79801,7.27411,3077.74,0.5865,0.427859,1892.32,0.325552825
95,41557_2017_BFnchem2747_MOESM350_ESM_ASR_pacman,1.37078,3.79801,7.27411,3077.74,0.5865,0.427859,1892.32,0.325552825
1048,c8ce00574e2_2_ASR_pacman,1.16294,4.61232,8.92755,4025.27,0.55944,0.481058,9413.901,0.325320073
1049,c8ce00574e2_2_FSR_pacman,1.16294,4.61232,8.92755,4025.27,0.55944,0.481058,9413.901,0.325320073
2789,ic801677y_si_003_ASR_pacman,0.631283,10.19637,11.27416,3391.87,0.78384,1.24166,1058.794,0.325267303
2790,ic801677y_si_003_FSR_pacman,0.631283,10.19637,11.27416,3391.87,0.78384,1.24166,1058.794,0.325267303
460,c5ce01912e2_3_ASR_pacman,0.969881,5.1193,7.65512,4592.93,0.6022,0.620901,3397.144,0.32506019
310,am8b02015_si_002_ASR_pacman,1.2377,6.60573,9.06175,4091.52,0.53624,0.433254,2398.152,0.325057941
3265,ja7b07612_si_005_ASR_pacman,1.39603,9.30917,9.43771,3553.61,0.4613,0.330436,1660.601,0.324989654
3266,ja7b07612_si_005_FSR_pacman,1.39603,9.30917,9.43771,3553.61,0.4613,0.330436,1660.601,0.324989654
2691,ic5021302_si_002_3_ASR_pacman,1.58616,3.46121,7.90992,2122.08,0.54116,0.341176,3069.436,0.324948308
2692,ic5021302_si_002_3_FSR_pacman,1.58616,3.46121,7.90992,2122.08,0.54116,0.341176,3069.436,0.324948308
1687,cm9b02924_si_003_FSR_pacman,1.26657,3.45026,7.08171,3362.05,0.59554,0.470198,6636.96,0.32491864
2352,d2sc02683j2_2_ASR_pacman,0.576288,10.96098,15.81188,3597.17,0.787,1.36564,1809.511,0.324536069
2156,d1dt02589a2_ASR_pacman,1.08828,4.11791,8.20903,4136.92,0.58342,0.536093,12107.324,0.324484454
1993,d0qi00812e2_ASR_pacman,0.954695,4.31661,6.56761,3884.41,0.60662,0.635407,1490.898,0.324423857
1994,d0qi00812e2_FSR_pacman,0.954695,4.31661,6.56761,3884.41,0.60662,0.635407,1490.898,0.324423857
1094,c8ce01074a2_8_FSR_pacman,1.89964,7.19867,8.78424,2758.07,0.49394,0.260018,2193.312,0.324333302
2410,d3ce00068k2_2_ASR_pacman,1.58624,5.90356,7.51435,2653,0.54962,0.346492,9633.936,0.324240976
354,am8b19211_si_002_FSR_pacman,0.465266,8.68895,22.5953,3688.9,0.81718,1.75637,4012.41,0.324062844
353,am8b19211_si_002_ASR_pacman,0.465266,8.68895,22.5953,3688.9,0.81718,1.75637,4012.41,0.324062844
3151,ja7b01320_si_017_FSR_pacman,1.18808,5.61038,6.27934,3376.48,0.59072,0.497205,5514.461,0.323904197
3150,ja7b01320_si_017_ASR_pacman,1.18808,5.61038,6.27934,3376.48,0.59072,0.497205,5514.461,0.323904197
912,c7ra11221a2_FSR_pacman,1.26499,3.29755,8.1359,3753.41,0.57752,0.45654,3385.708,0.323646131
3311,ja8b02192_si_002_FSR_pacman,1.26739,4.76413,6.7691,3147.85,0.58758,0.463615,2346.822,0.323624021
1874,d0ce01254h2_5_FSR_pacman,1.45394,4.82659,7.34793,2889.82,0.56902,0.391363,4220.144,0.323245946
2040,d0sc03191g2_2_ion_pacman,0.911796,3.80627,9.14712,5502.28,0.56924,0.624306,87057.664,0.323192685
2865,ja0c07450_si_004_FSR_pacman,0.48128,8.12408,16.76495,3887.44,0.81562,1.69469,2396.99,0.323010678
1847,d0ce00900h2_3_FSR_pacman,1.574,7.19224,8.46037,3303.25,0.51038,0.324256,2153.19,0.322925282
3181,ja7b02272_si_005_FSR_pacman,1.51075,4.46462,10.33545,3147.12,0.49346,0.326632,5378.754,0.3226878
3180,ja7b02272_si_005_ASR_pacman,1.51075,4.46462,10.33545,3147.12,0.49346,0.326632,5378.754,0.3226878
3411,ja8b08433_si_003_ASR_pacman,0.59858,9.98032,15.39353,3375.36,0.79412,1.32667,9330.928,0.322525693
3412,ja8b08433_si_003_FSR_pacman,0.59858,9.98032,15.39353,3375.36,0.79412,1.32667,9330.928,0.322525693
91,41557_2017_BFnchem2747_MOESM348_ESM_ASR_pacman,1.44498,3.67537,7.12401,2851.58,0.58718,0.406359,7537.024,0.322435099
92,41557_2017_BFnchem2747_MOESM348_ESM_FSR_pacman,1.44498,3.67537,7.12401,2851.58,0.58718,0.406359,7537.024,0.322435099
2392,d3cc02162a2_2_ASR_pacman,1.47364,5.09975,7.25133,3042.51,0.56744,0.385059,1134.781,0.32230336
3079,ja6b08724_si_011_FSR_pacman,0.344341,24.91111,26.2593,4230.91,0.8623,2.50421,2852.838,0.322284806
2223,d1sc04070g2_ASR_pacman,1.32854,5.4009,6.54243,3102.25,0.584,0.43958,818.12,0.322259416
2224,d1sc04070g2_FSR_pacman,1.32854,5.4009,6.54243,3102.25,0.584,0.43958,818.12,0.322259416
1407,c9dt01301f2_ASR_pacman,1.64759,5.64031,8.68157,2872.33,0.5182,0.314519,9587.424,0.322097618
1408,c9dt01301f2_FSR_pacman,1.64759,5.64031,8.68157,2872.33,0.5182,0.314519,9587.424,0.322097618
3069,ja6b08724_si_003_FSR_pacman,0.344341,24.84064,26.27736,4223.09,0.86232,2.50426,2852.838,0.322074872
3250,ja7b05858_si_012_FSR_pacman,1.30237,10.05362,10.15366,4390.98,0.47564,0.365211,1731.516,0.321990797
3249,ja7b05858_si_012_ASR_pacman,1.30237,10.05362,10.15366,4390.98,0.47564,0.365211,1731.516,0.321990797
2554,d3qi00103b2_2_FSR_pacman,1.19039,3.8137,6.16707,3255.21,0.61264,0.514657,2922.928,0.3219737
2698,ic5021302_si_002_6_FSR_pacman,1.62685,3.26586,7.76263,2072.08,0.5348,0.328733,3705.136,0.32156388
2697,ic5021302_si_002_6_ASR_pacman,1.62685,3.26586,7.76263,2072.08,0.5348,0.328733,3705.136,0.32156388
2674,ic200054b_si_002_ASR_pacman,1.46292,3.60857,7.4333,3143.97,0.57816,0.395211,9202.116,0.3213486
1061,c8ce00661j2_1_FSR_pacman,1.22681,3.9077,6.92781,3446.91,0.5907,0.481493,2309.092,0.32125424
1060,c8ce00661j2_1_ASR_pacman,1.22681,3.9077,6.92781,3446.91,0.5907,0.481493,2309.092,0.32125424
2863,ja0c07450_si_002_FSR_pacman,0.4634,8.78585,17.88197,3913,0.81816,1.76556,2405.054,0.321235209
2864,ja0c07450_si_003_FSR_pacman,0.469,8.39139,17.25676,3900.18,0.81926,1.74682,2396.99,0.321193502
2927,ja500330a_si_003_ASR_pacman,1.71399,3.50254,7.67934,2182.92,0.54614,0.318637,5438.688,0.32116576
2928,ja500330a_si_003_FSR_pacman,1.71399,3.50254,7.67934,2182.92,0.54614,0.318637,5438.688,0.32116576
2356,d2sc05192c2_FSR_pacman,1.36463,3.40371,7.57139,3164.7,0.57612,0.422179,6713.928,0.32095541
939,c7ta02852k2_FSR_pacman,1.28286,4.06181,7.48361,3288.74,0.5724,0.446189,2253.672,0.320631191
1727,d0cc00897d2_ASR_pacman,1.17461,8.80176,9.74383,4495.03,0.50916,0.433471,3774.422,0.320508333
1728,d0cc00897d2_FSR_pacman,1.17461,8.80176,9.74383,4495.03,0.50916,0.433471,3774.422,0.320508333
375,am9b03861_si_001_ASR_pacman,1.56225,4.42202,6.55264,2626.46,0.59286,0.379491,7781.728,0.320431289
1545,c9ta05444h2_3_FSR_pacman,1.03681,4.89895,7.62757,4085.55,0.5797,0.559117,4258.637,0.320425355
168,aav9044_data_file_s1_FSR_pacman,0.996135,3.73875,8.31242,4983.75,0.60202,0.604356,1485.396,0.320126233
167,aav9044_data_file_s1_ASR_pacman,0.996135,3.73875,8.31242,4983.75,0.60202,0.604356,1485.396,0.320126233
835,c7dt03783j2_1_FSR_pacman,1.11017,4.52689,7.41415,3890.88,0.5808,0.523164,2659.633,0.319999092
2130,d1ce00899d2_2_ASR_pacman,1.28449,4.23412,10.02419,3863.35,0.52596,0.409471,6949.085,0.319995137
2131,d1ce00899d2_2_FSR_pacman,1.28449,4.23412,10.02419,3863.35,0.52596,0.409471,6949.085,0.319995137
94,41557_2017_BFnchem2747_MOESM349_ESM_FSR_pacman,1.3878,3.74584,7.18873,3073.99,0.5814,0.418935,1892.32,0.319970733
93,41557_2017_BFnchem2747_MOESM349_ESM_ASR_pacman,1.3878,3.74584,7.18873,3073.99,0.5814,0.418935,1892.32,0.319970733
2157,d1dt02589a2_FSR_pacman,1.09916,4.11791,8.20903,4165.61,0.5789,0.526674,12179.384,0.319791863
3030,ja5b02999_si_007_FSR_pacman,0.456076,15.82547,17.29768,4343.15,0.80788,1.77137,2055.928,0.319557617
3008,ja512973b_si_005_FSR_pacman,0.480176,9.6895,22.62204,3481.75,0.8106,1.68813,4237.044,0.319553057
916,c7sc00267j2_2_FSR_pacman,2.59586,5.46505,6.44525,1993.93,0.54104,0.208424,14434.544,0.319441016
915,c7sc00267j2_2_ASR_pacman,2.59586,5.46505,6.44525,1993.93,0.54104,0.208424,14434.544,0.319441016
789,c7dt01450c2_FSR_pacman,1.34073,4.14316,6.18681,2737.25,0.60722,0.452901,3758.874,0.319126928
1045,c8ce00450a2_1_ASR_pacman,3.27507,4.98441,6.13244,1608.33,0.4533,0.138409,2128.304,0.319060952
171,advs5490-sup-0002-suppmat_3_FSR_pacman,1.33873,6.89309,7.84108,4098.48,0.55002,0.410852,5029.626,0.318218077
249,am0c04538_si_002_FSR_pacman,1.18142,4.89613,6.86353,4081.73,0.59224,0.501295,2369.082,0.318183396
3335,ja8b04277_si_012_FSR_pacman,0.519719,10.61262,15.97503,3883.93,0.80016,1.5396,2513.068,0.318109289
2411,d3ce00068k2_2_FSR_pacman,1.61467,5.90356,7.51435,2600.07,0.53824,0.333345,9778.056,0.317936238
124,S1600576721002843_2_FSR_pacman,0.960423,3.27744,6.65499,5076.73,0.619,0.644508,1278.958,0.31784535
123,S1600576721002843_2_ASR_pacman,0.960423,3.27744,6.65499,5076.73,0.619,0.644508,1278.958,0.31784535
947,c7ta10148a2_1_FSR_pacman,2.30679,3.8372,6.29071,1782.76,0.51894,0.224962,2292.424,0.317542453
2923,ja500330a_si_001_ASR_pacman,1.74184,3.43716,7.65165,2154.64,0.53716,0.308386,5438.688,0.317476986
2924,ja500330a_si_001_FSR_pacman,1.74184,3.43716,7.65165,2154.64,0.53716,0.308386,5438.688,0.317476986
680,c7cc06074b5_7_FSR_pacman,1.12884,8.94067,9.40539,4829,0.5241,0.464281,3424.692,0.317257706
679,c7cc06074b5_7_ASR_pacman,1.12884,8.94067,9.40539,4829,0.5241,0.464281,3424.692,0.317257706
2925,ja500330a_si_002_ASR_pacman,1.74698,3.29868,7.59349,2151,0.53932,0.308715,5438.688,0.317206693
2926,ja500330a_si_002_FSR_pacman,1.74698,3.29868,7.59349,2151,0.53932,0.308715,5438.688,0.317206693
1842,d0ce00900h2_13_FSR_pacman,1.90385,7.1111,8.68115,2737.55,0.48782,0.256229,1997.047,0.317205632
962,c7tc01844d2_5_ASR_pacman,1.77448,6.43337,6.72786,2493,0.55026,0.310097,945.536,0.3167225
963,c7tc01844d2_5_FSR_pacman,1.77448,6.43337,6.72786,2493,0.55026,0.310097,945.536,0.3167225
678,c7cc06074b5_4_FSR_pacman,1.13556,8.35933,9.33095,4729.89,0.52978,0.466535,3424.692,0.316685291
677,c7cc06074b5_4_ASR_pacman,1.13556,8.35933,9.33095,4729.89,0.52978,0.466535,3424.692,0.316685291
81,41557_2017_BFnchem2747_MOESM342_ESM_ASR_pacman,1.46677,3.6847,6.95574,2889.16,0.58312,0.397554,1892.32,0.316636351
82,41557_2017_BFnchem2747_MOESM342_ESM_FSR_pacman,1.46677,3.6847,6.95574,2889.16,0.58312,0.397554,1892.32,0.316636351
3215,ja7b03578_si_004_FSR_pacman,0.591542,7.55714,20.34257,3185.57,0.83696,1.41488,20989.845,0.316421639
2929,ja500330a_si_004_ASR_pacman,1.73991,3.32402,7.57568,2177.77,0.5406,0.310707,5450.784,0.316399507
2930,ja500330a_si_004_FSR_pacman,1.73991,3.32402,7.57568,2177.77,0.5406,0.310707,5450.784,0.316399507
1583,cg4012185_si_002_FSR_pacman,1.37973,4.80074,6.91305,3145.35,0.57266,0.415051,2965.352,0.316394594
1582,cg4012185_si_002_ASR_pacman,1.37973,4.80074,6.91305,3145.35,0.57266,0.415051,2965.352,0.316394594
1040,c8ce00204e2_2_ASR_pacman,1.46504,4.13428,8.14421,2811.08,0.5425,0.370296,33249.765,0.31624239
3148,ja7b01320_si_016_ASR_pacman,1.18778,5.62862,6.26736,3555.88,0.58138,0.489467,5540.499,0.316200485
3149,ja7b01320_si_016_FSR_pacman,1.18778,5.62862,6.26736,3555.88,0.58138,0.489467,5540.499,0.316200485
2488,d3dt00422h2_2_FSR_pacman,1.00737,4.27035,8.24129,4353.86,0.57982,0.575579,7983.834,0.316198079
2054,d0sc04691d2_1_ASR_pacman,1.24953,4.30044,5.48688,3070.7,0.61912,0.495484,2811.744,0.316140798
1965,d0ma00503g2_1_FSR_pacman,1.24953,4.30044,5.48688,3070.7,0.61912,0.495484,2811.744,0.316140798
1964,d0ma00503g2_1_ASR_pacman,1.24953,4.30044,5.48688,3070.7,0.61912,0.495484,2811.744,0.316140798
2055,d0sc04691d2_1_FSR_pacman,1.24953,4.30044,5.48688,3070.7,0.61912,0.495484,2811.744,0.316140798
2699,ic5021302_si_002_7_ASR_pacman,1.65859,3.11987,7.6438,2065,0.5255,0.316835,3069.436,0.315575414
2700,ic5021302_si_002_7_FSR_pacman,1.65859,3.11987,7.6438,2065,0.5255,0.316835,3069.436,0.315575414
3214,ja7b03578_si_004_ASR_pacman,0.583599,7.70493,20.70837,3127.92,0.84124,1.44147,20701.863,0.315384387
3618,ja9b11952_si_002_1_ASR_pacman,1.68811,6.51055,7.85423,2837.25,0.51986,0.307955,1268.885,0.315226377
3619,ja9b11952_si_002_1_FSR_pacman,1.68811,6.51055,7.85423,2837.25,0.51986,0.307955,1268.885,0.315226377
699,c7cc06979k2_1_ASR_pacman,0.941634,4.97517,7.83127,4658.12,0.5884,0.624872,10684.658,0.31519647
1041,c8ce00204e2_2_FSR_pacman,1.46904,4.13428,8.14421,2813.05,0.54104,0.368296,33393.756,0.315157016
3413,ja8b08433_si_005_FSR_pacman,0.519931,10.57499,14.69084,3852.62,0.80246,1.5434,8882.768,0.31496962
2437,d3ce00592e2_9_FSR_pacman,1.14067,4.13864,8.36085,4282.64,0.57504,0.504127,13989.302,0.314893601
2493,d3dt00473b2_ASR_pacman,1.14928,4.41704,6.92704,4011.46,0.58958,0.513001,1978.916,0.314834691
959,c7tc01844d2_3_FSR_pacman,1.83238,6.37575,6.68523,2420.69,0.5459,0.297919,945.536,0.314620004
958,c7tc01844d2_3_ASR_pacman,1.83238,6.37575,6.68523,2420.69,0.5459,0.297919,945.536,0.314620004
2634,d3ta05297d2_1_ASR_pacman,1.06031,5.41368,6.00093,3840.39,0.5922,0.558515,568.364,0.314435456
2635,d3ta05297d2_1_FSR_pacman,1.06031,5.41368,6.00093,3840.39,0.5922,0.558515,568.364,0.314435456
1948,d0dt03012k2_3_ASR_pacman,0.417379,9.72151,17.9589,3940.67,0.8528,2.04323,1731.74,0.314400502
1949,d0dt03012k2_3_FSR_pacman,0.417379,9.72151,17.9589,3940.67,0.8528,2.04323,1731.74,0.314400502
1673,cm9b01258_si_006_FSR_pacman,1.56312,4.19171,8.43958,2529.13,0.5228,0.334459,4842.024,0.314338803
955,c7tc01844d2_1_FSR_pacman,1.85908,6.31035,6.62137,2377.61,0.54632,0.293866,945.536,0.314286442
954,c7tc01844d2_1_ASR_pacman,1.85908,6.31035,6.62137,2377.61,0.54632,0.293866,945.536,0.314286442
3186,ja7b02272_si_008_ASR_pacman,1.2813,4.89946,8.23261,3987.34,0.5568,0.43456,7488.816,0.314270454
3187,ja7b02272_si_008_FSR_pacman,1.2813,4.89946,8.23261,3987.34,0.5568,0.43456,7488.816,0.314270454
700,c7cc06979k2_1_FSR_pacman,0.952468,4.97517,7.83127,4637.72,0.58634,0.615601,10732.655,0.313948212
1066,c8ce00692j2_7_ASR_pacman,1.21743,4.19899,8.74731,3974.23,0.5522,0.453577,15206.392,0.313725983
2776,ic7014034-file001_ASR_pacman,0.945137,4.4614,6.63152,4695.3,0.60868,0.644012,5100.684,0.313478122
2777,ic7014034-file001_FSR_pacman,0.945137,4.4614,6.63152,4695.3,0.60868,0.644012,5100.684,0.313478122
1413,c9dt01542f2_2_ASR_pacman,1.96258,4.7691,6.22177,2011.93,0.54454,0.277461,1340.308,0.313231004
29,11426_2023_1573_MOESM21_ESM_FSR_pacman,1.32301,4.59943,7.32232,3056.69,0.5588,0.422372,1092.75,0.312963061
28,11426_2023_1573_MOESM21_ESM_ASR_pacman,1.32301,4.59943,7.32232,3056.69,0.5588,0.422372,1092.75,0.312963061
1090,c8ce01074a2_10_FSR_pacman,1.93716,6.99626,8.63191,2762.65,0.48584,0.2508,2193.312,0.312911115
84,41557_2017_BFnchem2747_MOESM344_ESM_ASR_pacman,1.40893,3.76898,7.1242,3072.97,0.57294,0.406649,7537.024,0.312680859
85,41557_2017_BFnchem2747_MOESM344_ESM_FSR_pacman,1.40893,3.76898,7.1242,3072.97,0.57294,0.406649,7537.024,0.312680859
2429,d3ce00592e2_4_FSR_pacman,1.16378,4.16621,7.60616,4101.66,0.57924,0.497721,13408.533,0.312566846
957,c7tc01844d2_2_FSR_pacman,1.88113,6.3128,6.63503,2342.86,0.53944,0.286764,1263.386,0.312006726
956,c7tc01844d2_2_ASR_pacman,1.88113,6.3128,6.63503,2342.86,0.53944,0.286764,1263.386,0.312006726
2840,ja0c05758_si_003_1_ASR_pacman,0.40935,27.7887,28.55275,3687.5,0.84768,2.0708,6590.268,0.311817217
3260,ja7b07612_si_001_FSR_pacman,1.47067,9.35302,9.53101,3729.78,0.45036,0.306228,1743.667,0.311663514
3259,ja7b07612_si_001_ASR_pacman,1.47067,9.35302,9.53101,3729.78,0.45036,0.306228,1743.667,0.311663514
3029,ja5b02999_si_007_ASR_pacman,0.421729,15.82547,19.2415,4237.63,0.8211,1.94698,1991.932,0.311645204
3386,ja8b06789_si_008_FSR_pacman,1.42869,5.59911,5.86989,2584.24,0.58342,0.408359,2667.268,0.311620047
1556,c9tc03698a2_ASR_pacman,1.49971,3.92085,5.08063,2597.77,0.62904,0.41944,557.14,0.311500712
3334,ja8b04277_si_011_FSR_pacman,0.514474,10.41269,13.59371,3787.96,0.80344,1.56167,2406.86,0.311183422
1845,d0ce00900h2_1_FSR_pacman,1.65285,6.97447,8.25738,3174.06,0.50264,0.304106,2153.19,0.311173937
3074,ja6b08724_si_007_ASR_pacman,0.341868,26.17158,27.75057,3969.35,0.86674,2.5353,2906.631,0.310914222
1270,c8ta09973a2_2_ASR_pacman,1.49782,3.52874,9.87149,3316.27,0.50752,0.338838,9509.268,0.310904978
3084,ja6b08724_si_015_ASR_pacman,0.341868,26.1862,27.74932,3972.28,0.86648,2.53454,2906.631,0.31076921
1500,c9sc00178f2_11_ASR_pacman,0.559316,21.72955,23.38088,3730.7,0.79682,1.42463,36259.068,0.310632826
2675,ic200054b_si_002_FSR_pacman,1.47531,2.74178,7.4333,3157.51,0.57236,0.387959,9250.113,0.310445448
933,c7sc05390h2_2_FSR_pacman,0.999814,5.55088,6.98556,4360.73,0.58178,0.581888,2764.268,0.310294231
1318,c9cc08860a2_FSR_pacman,0.582748,11.2815,14.11915,3410.61,0.79976,1.3724,2609.064,0.310244215
1846,d0ce00900h2_2_FSR_pacman,1.66424,6.91831,8.25224,3158.35,0.50222,0.301772,2812.91,0.310233997
395,am9b14121_si_001_3_ASR_pacman,1.11465,3.58098,8.53243,4187,0.567,0.50868,10215.656,0.309966392
289,am7b07920_si_002_5_ASR_pacman,1.16213,5.09167,9.746,4237.3,0.5301,0.456146,2998.724,0.309892932
290,am7b07920_si_002_5_FSR_pacman,1.16213,5.09167,9.746,4237.3,0.5301,0.456146,2998.724,0.309892932
3070,ja6b08724_si_004_ASR_pacman,0.353838,24.62399,28.65275,3872.78,0.86478,2.444,2988.639,0.309710564
405,am9b21938_si_001_ASR_pacman,1.35767,4.6097,6.66657,3083.3,0.57216,0.421428,2357.142,0.309663119
1608,cg801267m_si_001_ion_pacman,1.11956,4.31418,5.24501,3787.74,0.61286,0.547413,2689.636,0.309645244
529,c5ra18499a2_3_FSR_pacman,1.38419,6.04028,7.47371,3281.56,0.53518,0.386636,1389.124,0.309567153
528,c5ra18499a2_3_ASR_pacman,1.38419,6.04028,7.47371,3281.56,0.53518,0.386636,1389.124,0.309567153
3332,ja8b04277_si_010_FSR_pacman,0.531611,10.56512,13.5313,3703.35,0.80162,1.50791,2472.912,0.309546494
3080,ja6b08724_si_012_ASR_pacman,0.353838,24.92927,28.67969,3851.17,0.86508,2.44485,2988.639,0.309472829
2327,d2qi02361j2_2_ASR_pacman,0.505095,13.28419,15.42039,3975.23,0.80154,1.58691,18351.552,0.308961146
3410,ja8b08433_si_002_FSR_pacman,0.515879,10.51045,15.26423,3731.53,0.80358,1.55769,4441.384,0.308567475
2068,d0ta04778c2_ASR_pacman,1.22254,5.50754,6.68259,3450.59,0.56224,0.459895,2573.208,0.308531249
2069,d0ta04778c2_FSR_pacman,1.22254,5.50754,6.68259,3450.59,0.56224,0.459895,2573.208,0.308531249
1100,c8ce01585f2_FSR_pacman,1.48285,3.18687,6.98197,2699.27,0.57214,0.385838,1990.5,0.30842576
371,am9b00872_si_002_ASR_pacman,3.47669,3.71172,5.09899,1572.68,0.43944,0.126396,1571.588,0.308331177
88,41557_2017_BFnchem2747_MOESM346_ESM_ASR_pacman,1.42643,3.59861,7.00604,3024.23,0.57146,0.400623,1892.32,0.308187931
89,41557_2017_BFnchem2747_MOESM346_ESM_FSR_pacman,1.42643,3.59861,7.00604,3024.23,0.57146,0.400623,1892.32,0.308187931
259,am0c13022_si_002_ASR_pacman,1.49889,3.70629,7.08745,2641.3,0.56236,0.375185,3173.88,0.30803934
260,am0c13022_si_002_FSR_pacman,1.49889,3.70629,7.08745,2641.3,0.56236,0.375185,3173.88,0.30803934
272,am7b00918_si_002_FSR_pacman,0.51266,10.88401,13.91264,3784.72,0.805,1.57024,4433.48,0.308032792
716,c7ce00108h2_4_FSR_pacman,0.906163,3.97698,6.34626,4753.84,0.60842,0.671424,6506.328,0.308013367
3064,ja6b08724_si_001_ASR_pacman,0.354561,24.8444,28.37486,3867.37,0.86618,2.44297,2964.612,0.307976803
415,an9b01740_si_002_ASR_pacman,1.50835,3.64056,5.27973,2685.81,0.61774,0.409548,1181.748,0.307737166
2948,ja507269n_si_003_FSR_pacman,0.350261,25.18056,26.46131,4182.12,0.85544,2.4423,2935.148,0.307660454
1839,d0ce00900h2_12_ASR_pacman,1.61269,6.17353,8.05951,3125.94,0.5141,0.318784,1937.01,0.307611814
1577,cg300979c_si_002_ion_pacman,0.995822,6.38317,7.87511,4908.02,0.56622,0.568595,3784.143,0.307076809
2935,ja500330a_si_008_ASR_pacman,1.22479,5.03551,6.21304,3170.96,0.57568,0.470024,8417.076,0.306945346
744,c7ce01067b2_1_FSR_pacman,1.10445,4.73118,5.10331,3893.69,0.60802,0.550517,1422.264,0.306241852
743,c7ce01067b2_1_ASR_pacman,1.10445,4.73118,5.10331,3893.69,0.60802,0.550517,1422.264,0.306241852
474,c5dt03038b2_1_ASR_pacman,1.49819,4.66514,6.02169,2806.86,0.5827,0.388935,1651.116,0.305939163
2279,d2ce00268j2_3_FSR_pacman,1.29236,5.60288,8.40983,4108.32,0.54086,0.418507,8169.979,0.30580697
1156,c8dt02813c2_2_ASR_pacman,1.18536,4.47714,6.82797,3900.06,0.5769,0.486688,2728.504,0.305625771
1983,d0qi00068j2_ASR_pacman,1.09283,4.43603,5.96567,4150.19,0.5994,0.548485,1825.328,0.305514938
1984,d0qi00068j2_FSR_pacman,1.09283,4.43603,5.96567,4150.19,0.5994,0.548485,1825.328,0.305514938
1609,cg801267m_si_002_ion_pacman,1.11927,4.13286,5.07253,3675.9,0.612,0.546785,2649.841,0.305509658
1284,c9cc01701a2_2_ASR_pacman,1.12287,4.76047,7.03506,4277.43,0.58124,0.517638,1284.43,0.305388912
2866,ja0c07525_si_002_ASR_pacman,2.52133,5.83341,6.21729,1834.69,0.46974,0.186307,1248.58,0.305356402
1501,c9sc00178f2_11_FSR_pacman,0.577085,18.87047,23.38088,3835.98,0.78766,1.3649,37410.996,0.305201204
1065,c8ce00662h2_3_FSR_pacman,1.13378,4.28843,8.72696,4247.83,0.55356,0.488241,4151.576,0.305033808
1064,c8ce00662h2_3_ASR_pacman,1.13378,4.28843,8.72696,4247.83,0.55356,0.488241,4151.576,0.305033808
1596,cg501141m_si_003_ASR_pacman,1.08983,4.44598,6.57622,3877.4,0.58034,0.532504,5584.494,0.30475911
1092,c8ce01074a2_4_FSR_pacman,1.99453,6.80888,8.52684,2687.91,0.47804,0.239675,2801.168,0.304752579
1356,c9ce01230c2_3_FSR_pacman,0.972525,4.49128,6.72776,4694.13,0.59576,0.612591,6812.16,0.304713031
1511,c9sc01301f2_3_FSR_pacman,1.32817,3.45479,7.43157,2866.25,0.55446,0.417462,1858.151,0.30468928
1510,c9sc01301f2_3_ASR_pacman,1.32817,3.45479,7.43157,2866.25,0.55446,0.417462,1858.151,0.30468928
369,am8b22327_si_003_FSR_pacman,0.411696,13.11684,15.6281,4016.38,0.84274,2.04699,11747.592,0.304597765
960,c7tc01844d2_4_ASR_pacman,1.85372,6.23531,6.50672,2407.45,0.53416,0.288156,1249.464,0.304525365
961,c7tc01844d2_4_FSR_pacman,1.85372,6.23531,6.50672,2407.45,0.53416,0.288156,1249.464,0.304525365
1337,c9ce00759h2_ASR_pacman,1.70839,3.35415,9.27065,2655.28,0.49806,0.291538,4428.974,0.304470549
1338,c9ce00759h2_FSR_pacman,1.70839,3.35415,9.27065,2655.28,0.49806,0.291538,4428.974,0.304470549
1669,cm9b01258_si_004_FSR_pacman,1.58146,3.91758,8.26197,2555.56,0.51642,0.326546,4842.024,0.303968379
364,am8b20450_si_002_FSR_pacman,1.11483,5.50978,7.60176,3940.67,0.5487,0.492181,840.164,0.303895175
363,am8b20450_si_002_ASR_pacman,1.11483,5.50978,7.60176,3940.67,0.5487,0.492181,840.164,0.303895175
367,am8b22327_si_002_FSR_pacman,0.400064,14.1371,15.85441,4018.16,0.84892,2.12196,11747.592,0.303700751
1051,c8ce00653a2_1_FSR_pacman,1.60238,5.81099,7.88534,3247.03,0.52104,0.325166,10495.423,0.303655094
3076,ja6b08724_si_010_ASR_pacman,0.354749,26.15089,27.73699,3827.15,0.86342,2.43389,2898.087,0.303479514
934,c7ta00437k2_ASR_pacman,2.38466,2.63509,5.57518,1765.11,0.20892,0.08761,2021.01,0.30344644
935,c7ta00437k2_FSR_pacman,2.38466,2.63509,5.57518,1765.11,0.20892,0.08761,2021.01,0.30344644
2416,d3ce00228d2_2_ASR_pacman,0.938496,4.89684,6.2137,4755.92,0.5967,0.635804,2273.678,0.303121258
366,am8b22327_si_002_ASR_pacman,0.385371,14.1371,17.94747,3933.44,0.85506,2.2188,11339.424,0.302929522
2796,ja0660047si20060818_060256_FSR_pacman,0.926803,3.77132,6.22555,4688.07,0.60514,0.652933,3406.08,0.302929081
2795,ja0660047si20060818_060256_ASR_pacman,0.926803,3.77132,6.22555,4688.07,0.60514,0.652933,3406.08,0.302929081
3595,ja9b10501_si_018_FSR_pacman,1.0847,4.84834,7.16657,3853.99,0.5611,0.517284,4761.415,0.3028193
3594,ja9b10501_si_018_ASR_pacman,1.0847,4.84834,7.16657,3853.99,0.5611,0.517284,4761.415,0.3028193
1610,cg801267m_si_003_ion_pacman,1.05139,3.82933,5.19852,4099.31,0.6135,0.583514,2691.45,0.302780983
3072,ja6b08724_si_005_ASR_pacman,0.361833,24.38353,28.06754,3905,0.86592,2.39315,2963.172,0.302529182
3333,ja8b04277_si_011_ASR_pacman,0.501352,11.38972,13.59371,3764.38,0.80816,1.61196,2342.864,0.302518634
2841,ja0c05758_si_003_1_FSR_pacman,0.43216,27.7887,28.55275,3754.46,0.8388,1.94095,6974.244,0.302501422
1317,c9cc08860a2_ASR_pacman,0.555134,12.02537,16.02839,3331.6,0.81074,1.46044,2473.008,0.301739133
1359,c9ce01374a2_1_ASR_pacman,1.1743,3.65468,5.33173,3611.57,0.60612,0.516155,1582.084,0.301710266
3372,ja8b06774_si_002_4_FSR_pacman,1.46881,6.66896,8.05744,3258.83,0.5026,0.342181,986.243,0.301682698
3082,ja6b08724_si_013_ASR_pacman,0.361833,24.52318,28.04628,3919.58,0.86488,2.39027,2963.172,0.301439644
3489,ja9b02857_si_002_ASR_pacman,1.1229,3.81879,8.39662,4025.41,0.55132,0.490979,5714.31,0.301340897
926,c7sc03308g2_FSR_pacman,1.05675,4.12344,6.80315,4356.61,0.5882,0.556612,5288.64,0.301264305
925,c7sc03308g2_ASR_pacman,1.05675,4.12344,6.80315,4356.61,0.5882,0.556612,5288.64,0.301264305
836,c7dt03783j2_2_FSR_pacman,1.18086,4.51992,6.9375,3992.53,0.57196,0.48436,2621.844,0.301224559
1597,cg501141m_si_003_FSR_pacman,1.10121,4.44598,6.57622,3885.56,0.5765,0.523515,5648.49,0.30121728
368,am8b22327_si_003_ASR_pacman,0.396575,13.11684,17.73857,3922.36,0.8495,2.14209,11339.424,0.301211959
1512,c9sc01301f2_4_ASR_pacman,1.36063,3.00564,7.3564,3032.41,0.55848,0.410458,1944.218,0.300919522
1513,c9sc01301f2_4_FSR_pacman,1.36063,3.00564,7.3564,3032.41,0.55848,0.410458,1944.218,0.300919522
3331,ja8b04277_si_010_ASR_pacman,0.51845,11.44205,13.5313,3675.27,0.80686,1.55629,2408.916,0.30088779
1506,c9sc00178f2_9_ASR_pacman,1.24794,3.69538,8.37853,3937.22,0.54954,0.440358,6970.764,0.30076912
3667,oc7b00328_si_005_ASR_pacman,2.85855,3.63156,5.10752,1651.48,0.4506,0.157632,7219.872,0.300445747
3066,ja6b08724_si_002_ASR_pacman,0.365824,23.90219,27.82263,3839.44,0.85994,2.3507,2946.084,0.300243963
763,c7ce01618b2_ASR_pacman,1.31691,4.91081,7.41532,3701.24,0.54872,0.416671,1840.552,0.300081779
757,c7ce01453h2_5_ASR_pacman,2.25866,3.54534,6.80137,2110.51,0.52194,0.231084,1217.165,0.300076668
758,c7ce01453h2_5_FSR_pacman,2.25866,3.54534,6.80137,2110.51,0.52194,0.231084,1217.165,0.300076668
1097,c8ce01506f2_ASR_pacman,1.63432,5.1684,6.6227,2713.39,0.54918,0.33603,1636.448,0.300057301
3622,ja9b11952_si_002_4_ASR_pacman,1.88,6.09933,7.78334,2326.81,0.48256,0.256681,973.274,0.300015684
3623,ja9b11952_si_002_4_FSR_pacman,1.88,6.09933,7.78334,2326.81,0.48256,0.256681,973.274,0.300015684
2761,ic6b01231_si_002_2_FSR_pacman,1.7541,3.60124,8.42922,2732.1,0.51656,0.294488,10246.705,0.299925685
2760,ic6b01231_si_002_2_ASR_pacman,1.7541,3.60124,8.42922,2732.1,0.51656,0.294488,10246.705,0.299925685
2703,ic502488c_si_002_ASR_pacman,1.22976,4.17384,7.48963,3783.65,0.557,0.452933,2464.262,0.299854266
987,c8cc02235f2_FSR_pacman,1.71935,5.68214,6.44413,2847.33,0.54936,0.319516,1723.944,0.299712498
1304,c9cc05019a2_ASR_pacman,1.71935,5.68214,6.44413,2847.33,0.54936,0.319516,1723.944,0.299712498
986,c8cc02235f2_ASR_pacman,1.71935,5.68214,6.44413,2847.33,0.54936,0.319516,1723.944,0.299712498
1305,c9cc05019a2_FSR_pacman,1.71935,5.68214,6.44413,2847.33,0.54936,0.319516,1723.944,0.299712498
2689,ic501879w_si_003_ASR_pacman,1.26016,4.76367,7.26855,4001.42,0.56168,0.445722,2726.236,0.29954466
1988,d0qi00518e2_1_FSR_pacman,1.01992,3.75055,6.11898,4496.57,0.60216,0.590398,1128.856,0.299541291
2680,ic400777c_si_002_ASR_pacman,1.34581,3.99251,6.91264,3339.28,0.56206,0.417638,14486.128,0.299246277
1006,c8cc05650a5_1_ASR_pacman,1.20719,3.9129,8.91344,3999.62,0.5369,0.44475,10238.706,0.299117022
526,c5qi00128e2_2_ASR_pacman,0.987073,3.87772,6.60273,4250.58,0.58742,0.595113,2081.508,0.298710318
527,c5qi00128e2_2_FSR_pacman,0.987073,3.87772,6.60273,4250.58,0.58742,0.595113,2081.508,0.298710318
1059,c8ce00653a2_5_FSR_pacman,1.5426,5.54361,7.47492,3355,0.53028,0.343756,10479.486,0.29818372
1247,c8sc03622e2_ASR_pacman,1.74126,3.25081,8.20626,2547.44,0.5153,0.295935,6248.68,0.297722924
1248,c8sc03622e2_FSR_pacman,1.74126,3.25081,8.20626,2547.44,0.5153,0.295935,6248.68,0.297722924
1659,cm8b00611_si_004_ASR_pacman,1.46723,4.27909,5.79999,3231.55,0.5826,0.397075,1073.46,0.297664817
2798,ja0660047si20060818_060458_FSR_pacman,1.00816,3.94498,6.58396,4417.64,0.5898,0.585024,1703.04,0.29754094
2797,ja0660047si20060818_060458_ASR_pacman,1.00816,3.94498,6.58396,4417.64,0.5898,0.585024,1703.04,0.29754094
3264,ja7b07612_si_004_FSR_pacman,1.56639,8.62959,8.71212,3292.71,0.45072,0.287744,1761.682,0.297539222
3263,ja7b07612_si_004_ASR_pacman,1.56639,8.62959,8.71212,3292.71,0.45072,0.287744,1761.682,0.297539222
1210,c8qi00747k2_ASR_pacman,0.518913,13.85454,14.91193,2979.61,0.83802,1.61495,2653.07,0.297515658
1211,c8qi00747k2_FSR_pacman,0.518913,13.85454,14.91193,2979.61,0.83802,1.61495,2653.07,0.297515658
1925,d0dt02233k2_6_ion_pacman,1.4118,4.39775,7.9787,3714.28,0.5402,0.382632,2368.67,0.297461487
2947,ja507269n_si_002_FSR_pacman,0.369856,23.16654,25.65635,4171.13,0.84942,2.29662,2908.577,0.29740025
1685,cm9b02924_si_002_FSR_pacman,1.26525,3.36651,6.86684,3511.3,0.56952,0.450125,5881.086,0.297244701
2763,ic6b01231_si_003_2_FSR_pacman,1.74068,3.55581,8.23444,2786.55,0.52052,0.299032,10137.841,0.297112676
2762,ic6b01231_si_003_2_ASR_pacman,1.74068,3.55581,8.23444,2786.55,0.52052,0.299032,10137.841,0.297112676
2433,d3ce00592e2_6_FSR_pacman,1.16839,3.94802,7.72607,4217.19,0.56556,0.48405,14035.29,0.297049761
3049,ja6b03263_si_002_2_FSR_pacman,1.77929,2.25565,8.26095,2130.64,0.48162,0.270681,2416.549,0.296970565
3048,ja6b03263_si_002_2_ASR_pacman,1.77929,2.25565,8.26095,2130.64,0.48162,0.270681,2416.549,0.296970565
1890,d0dt00791a2_1_FSR_pacman,1.10615,3.45638,9.5934,4943.68,0.55396,0.500799,1389.138,0.296950418
1889,d0dt00791a2_1_ASR_pacman,1.10615,3.45638,9.5934,4943.68,0.55396,0.500799,1389.138,0.296950418
1611,cg801267m_si_004_ion_pacman,1.05732,3.85069,4.95632,4011.62,0.60888,0.57587,2665.662,0.296737694
2524,d3me00008g2_ion_pacman,1.06686,4.49695,7.47183,4412.4,0.56988,0.534164,1221.054,0.29664234
2283,d2ce00553k2_2_FSR_pacman,1.14416,4.39152,6.02229,3570.69,0.57738,0.504632,3442.938,0.296567786
1469,c9nj02004g2_FSR_pacman,4.01636,2.86297,4.69768,1582.21,0.36356,0.0905199,8666.383,0.296474845
1010,c8cc07064d2_FSR_pacman,1.71347,3.27245,6.31135,2640.27,0.57044,0.332915,1569.516,0.296442003
1009,c8cc07064d2_ASR_pacman,1.71347,3.27245,6.31135,2640.27,0.57044,0.332915,1569.516,0.296442003
918,c7sc00267j2_3_FSR_pacman,3.62982,3.36906,6.09424,1711.7,0.42712,0.11767,18749.28,0.296281047
917,c7sc00267j2_3_ASR_pacman,3.62982,3.36906,6.09424,1711.7,0.42712,0.11767,18749.28,0.296281047
1849,d0ce00900h2_7_FSR_pacman,1.69535,6.77112,8.11412,3164.8,0.49136,0.289828,2153.19,0.295734433
2425,d3ce00592e2_2_FSR_pacman,1.21562,4.14084,8.12883,4161.54,0.55254,0.454535,13660.43,0.295285113
525,c5qi00128e2_1_FSR_pacman,0.993282,3.73125,6.58115,4267.67,0.58556,0.58952,1664.9,0.29527752
524,c5qi00128e2_1_ASR_pacman,0.993282,3.73125,6.58115,4267.67,0.58556,0.58952,1664.9,0.29527752
3075,ja6b08724_si_007_FSR_pacman,0.363902,25.14927,27.0909,3879.47,0.8615,2.3674,3050.622,0.295031587
3234,ja7b05858_si_003_FSR_pacman,1.65465,8.53646,8.73804,3230.36,0.44696,0.270123,1749.515,0.294980996
3233,ja7b05858_si_003_ASR_pacman,1.65465,8.53646,8.73804,3230.36,0.44696,0.270123,1749.515,0.294980996
3085,ja6b08724_si_015_FSR_pacman,0.363902,25.13728,27.11685,3883.15,0.86118,2.36652,3050.622,0.294919307
3043,ja6b02030_si_002_FSR_pacman,1.74501,5.36707,6.3623,2908.7,0.54974,0.315035,6135.426,0.294746019
3600,ja9b10501_si_021_ASR_pacman,1.19263,4.05434,6.55112,3540.48,0.56688,0.47532,4898.446,0.29452681
3601,ja9b10501_si_021_FSR_pacman,1.19263,4.05434,6.55112,3540.48,0.56688,0.47532,4898.446,0.29452681
631,c6ra27509e2_FSR_pacman,1.13348,4.42011,6.86236,3991.21,0.56662,0.499892,2820.116,0.294402478
630,c6ra27509e2_ASR_pacman,1.13348,4.42011,6.86236,3991.21,0.56662,0.499892,2820.116,0.294402478
1960,d0dt04363j2_1_ASR_pacman,1.47031,4.48968,6.95977,2965.55,0.54472,0.370479,959.956,0.294266283
2500,d3dt01984e2_ASR_pacman,1.56367,5.8169,7.53738,3165.22,0.51724,0.330786,2868.312,0.294186854
2501,d3dt01984e2_FSR_pacman,1.56367,5.8169,7.53738,3165.22,0.51724,0.330786,2868.312,0.294186854
1265,c8ta06383d2_ASR_pacman,1.7845,4.71439,7.59807,2636.9,0.51604,0.289179,2775.694,0.293844825
1940,d0dt02642e2_2_ASR_pacman,0.987383,4.33456,6.53606,4728.86,0.58608,0.593569,3809.916,0.293823033
1941,d0dt02642e2_2_FSR_pacman,0.987383,4.33456,6.53606,4728.86,0.58608,0.593569,3809.916,0.293823033
372,am9b00872_si_002_FSR_pacman,3.62393,3.71172,4.8696,1631.2,0.3985,0.109964,1731.578,0.293811184
2668,ic1010083_si_002_ASR_pacman,1.29975,4.09451,8.73894,4008.46,0.53376,0.410664,22014.24,0.293711482
2786,ic801677y_si_001_ion_pacman,1.06728,3.67401,4.99851,3990.26,0.60586,0.567666,2657.831,0.293612097
396,am9b14121_si_001_3_FSR_pacman,1.14258,3.39317,8.53243,4252.08,0.55312,0.484097,10471.64,0.293583543
2525,d3nj01937c2_ASR_pacman,2.09335,2.88426,8.79229,2311.45,0.47694,0.227836,9801.872,0.293443167
3071,ja6b08724_si_004_FSR_pacman,0.364253,24.62688,26.54082,3921.31,0.86034,2.36193,3084.633,0.293146371
1463,c9en00018f2_FSR_pacman,3.57722,3.96124,4.77141,1626.26,0.35826,0.10015,1128.464,0.293101596
1462,c9en00018f2_ASR_pacman,3.57722,3.96124,4.77141,1626.26,0.35826,0.10015,1128.464,0.293101596
3081,ja6b08724_si_012_FSR_pacman,0.364253,24.92927,26.57811,3899.5,0.86064,2.36276,3084.633,0.29302179
1220,c8qi01055b2_3_ASR_pacman,0.994859,5.29905,7.87232,4828.95,0.558,0.560884,1521.256,0.293021196
1221,c8qi01055b2_3_FSR_pacman,0.994859,5.29905,7.87232,4828.95,0.558,0.560884,1521.256,0.293021196
2494,d3dt00473b2_FSR_pacman,1.18997,4.41704,6.97468,4118.41,0.56704,0.476515,2050.976,0.29299391
2212,d1qm00024a2_ASR_pacman,2.23555,4.73307,5.54531,2065.08,0.52484,0.23477,2359.664,0.29263498
2213,d1qm00024a2_FSR_pacman,2.23555,4.73307,5.54531,2065.08,0.52484,0.23477,2359.664,0.29263498
1313,c9cc07851g2_2_ASR_pacman,2.84102,3.98529,5.65023,1793.34,0.4616,0.162477,2407.064,0.2925209
2276,d2ce00268j2_1_ASR_pacman,1.24746,4.75189,6.81618,4069.09,0.56466,0.452649,7781.906,0.292475571
2203,d1nj06183f2_ASR_pacman,1.05455,5.11485,6.94328,4511.47,0.56966,0.540192,2667.074,0.292418622
3065,ja6b08724_si_001_FSR_pacman,0.365232,24.8444,26.34352,3911.03,0.86198,2.36009,3060.606,0.292171468
2237,d1tc04482f2_ASR_pacman,1.32894,4.86111,6.29268,3483.97,0.56056,0.42181,4670.072,0.292152237
1013,c8cc07369d2_ASR_pacman,1.12519,3.59344,6.34747,4053.82,0.5831,0.518225,10301.712,0.292113246
1161,c8dt02816h2_2_FSR_pacman,1.31894,3.34359,7.63226,3631.2,0.55028,0.417213,13334.148,0.292085692
1160,c8dt02816h2_2_ASR_pacman,1.31894,3.34359,7.63226,3631.2,0.55028,0.417213,13334.148,0.292085692
2379,d3cc00067b2_FSR_pacman,1.01314,4.34492,6.38276,3968.89,0.57226,0.564839,4011.636,0.291914197
2378,d3cc00067b2_ASR_pacman,1.01314,4.34492,6.38276,3968.89,0.57226,0.564839,4011.636,0.291914197
1238,c8qm00182k2_5_FSR_pacman,1.33551,6.80443,7.51991,3835.04,0.51774,0.387673,8033.048,0.29182328
1237,c8qm00182k2_5_ASR_pacman,1.33551,6.80443,7.51991,3835.04,0.51774,0.387673,8033.048,0.29182328
1314,c9cc07851g2_2_FSR_pacman,2.88948,3.98529,5.65023,1758.87,0.44328,0.153412,2535.056,0.29180325
16,11426_2023_1573_MOESM15_ESM_ASR_pacman,2.50416,3.67285,5.85929,1791.99,0.45434,0.181434,1412.366,0.291758178
17,11426_2023_1573_MOESM15_ESM_FSR_pacman,2.50416,3.67285,5.85929,1791.99,0.45434,0.181434,1412.366,0.291758178
1151,c8dt02089b2_FSR_pacman,1.31427,4.33701,6.35434,3243.49,0.56146,0.427202,2729.004,0.291600193
1150,c8dt02089b2_ASR_pacman,1.31427,4.33701,6.35434,3243.49,0.56146,0.427202,2729.004,0.291600193
1836,d0ce00629g2_1_FSR_pacman,1.08217,4.50386,6.8718,4424.18,0.57324,0.529713,1232.41,0.290854688
3227,ja7b04542_si_002_ASR_pacman,1.1284,7.51431,8.32674,4497.82,0.51564,0.456965,5393.512,0.290664955
2931,ja500330a_si_005_ASR_pacman,1.46649,3.38723,6.29105,2687.63,0.56246,0.383542,24380.088,0.290486124
1458,c9dt04305e2_1_ASR_pacman,1.04257,4.38913,6.5288,4299.87,0.5761,0.552579,1814.872,0.290434901
1459,c9dt04305e2_1_FSR_pacman,1.04257,4.38913,6.5288,4299.87,0.5761,0.552579,1814.872,0.290434901
1157,c8dt02813c2_2_FSR_pacman,1.21413,4.47714,6.82797,3979.12,0.56218,0.46303,2800.564,0.290204027
2843,ja0c05758_si_003_2_FSR_pacman,0.442899,27.42854,28.95423,3842.18,0.8301,1.87424,7539.186,0.290142985
1921,d0dt02017f2_FSR_pacman,1.26726,6.11854,7.17225,3952.16,0.53478,0.421998,6564.544,0.289163382
1920,d0dt02017f2_ASR_pacman,1.26726,6.11854,7.17225,3952.16,0.53478,0.421998,6564.544,0.289163382
19,11426_2023_1573_MOESM16_ESM_FSR_pacman,2.32973,4.10378,6.00612,1945.45,0.48536,0.208333,1412.366,0.289123659
18,11426_2023_1573_MOESM16_ESM_ASR_pacman,2.32973,4.10378,6.00612,1945.45,0.48536,0.208333,1412.366,0.289123659
3480,ja9b02294_si_003_FSR_pacman,0.479092,15.152,21.93316,3827.48,0.81422,1.69951,25048.242,0.289042018
701,c7cc06979k2_2_ASR_pacman,1.09334,5.38034,7.80997,4492.88,0.54876,0.50191,8919.289,0.288971492
1368,c9ce01529a2_3_ASR_pacman,1.10769,4.22513,6.72217,4248.55,0.57204,0.516424,4750.8,0.288941675
2842,ja0c05758_si_003_2_ASR_pacman,0.431674,27.42854,28.95423,3843.47,0.83432,1.93275,7347.198,0.288689692
10,10965_2019_2002_MOESM1_ESM_ASR_pacman,1.09671,3.99119,5.8133,4215.71,0.58758,0.535766,2111.16,0.28835913
3195,ja7b02272_si_013_ASR_pacman,1.92518,3.8735,7.36799,2673.52,0.52532,0.272868,40270.344,0.288062106
3196,ja7b02272_si_013_FSR_pacman,1.92518,3.8735,7.36799,2673.52,0.52532,0.272868,40270.344,0.288062106
3041,ja6b01663_si_002_ASR_pacman,0.438285,17.09587,24.65698,3659.99,0.83908,1.91446,5845.944,0.287942165
1412,c9dt01542f2_1_FSR_pacman,1.88242,3.89852,5.59235,2267.83,0.54846,0.291359,1408.288,0.287915063
702,c7cc06979k2_2_FSR_pacman,1.10055,5.38034,7.80997,4485.48,0.54674,0.496787,8967.286,0.287373847
2495,d3dt00478c2_1_ASR_pacman,1.18683,3.56823,8.29347,4024.32,0.5413,0.456087,9069.752,0.287280799
2496,d3dt00478c2_1_FSR_pacman,1.18683,3.56823,8.29347,4024.32,0.5413,0.456087,9069.752,0.287280799
3073,ja6b08724_si_005_FSR_pacman,0.372729,24.38353,26.00569,3969.72,0.86084,2.30956,3059.166,0.287261512
148,S2052520623001105_5_FSR_pacman,3.02617,3.40631,5.89737,1847.87,0.46186,0.152622,13238.697,0.287046261
147,S2052520623001105_5_ASR_pacman,3.02617,3.40631,5.89737,1847.87,0.46186,0.152622,13238.697,0.287046261
764,c7ce01618b2_FSR_pacman,1.34131,4.91081,7.41532,3757.38,0.53626,0.399803,1876.582,0.286647892
3083,ja6b08724_si_013_FSR_pacman,0.372729,24.52318,25.99112,3984.12,0.85982,2.30683,3059.166,0.286561275
2057,d0sc04691d2_2_FSR_pacman,1.37534,4.3113,5.55922,2710.56,0.56768,0.412757,2811.744,0.286441115
1967,d0ma00503g2_2_FSR_pacman,1.37534,4.3113,5.55922,2710.56,0.56768,0.412757,2811.744,0.286441115
2056,d0sc04691d2_2_ASR_pacman,1.37534,4.3113,5.55922,2710.56,0.56768,0.412757,2811.744,0.286441115
1966,d0ma00503g2_2_ASR_pacman,1.37534,4.3113,5.55922,2710.56,0.56768,0.412757,2811.744,0.286441115
2490,d3dt00422h2_3_FSR_pacman,1.09784,3.42552,6.87328,4175.86,0.57196,0.520986,7553.685,0.286316902
376,am9b03861_si_001_FSR_pacman,1.65118,4.29586,5.50287,2675.73,0.5681,0.344058,8549.68,0.286213731
3067,ja6b08724_si_002_FSR_pacman,0.376898,23.90219,25.7622,3866.09,0.85556,2.27,3042.078,0.286136235
3042,ja6b01663_si_002_FSR_pacman,0.466719,17.09587,24.65698,3739.58,0.82796,1.774,6229.92,0.285900848
2492,d3dt00422h2_4_FSR_pacman,1.00345,3.2344,7.76496,4585.53,0.56648,0.56453,8260.215,0.28565653
3077,ja6b08724_si_010_FSR_pacman,0.376898,23.90846,25.72176,3877.77,0.85548,2.26979,3042.078,0.285623485
3668,oc7b00328_si_005_FSR_pacman,2.89496,3.32002,5.10752,1730.71,0.4296,0.148396,7344.008,0.285343528
1294,c9cc02819f2_4_FSR_pacman,0.993367,4.5214,7.05145,4925.52,0.56502,0.568793,2046.836,0.285121444
1293,c9cc02819f2_4_ASR_pacman,0.993367,4.5214,7.05145,4925.52,0.56502,0.568793,2046.836,0.285121444
2838,ja0c05384_si_005_ASR_pacman,1.09424,5.93174,8.36163,4574.88,0.53016,0.484502,5884.218,0.284569534
2839,ja0c05384_si_005_FSR_pacman,1.09424,5.93174,8.36163,4574.88,0.53016,0.484502,5884.218,0.284569534
275,am7b03914_si_002_ASR_pacman,1.46207,4.06009,7.11365,3162.26,0.5373,0.367492,1306.821,0.284368815
705,c7cc07853f2_ASR_pacman,1.22195,5.00596,6.96922,3868.01,0.5444,0.445519,2119.289,0.284309922
706,c7cc07853f2_FSR_pacman,1.22195,5.00596,6.96922,3868.01,0.5444,0.445519,2119.289,0.284309922
3550,ja9b06711_si_002_FSR_pacman,0.498802,11.89474,13.25953,3562.9,0.82348,1.65091,4168.768,0.284165369
3095,ja6b10768_si_006_ASR_pacman,0.588355,10.12081,13.30407,3051.44,0.83646,1.42169,1611.728,0.284057973
3096,ja6b10768_si_006_FSR_pacman,0.588355,10.12081,13.30407,3051.44,0.83646,1.42169,1611.728,0.284057973
1896,d0dt00866d2_2_FSR_pacman,4.02052,2.56206,3.38821,1654.58,0.3037,0.0755375,1034.731,0.284039927
1895,d0dt00866d2_2_ASR_pacman,4.02052,2.56206,3.38821,1654.58,0.3037,0.0755375,1034.731,0.284039927
1838,d0ce00900h2_11_FSR_pacman,1.8029,6.64465,8.32627,2995.49,0.46896,0.260114,2761.046,0.283435829
906,c7ra09429a2_ASR_pacman,1.08945,5.39448,6.73458,4524.55,0.5599,0.513927,2531.612,0.283412746
1962,d0ma00450b2_ASR_pacman,0.96395,4.29511,6.15318,4643.96,0.57808,0.599699,2499.272,0.283189796
399,am9b15311_si_002_ASR_pacman,1.43083,5.26595,6.91607,3179.03,0.52672,0.368123,12433.44,0.282953753
400,am9b15311_si_002_FSR_pacman,1.43083,5.26595,6.91607,3179.03,0.52672,0.368123,12433.44,0.282953753
1158,c8dt02816h2_1_ASR_pacman,1.35216,3.24451,7.47866,3582.3,0.5438,0.402171,9519.948,0.282662164
1159,c8dt02816h2_1_FSR_pacman,1.35216,3.24451,7.47866,3582.3,0.5438,0.402171,9519.948,0.282662164
1044,c8ce00213d2_3_FSR_pacman,1.25299,5.63852,7.24463,4077.92,0.53646,0.428144,6060.532,0.282604936
1240,c8ra05163a2_FSR_pacman,0.976312,3.78892,5.54993,4682.87,0.58914,0.603434,1727.879,0.282554412
1638,cm500700z_si_004_FSR_pacman,1.09123,4.2819,5.94103,4180.75,0.57546,0.527349,2797.692,0.282330697
1637,cm500700z_si_002_FSR_pacman,1.09123,4.2819,5.94103,4180.75,0.57546,0.527349,2797.692,0.282330697
2152,d1dt02515e2_4_ASR_pacman,2.37694,5.71087,7.74067,2289.98,0.45328,0.190699,3103.74,0.282264192
2153,d1dt02515e2_4_FSR_pacman,2.37694,5.71087,7.74067,2289.98,0.45328,0.190699,3103.74,0.282264192
937,c7ta01179b2_2_FSR_pacman,1.31139,4.88941,6.4629,3606.07,0.54776,0.417694,2751.486,0.282068198
936,c7ta01179b2_2_ASR_pacman,1.31139,4.88941,6.4629,3606.07,0.54776,0.417694,2751.486,0.282068198
1267,c8ta06923a2_2_FSR_pacman,1.13777,4.79002,6.93702,4298.14,0.55662,0.489219,1783.496,0.281912388
2404,d3cc03374k2_ASR_pacman,1.24104,3.83665,9.0408,4067.84,0.51978,0.418827,54950.49,0.281483233
999,c8cc03544j2_2_ion_pacman,1.12557,5.09181,6.831,4509.1,0.55912,0.496745,6119.62,0.28125212
2311,d2nj02015g2_ASR_pacman,1.19952,4.10894,9.45767,4412.91,0.52182,0.435025,4173.868,0.281183778
1266,c8ta06383d2_FSR_pacman,1.86375,4.43565,7.59807,2485.91,0.49236,0.264177,2903.686,0.281163343
1145,c8dt01592a2_FSR_pacman,1.03797,4.52413,7.60335,4548.61,0.55156,0.531386,3538.464,0.280348322
1144,c8dt01592a2_ASR_pacman,1.03797,4.52413,7.60335,4548.61,0.55156,0.531386,3538.464,0.280348322
914,c7sc00267j2_1_FSR_pacman,2.64486,5.59673,6.49028,2198.38,0.47832,0.180849,15705.538,0.280234677
913,c7sc00267j2_1_ASR_pacman,2.64486,5.59673,6.49028,2198.38,0.47832,0.180849,15705.538,0.280234677
1906,d0dt00943a2_FSR_pacman,1.06748,2.43969,7.26762,4024.15,0.5624,0.526846,1321.273,0.280139701
1905,d0dt00943a2_ASR_pacman,1.06748,2.43969,7.26762,4024.15,0.5624,0.526846,1321.273,0.280139701
3516,ja9b05567_si_002_ASR_pacman,1.51946,7.91581,8.02783,3600.23,0.46996,0.309293,1802.87,0.280138978
3517,ja9b05567_si_002_FSR_pacman,1.51946,7.91581,8.02783,3600.23,0.46996,0.309293,1802.87,0.280138978
2669,ic1010083_si_002_FSR_pacman,1.32883,4.09451,8.73894,4048.01,0.52116,0.392194,22270.224,0.279777134
742,c7ce01012e2_FSR_pacman,1.7482,3.39264,5.80732,2559.9,0.5544,0.317126,5526.94,0.279724437
1425,c9dt02117e2_FSR_pacman,0.444726,16.30315,18.15256,3861.23,0.82524,1.85561,2769.24,0.27957079
1854,d0ce01004a2_3_FSR_pacman,1.3147,3.90906,5.95859,3598.36,0.56554,0.430165,1416.95,0.279277605
1853,d0ce01004a2_3_ASR_pacman,1.3147,3.90906,5.95859,3598.36,0.56554,0.430165,1416.95,0.279277605
866,c7nj03530f2_ASR_pacman,1.0403,4.22541,5.94322,4488.79,0.57684,0.554492,3433.796,0.279065895
867,c7nj03530f2_FSR_pacman,1.0403,4.22541,5.94322,4488.79,0.57684,0.554492,3433.796,0.279065895
1087,c8ce01067f2_ASR_pacman,1.03207,5.82442,7.76091,5040.73,0.53204,0.515506,2717.976,0.279045861
1088,c8ce01067f2_FSR_pacman,1.03207,5.82442,7.76091,5040.73,0.53204,0.515506,2717.976,0.279045861
2936,ja500330a_si_008_FSR_pacman,1.2599,3.86277,5.88219,3196.37,0.562,0.446067,8673.06,0.279023566
1540,c9ta02822f2_FSR_pacman,2.41514,3.37375,6.09164,1816.15,0.40566,0.167965,653.967,0.279012289
1539,c9ta02822f2_ASR_pacman,2.41514,3.37375,6.09164,1816.15,0.40566,0.167965,653.967,0.279012289
3228,ja7b04542_si_002_FSR_pacman,1.15926,7.51431,8.32674,4516.62,0.50176,0.432827,5543.598,0.278865181
1424,c9dt02117e2_ASR_pacman,0.435792,16.30315,18.15256,3841.84,0.82874,1.90169,2705.244,0.278652734
2149,d1dt02515e2_2_FSR_pacman,2.39893,5.59333,7.58541,2255.37,0.44708,0.186366,2053.938,0.278145288
2148,d1dt02515e2_2_ASR_pacman,2.39893,5.59333,7.58541,2255.37,0.44708,0.186366,2053.938,0.278145288
2526,d3nj01937c2_FSR_pacman,2.12242,2.6703,8.79229,2392.65,0.46146,0.217422,10005.956,0.277767248
1903,d0dt00866d2_6_ASR_pacman,3.80258,3.09157,3.84066,1705.17,0.31012,0.0815551,2071.438,0.277674211
1904,d0dt00866d2_6_FSR_pacman,3.80258,3.09157,3.84066,1705.17,0.31012,0.0815551,2071.438,0.277674211
262,am0c14510_si_003_FSR_pacman,1.15276,4.29574,6.11441,4105.78,0.56616,0.491133,1635.004,0.277513829
261,am0c14510_si_003_ASR_pacman,1.15276,4.29574,6.11441,4105.78,0.56616,0.491133,1635.004,0.277513829
1706,cs7b02844_si_004_ASR_pacman,0.452136,14.37889,19.0717,3682.16,0.83548,1.84785,6103.188,0.276990415
269,am6b14051_si_003_FSR_pacman,1.16669,4.1422,6.93114,4236.73,0.55642,0.476922,3876.118,0.27689226
37,41467_2017_BFncomms15369_MOESM422_ESM_1_FSR_pacman,3.12322,3.4403,4.67577,1749.19,0.41388,0.132517,7885.904,0.276844172
36,41467_2017_BFncomms15369_MOESM422_ESM_1_ASR_pacman,3.12322,3.4403,4.67577,1749.19,0.41388,0.132517,7885.904,0.276844172
2690,ic501879w_si_003_FSR_pacman,1.33632,4.76367,7.26855,4015.68,0.53826,0.402793,2925.128,0.276582495
2154,d1dt02515e2_5_ASR_pacman,2.37809,5.31747,7.60077,2290.41,0.45304,0.190506,2053.938,0.27653608
2155,d1dt02515e2_5_FSR_pacman,2.37809,5.31747,7.60077,2290.41,0.45304,0.190506,2053.938,0.27653608
1324,c9ce00098d2_3_FSR_pacman,1.74808,4.34538,6.18204,2983.9,0.54452,0.311496,2054.214,0.276358677
998,c8cc03544j2_1_ion_pacman,1.12583,4.9705,6.87879,4598.06,0.55472,0.492719,6243.628,0.275898625
1453,c9dt04113c2_FSR_pacman,1.80385,5.30842,6.90453,2977.94,0.51484,0.285411,5617.78,0.275819601
3312,ja8b02192_si_003_ASR_pacman,1.42752,3.08613,7.02595,2795.89,0.52894,0.370531,2530.071,0.275324895
3313,ja8b02192_si_003_FSR_pacman,1.42752,3.08613,7.02595,2795.89,0.52894,0.370531,2530.071,0.275324895
1360,c9ce01374a2_1_FSR_pacman,1.22571,3.65468,5.33173,3818.33,0.57862,0.472071,1654.144,0.275279122
1790,d0cc05728b2_1_ASR_pacman,0.975451,6.18759,6.50504,5168.15,0.5305,0.543851,1156.764,0.27495811
2204,d1nj06183f2_FSR_pacman,1.07893,4.42377,6.94328,4580.03,0.55716,0.516403,2739.134,0.27480218
882,c7qi00218a2_7_FSR_pacman,1.31365,2.69142,4.5892,3693.75,0.59824,0.455403,1597.452,0.274704607
881,c7qi00218a2_7_ASR_pacman,1.31365,2.69142,4.5892,3693.75,0.59824,0.455403,1597.452,0.274704607
2300,d2dt02632e2_ASR_pacman,1.17659,3.89228,6.19834,3923.45,0.5618,0.477481,2741.518,0.274580609
1194,c8nj05139a2_1_ASR_pacman,1.24114,2.62499,9.59311,4149.67,0.51594,0.415699,7134.768,0.27434805
3549,ja9b06711_si_002_ASR_pacman,0.468173,11.89474,15.25565,3485.31,0.83576,1.78515,3912.784,0.274253736
86,41557_2017_BFnchem2747_MOESM345_ESM_ASR_pacman,1.67281,3.39025,6.75749,2795.3,0.53182,0.31792,7537.024,0.273859793
87,41557_2017_BFnchem2747_MOESM345_ESM_FSR_pacman,1.67281,3.39025,6.75749,2795.3,0.53182,0.31792,7537.024,0.273859793
2705,ic5025197_si_002_ASR_pacman,1.046,5.73729,6.62895,4929.78,0.5447,0.520745,2194.192,0.27376562
1414,c9dt01542f2_2_FSR_pacman,2.04104,3.52519,5.61172,2161.74,0.51054,0.250138,1468.3,0.273619024
3599,ja9b10501_si_020_FSR_pacman,1.29056,4.02268,6.47533,3490.84,0.54578,0.422901,4841.428,0.273419568
3598,ja9b10501_si_020_ASR_pacman,1.29056,4.02268,6.47533,3490.84,0.54578,0.422901,4841.428,0.273419568
15,11426_2023_1573_MOESM14_ESM_FSR_pacman,1.32529,4.59739,6.26419,3253.96,0.54014,0.407563,1092.75,0.273346692
14,11426_2023_1573_MOESM14_ESM_ASR_pacman,1.32529,4.59739,6.26419,3253.96,0.54014,0.407563,1092.75,0.273346692
2867,ja0c07525_si_002_FSR_pacman,2.63183,5.83341,6.21729,1992.77,0.41464,0.157548,1376.572,0.273287845
873,c7qi00218a2_1_ASR_pacman,1.31626,2.73129,4.52356,3693.78,0.59738,0.453848,1597.452,0.273115464
874,c7qi00218a2_1_FSR_pacman,1.31626,2.73129,4.52356,3693.78,0.59738,0.453848,1597.452,0.273115464
1958,d0dt03952g2_2_ASR_pacman,1.06434,4.1981,5.305,3833.28,0.5708,0.536297,710.664,0.273085729
977,c8cc01559g2_3_FSR_pacman,2.60739,3.76705,5.81185,1864.46,0.41492,0.159133,4332.612,0.273072382
976,c8cc01559g2_3_ASR_pacman,2.60739,3.76705,5.81185,1864.46,0.41492,0.159133,4332.612,0.273072382
2228,d1sc04712d2_7_FSR_pacman,1.03005,3.84243,7.86326,4816.3,0.54632,0.530383,6525.12,0.272948977
2227,d1sc04712d2_7_ASR_pacman,1.03005,3.84243,7.86326,4816.3,0.54632,0.530383,6525.12,0.272948977
787,c7dt01262d2_1_FSR_pacman,0.965417,3.10561,7.29979,4923.39,0.556,0.575917,1857.991,0.272447228
2238,d1tc04482f2_FSR_pacman,1.36807,4.79707,6.29268,3526.67,0.54082,0.395315,4814.192,0.272205672
876,c7qi00218a2_3_FSR_pacman,1.31974,2.67638,4.54005,3697.45,0.59642,0.451922,1597.452,0.272035932
875,c7qi00218a2_3_ASR_pacman,1.31974,2.67638,4.54005,3697.45,0.59642,0.451922,1597.452,0.272035932
2518,d3dt03363e2_2_ASR_pacman,1.92028,3.84929,4.98127,2678.03,0.56496,0.294207,3596.692,0.272029242
277,am7b05859_si_002_ASR_pacman,1.62636,2.8924,6.50654,2646.67,0.53366,0.328132,4496.576,0.271946237
2030,d0sc02856h2_2_ASR_pacman,2.2134,4.73832,5.90274,2125.77,0.47772,0.215831,1524.217,0.271554428
2031,d0sc02856h2_2_FSR_pacman,2.2134,4.73832,5.90274,2125.77,0.47772,0.215831,1524.217,0.271554428
748,c7ce01341h2_FSR_pacman,1.09872,4.37615,6.40821,4540.01,0.56148,0.511032,1449.638,0.271484452
907,c7ra09429a2_FSR_pacman,1.11648,5.39448,6.73458,4572,0.54652,0.489502,2595.608,0.271046369
2592,d3sc00904a2_1_FSR_pacman,0.985128,5.22965,5.48957,4751.07,0.56192,0.570403,1138.999,0.269969831
2591,d3sc00904a2_1_ASR_pacman,0.985128,5.22965,5.48957,4751.07,0.56192,0.570403,1138.999,0.269969831
2312,d2nj02015g2_FSR_pacman,1.20952,4.10894,9.17046,4447.32,0.5159,0.426531,4209.898,0.26992603
967,c8cc00678d2_5_FSR_pacman,0.922579,3.02305,5.55473,5322.29,0.5442,0.589868,3746.768,0.269595921
966,c8cc00678d2_5_ASR_pacman,0.922579,3.02305,5.55473,5322.29,0.5442,0.589868,3746.768,0.269595921
446,c5ce00886g2_3_ASR_pacman,0.987311,4.49508,6.68191,4924.16,0.54982,0.556886,3630.452,0.269474867
421,ao0c04526_si_001_ASR_pacman,1.51465,5.08994,5.4939,2899.32,0.54098,0.357165,4325.136,0.268800308
2847,ja0c06329_si_002_FSR_pacman,1.27602,5.10432,7.20176,3678.96,0.51772,0.40573,5511.652,0.268589406
2846,ja0c06329_si_002_ASR_pacman,1.27602,5.10432,7.20176,3678.96,0.51772,0.40573,5511.652,0.268589406
3314,ja8b02192_si_005_ASR_pacman,1.83403,2.4577,7.23417,2534.83,0.50676,0.276309,2899.29,0.268520594
3315,ja8b02192_si_005_FSR_pacman,1.83403,2.4577,7.23417,2534.83,0.50676,0.276309,2899.29,0.268520594
250,am0c09940_si_002_ASR_pacman,1.374,4.83178,5.70955,3470.75,0.54768,0.398604,2358.984,0.268499625
1002,c8cc05402a2_ASR_pacman,1.12243,5.90479,8.09655,4578.16,0.51598,0.459697,2721.752,0.268410786
464,c5ce02503f2_1_ion_pacman,2.24825,2.31191,10.65083,2419.52,0.38636,0.171849,8577.433,0.268378764
3093,ja6b10768_si_005_ASR_pacman,0.526978,11.27016,14.04026,3249.02,0.85042,1.61377,2231.424,0.268275001
878,c7qi00218a2_4_FSR_pacman,1.32839,2.77059,4.44711,3688.25,0.59322,0.446571,1597.452,0.268204713
877,c7qi00218a2_4_ASR_pacman,1.32839,2.77059,4.44711,3688.25,0.59322,0.446571,1597.452,0.268204713
1897,d0dt00866d2_3_ASR_pacman,3.84748,2.63441,3.45842,1742.43,0.31478,0.0818145,1020.724,0.268073152
1898,d0dt00866d2_3_FSR_pacman,3.84748,2.63441,3.45842,1742.43,0.31478,0.0818145,1020.724,0.268073152
2163,d1dt04007c2_11_FSR_pacman,1.2648,4.76893,5.73296,3762.54,0.55168,0.436178,1214.424,0.267895647
2162,d1dt04007c2_11_ASR_pacman,1.2648,4.76893,5.73296,3762.54,0.55168,0.436178,1214.424,0.267895647
817,c7dt02506h2_ion_pacman,1.14494,6.19673,7.70381,4583.6,0.51862,0.452966,3087.56,0.267844869
1366,c9ce01529a2_2_ASR_pacman,1.05032,4.21442,6.39938,4494.82,0.55814,0.531399,4293.934,0.26783018
2034,d0sc02856h2_4_FSR_pacman,2.06235,4.77814,6.07426,2267.15,0.48692,0.2361,1536.228,0.267404173
2033,d0sc02856h2_4_ASR_pacman,2.06235,4.77814,6.07426,2267.15,0.48692,0.2361,1536.228,0.267404173
975,c8cc01559g2_2_FSR_pacman,2.98921,2.27748,4.64546,1782.43,0.31832,0.10649,2142.378,0.266783941
974,c8cc01559g2_2_ASR_pacman,2.98921,2.27748,4.64546,1782.43,0.31832,0.10649,2142.378,0.266783941
2676,ic2017598_si_002_ASR_pacman,0.425692,22.27413,22.84284,4058.78,0.8401,1.97349,6216.12,0.266776283
2677,ic2017598_si_002_FSR_pacman,0.425692,22.27413,22.84284,4058.78,0.8401,1.97349,6216.12,0.266776283
2029,d0sc02856h2_1_FSR_pacman,1.7046,4.73381,5.88473,2737.75,0.52832,0.309938,4608.684,0.266704712
1378,c9ce01932d2_7_ASR_pacman,0.416181,25.18557,27.35583,4174.85,0.83406,2.00408,3614.075,0.2666786
2150,d1dt02515e2_3_ASR_pacman,2.29583,5.06592,7.40555,2355.2,0.45334,0.197462,2052.93,0.266659185
2151,d1dt02515e2_3_FSR_pacman,2.29583,5.06592,7.40555,2355.2,0.45334,0.197462,2052.93,0.266659185
2115,d1ay01977e2_FSR_pacman,1.39168,5.30107,6.76416,3473.54,0.51814,0.372312,2676.833,0.266639361
2114,d1ay01977e2_ASR_pacman,1.39168,5.30107,6.76416,3473.54,0.51814,0.372312,2676.833,0.266639361
423,ao7b01964_si_003_ASR_pacman,1.06052,3.7624,5.71666,4439.16,0.57018,0.537643,7214.672,0.266635443
3324,ja8b02994_si_005_FSR_pacman,1.02811,3.82959,6.68948,4802.22,0.55496,0.539786,3077.319,0.266392664
3323,ja8b02994_si_005_ASR_pacman,1.02811,3.82959,6.68948,4802.22,0.55496,0.539786,3077.319,0.266392664
1689,cm9b05048_si_002_FSR_pacman,1.80159,2.59946,8.62047,2459.11,0.45494,0.252521,7506.96,0.265919164
1688,cm9b05048_si_002_ASR_pacman,1.80159,2.59946,8.62047,2459.11,0.45494,0.252521,7506.96,0.265919164
1850,d0ce00900h2_9_FSR_pacman,1.76282,6.54045,7.89755,3215.76,0.468,0.265484,2153.19,0.265533042
2589,d3sc00904a2_13_ASR_pacman,1.00077,5.16535,5.59772,4732.51,0.55638,0.555954,1168.061,0.265454258
2590,d3sc00904a2_13_FSR_pacman,1.00077,5.16535,5.59772,4732.51,0.55638,0.555954,1168.061,0.265454258
1989,d0qi00518e2_3_ASR_pacman,3.04552,3.76942,5.95126,1891.46,0.38488,0.126376,1666.332,0.265436675
713,c7ce00108h2_3_ASR_pacman,1.0154,2.21252,8.77914,5181.91,0.51896,0.511088,14206.098,0.265229877
3566,ja9b08322_si_003_ASR_pacman,1.48806,3.67098,7.07946,3440.57,0.52794,0.354784,7777.314,0.265187884
3567,ja9b08322_si_003_FSR_pacman,1.48806,3.67098,7.07946,3440.57,0.52794,0.354784,7777.314,0.265187884
3423,ja8b08642_si_001_1_FSR_pacman,1.32059,4.08468,5.86013,3652.93,0.55204,0.418026,1643.068,0.26504365
3422,ja8b08642_si_001_1_ASR_pacman,1.32059,4.08468,5.86013,3652.93,0.55204,0.418026,1643.068,0.26504365
2812,ja0c01314_si_002_ion_pacman,1.35172,5.6652,6.99969,3841.79,0.51576,0.381557,1196.028,0.264661187
3044,ja6b02030_si_004_ASR_pacman,1.83949,4.91197,6.75698,2922.69,0.50878,0.276587,6639.606,0.264615771
3045,ja6b02030_si_004_FSR_pacman,1.83949,4.91197,6.75698,2922.69,0.50878,0.276587,6639.606,0.264615771
311,am8b02015_si_002_FSR_pacman,1.29319,5.75462,8.0263,4272.2,0.50794,0.392781,2526.144,0.264522067
389,am9b09879_si_002_ASR_pacman,1.48596,3.80955,5.02689,3042.72,0.56312,0.378962,1418.416,0.264420663
390,am9b09879_si_002_FSR_pacman,1.48596,3.80955,5.02689,3042.72,0.56312,0.378962,1418.416,0.264420663
712,c7ce00078b2_2_FSR_pacman,1.05859,3.92643,5.52815,4533.62,0.56888,0.537392,1879.856,0.264029029
278,am7b05859_si_002_FSR_pacman,1.64694,2.8924,6.50654,2678.13,0.52402,0.318178,4560.572,0.263405676
1014,c8cc07369d2_FSR_pacman,1.18815,3.48391,6.26978,4086.09,0.55624,0.468155,10878.192,0.263007928
1902,d0dt00866d2_5_FSR_pacman,3.62142,3.02771,3.64561,1790.61,0.3083,0.0851323,2057.431,0.262873437
1901,d0dt00866d2_5_ASR_pacman,3.62142,3.02771,3.64561,1790.61,0.3083,0.0851323,2057.431,0.262873437
2686,ic500905z_si_002_ASR_pacman,1.25131,3.29202,7.32756,4095.96,0.53962,0.431245,5249.512,0.262381584
422,ao0c04526_si_001_FSR_pacman,1.53114,5.08994,5.4939,2932.67,0.53338,0.348355,4373.133,0.261966966
909,c7ra10682c2_ASR_pacman,1.04511,3.75007,6.24651,4614.01,0.5579,0.533818,2284.016,0.261587228
910,c7ra10682c2_FSR_pacman,1.04511,3.75007,6.24651,4614.01,0.5579,0.533818,2284.016,0.261587228
2595,d3sc00904a2_3_ASR_pacman,1.01747,5.2407,5.62123,4681.26,0.551,0.541542,1154.034,0.261041914
2596,d3sc00904a2_3_FSR_pacman,1.01747,5.2407,5.62123,4681.26,0.551,0.541542,1154.034,0.261041914
978,c8cc01559g2_4_ASR_pacman,2.92405,2.30602,4.82753,1827.28,0.32218,0.110183,2142.378,0.260273646
979,c8cc01559g2_4_FSR_pacman,2.92405,2.30602,4.82753,1827.28,0.32218,0.110183,2142.378,0.260273646
1003,c8cc05402a2_FSR_pacman,1.14883,5.90479,8.09655,4553.78,0.50616,0.440589,2785.748,0.260237235
841,c7dt04081d2_1_ion_pacman,1.16057,4.21855,5.81977,4264.06,0.55678,0.479749,5301.247,0.260221594
2659,ic0520162si20051122_054836_FSR_pacman,1.85556,5.2097,6.72715,3229.02,0.50916,0.274397,9587.743,0.260157026
458,c5ce01790d1_ASR_pacman,2.09193,4.55461,9.17433,2664.78,0.42716,0.204195,4560.004,0.260030108
1415,c9dt01542f2_3_ASR_pacman,1.85186,2.78136,6.30465,2378.47,0.50168,0.270905,3537.096,0.259708104
884,c7qi00218a2_9_FSR_pacman,1.35313,2.57575,4.3245,3681.94,0.58732,0.434045,1597.452,0.258898041
883,c7qi00218a2_9_ASR_pacman,1.35313,2.57575,4.3245,3681.94,0.58732,0.434045,1597.452,0.258898041
2032,d0sc02856h2_3_FSR_pacman,1.74457,4.67707,5.77572,2695.8,0.51912,0.297563,4608.684,0.258595567
1840,d0ce00900h2_12_FSR_pacman,1.74528,6.17353,8.05951,3102.46,0.45768,0.262238,2153.19,0.258549458
2597,d3sc00904a2_5_ASR_pacman,1.02737,5.2986,5.66745,4641.01,0.54694,0.532367,1167.053,0.258152079
2598,d3sc00904a2_5_FSR_pacman,1.02737,5.2986,5.66745,4641.01,0.54694,0.532367,1167.053,0.258152079
1067,c8ce00692j2_7_FSR_pacman,1.2982,3.72974,8.16427,4059.08,0.5148,0.396548,16215.232,0.258037535
880,c7qi00218a2_5_FSR_pacman,1.36084,2.5519,4.31316,3686.28,0.58644,0.43094,3194.904,0.257592265
879,c7qi00218a2_5_ASR_pacman,1.36084,2.5519,4.31316,3686.28,0.58644,0.43094,3194.904,0.257592265
1900,d0dt00866d2_4_FSR_pacman,3.59908,3.18652,3.96563,1816.64,0.34322,0.0953632,2018.414,0.256750834
1899,d0dt00866d2_4_ASR_pacman,3.59908,3.18652,3.96563,1816.64,0.34322,0.0953632,2018.414,0.256750834
3244,ja7b05858_si_008_FSR_pacman,1.59689,8.91134,8.99844,3636.96,0.40132,0.251313,1663.693,0.256640946
3243,ja7b05858_si_008_ASR_pacman,1.59689,8.91134,8.99844,3636.96,0.40132,0.251313,1663.693,0.256640946
80,41557_2017_BFnchem2747_MOESM341_ESM_ion_pacman,1.16288,3.99727,5.36545,4255.28,0.5615,0.482852,1982.49,0.256221112
1278,c9cc00330d2_1_ASR_pacman,1.19292,5.52885,7.33215,4401.12,0.51646,0.432936,8761.24,0.255803204
2585,d3sc00904a2_11_ASR_pacman,1.03069,5.25274,5.63434,4635.09,0.54508,0.52885,1154.034,0.255628001
2586,d3sc00904a2_11_FSR_pacman,1.03069,5.25274,5.63434,4635.09,0.54508,0.52885,1154.034,0.255628001
1482,c9qi00339h2_7_ASR_pacman,3.16953,2.46572,4.51727,1840.35,0.3827,0.120744,3972.106,0.2556118
2766,ic6b01713_si_002_1_ASR_pacman,1.21253,4.33196,6.03601,4132.53,0.54564,0.450003,1614.972,0.255515851
782,c7dt00855d2_3_FSR_pacman,1.39471,4.14452,5.88137,3438.33,0.53778,0.385586,2901.822,0.255205448
781,c7dt00855d2_3_ASR_pacman,1.39471,4.14452,5.88137,3438.33,0.53778,0.385586,2901.822,0.255205448
2745,ic6b00136_si_002_FSR_pacman,1.29125,5.99511,6.23726,3926.4,0.51838,0.401457,2731.007,0.255088942
2744,ic6b00136_si_002_ASR_pacman,1.29125,5.99511,6.23726,3926.4,0.51838,0.401457,2731.007,0.255088942
2369,d2ta06783h2_FSR_pacman,1.41224,3.90997,5.13614,3340.01,0.5531,0.391648,1686.312,0.254619627
2368,d2ta06783h2_ASR_pacman,1.41224,3.90997,5.13614,3340.01,0.5531,0.391648,1686.312,0.254619627
1708,cs7b04189_si_002_FSR_pacman,1.07127,4.134,5.61196,4817.06,0.55212,0.515388,2468.52,0.254467271
2835,ja0c05286_si_005_ASR_pacman,1.09312,4.44966,6.8335,4459.84,0.53482,0.489259,3096.694,0.254268283
447,c5ce00886g2_3_FSR_pacman,1.02707,4.49508,6.68191,5002.45,0.52772,0.513812,3776.642,0.254199721
2848,ja0c06329_si_003_ASR_pacman,1.3031,5.00489,7.01669,3626.45,0.50722,0.389243,5493.2,0.254092769
2849,ja0c06329_si_003_FSR_pacman,1.3031,5.00489,7.01669,3626.45,0.50722,0.389243,5493.2,0.254092769
2599,d3sc00904a2_6_ASR_pacman,1.04025,5.27714,5.64547,4601.24,0.54238,0.521392,1154.034,0.253304544
2600,d3sc00904a2_6_FSR_pacman,1.04025,5.27714,5.64547,4601.24,0.54238,0.521392,1154.034,0.253304544
2764,ic6b01416_si_004_ASR_pacman,1.34288,3.21113,7.03402,3657.27,0.52634,0.391948,5657.856,0.253157585
2765,ic6b01416_si_004_FSR_pacman,1.34288,3.21113,7.03402,3657.27,0.52634,0.391948,5657.856,0.253157585
2121,d1cc05893b2_1_FSR_pacman,1.48806,4.56341,8.01896,3544.85,0.48836,0.328185,29181.418,0.252884445
2120,d1cc05893b2_1_ASR_pacman,1.48806,4.56341,8.01896,3544.85,0.48836,0.328185,29181.418,0.252884445
2417,d3ce00228d2_2_FSR_pacman,1.07972,4.89684,6.2137,4672.76,0.53814,0.498405,2475.976,0.252800598
2932,ja500330a_si_005_FSR_pacman,1.54866,3.38723,5.74165,2780.35,0.52938,0.34183,25340.216,0.25263358
2301,d2dt02632e2_FSR_pacman,1.20712,3.16252,6.19834,3964.54,0.5473,0.453395,2813.578,0.251973308
3107,ja7b00037_si_002_FSR_pacman,1.20754,2.98507,7.7208,4174.34,0.52672,0.436192,20414.538,0.251883841
1480,c9qi00339h2_6_ASR_pacman,3.18672,3.24151,4.58852,1876.27,0.36034,0.113076,4020.103,0.251460018
1552,c9ta13322d2_ASR_pacman,1.69243,5.35146,6.21025,2734.99,0.49168,0.290517,2357.704,0.251176254
1553,c9ta13322d2_FSR_pacman,1.69243,5.35146,6.21025,2734.99,0.49168,0.290517,2357.704,0.251176254
1476,c9qi00339h2_3_ASR_pacman,3.13856,3.28681,4.20665,1870.2,0.3861,0.123018,6546.904,0.251139919
1956,d0dt03747h2_ASR_pacman,0.995909,3.8326,6.40259,5051.9,0.5294,0.531575,1325.478,0.251059254
1098,c8ce01506f2_FSR_pacman,1.75876,4.09199,6.84569,2795.24,0.49432,0.281061,1780.568,0.250877065
1633,cm301726k_si_004_ASR_pacman,1.20703,6.68648,7.25347,3990.21,0.48628,0.402872,1426.596,0.250816007
1263,c8ta06249h2_ASR_pacman,1.62507,5.56513,6.87071,2941.84,0.4807,0.295803,4253.153,0.250384055
1264,c8ta06249h2_FSR_pacman,1.62507,5.56513,6.87071,2941.84,0.4807,0.295803,4253.153,0.250384055
1216,c8qi01031e2_FSR_pacman,1.03779,2.85586,6.02458,5036.08,0.54156,0.52184,2276.224,0.250295309
2017,d0ra09305j2_ASR_pacman,1.10924,4.46953,5.26823,4406.09,0.55258,0.498159,1627.376,0.249769743
2603,d3sc00904a2_8_ASR_pacman,1.05172,5.29554,5.66178,4559.51,0.53822,0.511754,1167.053,0.249672069
2604,d3sc00904a2_8_FSR_pacman,1.05172,5.29554,5.66178,4559.51,0.53822,0.511754,1167.053,0.249672069
714,c7ce00108h2_3_FSR_pacman,1.08577,2.21252,8.77914,5291.33,0.48346,0.44527,15190.554,0.249602836
619,c6nj02863b2_4_ASR_pacman,1.32291,3.2157,8.68663,4050.79,0.50112,0.378801,2152.776,0.249503838
3105,ja6b13176_si_003_ASR_pacman,1.06047,5.11626,6.12304,4566.65,0.53362,0.503191,1466.249,0.249488404
2287,d2ce01582j2_1_FSR_pacman,1.15247,4.37697,6.05896,4467.83,0.54272,0.470919,1448.286,0.249449871
2286,d2ce01582j2_1_ASR_pacman,1.15247,4.37697,6.05896,4467.83,0.54272,0.470919,1448.286,0.249449871
2277,d2ce00268j2_1_FSR_pacman,1.31639,4.75189,6.51979,4210.8,0.529,0.401855,8186.279,0.24911845
13,11426_2023_1573_MOESM10_ESM_FSR_pacman,1.42479,4.33655,5.95055,2954.35,0.5165,0.362509,1092.75,0.248901107
12,11426_2023_1573_MOESM10_ESM_ASR_pacman,1.42479,4.33655,5.95055,2954.35,0.5165,0.362509,1092.75,0.248901107
2317,d2qi00037g2_1_ASR_pacman,1.31879,3.55113,5.62201,3764.43,0.54788,0.415442,3538.104,0.248885412
2318,d2qi00037g2_1_FSR_pacman,1.31879,3.55113,5.62201,3764.43,0.54788,0.415442,3538.104,0.248885412
1830,d0ce00490a2_2_FSR_pacman,1.11839,4.64896,7.37855,4843.26,0.51702,0.462288,1043.52,0.248764733
1829,d0ce00490a2_2_ASR_pacman,1.11839,4.64896,7.37855,4843.26,0.51702,0.462288,1043.52,0.248764733
1046,c8ce00450a2_1_FSR_pacman,3.61045,2.80598,4.96403,1911.2,0.32324,0.0895289,2768.264,0.248657896
459,c5ce01790d1_FSR_pacman,2.12655,4.55461,9.17433,2676.13,0.41066,0.193111,4668.094,0.248633043
1401,c9dt00941h2_2_ASR_pacman,1.10875,4.11339,6.13904,4413.04,0.54218,0.489,3994.752,0.248386268
1402,c9dt00941h2_2_FSR_pacman,1.10875,4.11339,6.13904,4413.04,0.54218,0.489,3994.752,0.248386268
688,c7cc06125k5_2_FSR_pacman,1.67558,5.25087,6.03276,2867.63,0.5002,0.298523,4600.864,0.24828374
687,c7cc06125k5_2_ASR_pacman,1.67558,5.25087,6.03276,2867.63,0.5002,0.298523,4600.864,0.24828374
904,c7ra08977e2_ASR_pacman,1.62018,3.614,6.97723,3288.07,0.51056,0.315125,8686.926,0.248129194
1285,c9cc01701a2_2_FSR_pacman,1.18586,3.04525,6.30917,4407.35,0.54922,0.463139,1356.49,0.248006446
1893,d0dt00866d2_1_ASR_pacman,3.54591,2.77948,3.57352,1850.22,0.3383,0.0954056,1036.727,0.247998485
1894,d0dt00866d2_1_FSR_pacman,3.54591,2.77948,3.57352,1850.22,0.3383,0.0954056,1036.727,0.247998485
2377,d2tc02559k2_FSR_pacman,2.31686,5.18141,5.31381,2089.32,0.41654,0.179787,2601.72,0.247462782
2376,d2tc02559k2_ASR_pacman,2.31686,5.18141,5.31381,2089.32,0.41654,0.179787,2601.72,0.247462782
690,c7cc06125k5_3_FSR_pacman,1.68341,5.25056,5.9971,2848.09,0.49914,0.296505,4600.864,0.247379859
689,c7cc06125k5_3_ASR_pacman,1.68341,5.25056,5.9971,2848.09,0.49914,0.296505,4600.864,0.247379859
1812,d0ce00275e2_2_ASR_pacman,1.51031,3.37125,5.82703,3301.99,0.5367,0.355358,2572.512,0.247372327
1813,d0ce00275e2_2_FSR_pacman,1.51031,3.37125,5.82703,3301.99,0.5367,0.355358,2572.512,0.247372327
3236,ja7b05858_si_004_FSR_pacman,1.3299,7.52857,7.56016,4183.48,0.46992,0.353349,1674.696,0.247241307
3235,ja7b05858_si_004_ASR_pacman,1.3299,7.52857,7.56016,4183.48,0.46992,0.353349,1674.696,0.247241307
552,c6cc00576d2_FSR_pacman,1.11628,5.76871,6.58085,4807.9,0.5148,0.461175,975.364,0.246888078
551,c6cc00576d2_ASR_pacman,1.11628,5.76871,6.58085,4807.9,0.5148,0.461175,975.364,0.246888078
2039,d0sc03191g2_1_ion_pacman,1.12565,3.54368,8.30258,5214.53,0.4872,0.432818,16290.816,0.246802265
1952,d0dt03048a2_ASR_pacman,1.5852,5.00934,6.56839,2973.8,0.49256,0.310723,5286.32,0.246738486
844,c7dt04205a2_1_ASR_pacman,1.72112,4.16569,4.67661,2370.03,0.5081,0.295214,1496.336,0.246641071
845,c7dt04205a2_1_FSR_pacman,1.72112,4.16569,4.67661,2370.03,0.5081,0.295214,1496.336,0.246641071
982,c8cc01837e2_1_ASR_pacman,1.45262,4.28444,6.26947,3612.57,0.5237,0.36052,5824.892,0.246519178
1585,cg500121f_si_003_ASR_pacman,1.31529,3.62534,4.93168,3353.26,0.5514,0.419222,2096.912,0.24651539
1586,cg500121f_si_003_FSR_pacman,1.31529,3.62534,4.93168,3353.26,0.5514,0.419222,2096.912,0.24651539
3547,ja9b06194_si_002_ASR_pacman,1.43064,4.92208,5.67982,3089.21,0.51664,0.361125,362.246,0.246111504
3548,ja9b06194_si_002_FSR_pacman,1.43064,4.92208,5.67982,3089.21,0.51664,0.361125,362.246,0.246111504
2292,d2cy00387b2_ASR_pacman,1.15791,4.51397,5.33982,4237.75,0.54648,0.471952,3147.024,0.24608223
456,c5ce01473e2_1_ASR_pacman,1.60319,2.87007,4.36332,2719.96,0.5539,0.345499,851.6,0.246062722
424,ao7b01964_si_003_FSR_pacman,1.09951,3.7624,5.69027,4527.46,0.54948,0.49975,7502.912,0.246048211
1972,d0nj01448f2_3_ASR_pacman,1.37782,4.57596,5.48435,3452.7,0.53204,0.386146,994.465,0.246048014
3441,ja8b11998_si_002_ASR_pacman,1.95822,6.55086,8.03682,2503.42,0.38178,0.194963,22589.061,0.245779344
2395,d3cc02162a2_3_FSR_pacman,1.56213,4.20784,6.15894,3314.2,0.51996,0.332854,1298.002,0.24569379
1478,c9qi00339h2_5_ASR_pacman,2.87978,3.48068,4.60486,1978.71,0.42122,0.146268,3940.108,0.245649658
2583,d3sc00904a2_10_ASR_pacman,1.06214,5.27513,5.65688,4539.38,0.53422,0.502966,1154.034,0.245591041
2584,d3sc00904a2_10_FSR_pacman,1.06214,5.27513,5.65688,4539.38,0.53422,0.502966,1154.034,0.245591041
2065,d0sc05002d2_2_FSR_pacman,1.1839,3.47197,7.45189,4137.97,0.5194,0.43872,26410.2,0.245063216
847,c7dt04205a2_3_FSR_pacman,1.7601,4.03471,4.54062,2327.55,0.50474,0.286768,1496.336,0.245055647
846,c7dt04205a2_3_ASR_pacman,1.7601,4.03471,4.54062,2327.55,0.50474,0.286768,1496.336,0.245055647
1363,c9ce01474h2_3_ion_pacman,1.09062,5.27641,5.89733,4818.74,0.52598,0.482275,4825.338,0.244395783
2726,ic5b00561_si_002_2_FSR_pacman,1.30095,4.56101,6.61202,4030.25,0.52062,0.400185,7666.344,0.24410215
2725,ic5b00561_si_002_2_ASR_pacman,1.30095,4.56101,6.61202,4030.25,0.52062,0.400185,7666.344,0.24410215
1481,c9qi00339h2_6_FSR_pacman,3.22142,3.04949,4.58852,1918.88,0.34506,0.107114,4148.095,0.24400761
2687,ic500905z_si_002_FSR_pacman,1.28435,3.29202,7.32756,4147.16,0.52308,0.407273,5393.632,0.243873646
2606,d3sc00904a2_9_FSR_pacman,1.06762,5.28203,5.67644,4532.99,0.53132,0.497667,1168.061,0.243164619
2605,d3sc00904a2_9_ASR_pacman,1.06762,5.28203,5.67644,4532.99,0.53132,0.497667,1168.061,0.243164619
2220,d1qm00251a2_1_FSR_pacman,1.18174,4.24094,5.02552,4285.6,0.55142,0.466618,1213.754,0.24313323
2219,d1qm00251a2_1_ASR_pacman,1.18174,4.24094,5.02552,4285.6,0.55142,0.466618,1213.754,0.24313323
2877,ja101440z_si_001_FSR_pacman,1.38341,4.51197,5.24747,3593.54,0.53658,0.387866,2484.408,0.24291606
2426,d3ce00592e2_3_ASR_pacman,1.18984,3.71121,6.34315,4380.97,0.5376,0.451824,14508.098,0.242794758
1815,d0ce00397b2_2_ASR_pacman,2.19234,6.51073,8.92075,2744.33,0.37992,0.173295,4797.436,0.242762295
1301,c9cc04446a2_2_ASR_pacman,2.54538,4.60495,4.80003,2140.33,0.4488,0.176319,1289.552,0.242358964
1302,c9cc04446a2_2_FSR_pacman,2.54538,4.60495,4.80003,2140.33,0.4488,0.176319,1289.552,0.242358964
1483,c9qi00339h2_7_FSR_pacman,3.23793,2.37405,4.51727,1915.34,0.3528,0.108959,4228.09,0.242057682
1272,c8ta10610j2_1_ASR_pacman,1.37776,4.89782,5.28552,3285.23,0.52488,0.380965,590.5,0.241739259
1273,c8ta10610j2_1_FSR_pacman,1.37776,4.89782,5.28552,3285.23,0.52488,0.380965,590.5,0.241739259
660,c7cc02139a2_2_FSR_pacman,1.08605,3.85735,5.69657,4767.36,0.53988,0.497104,3296.416,0.241253347
659,c7cc02139a2_2_ASR_pacman,1.08605,3.85735,5.69657,4767.36,0.53988,0.497104,3296.416,0.241253347
523,c5nj03044g2_FSR_pacman,1.19457,3.47522,5.71018,4353.69,0.54688,0.457804,3734.24,0.240781351
522,c5nj03044g2_ASR_pacman,1.19457,3.47522,5.71018,4353.69,0.54688,0.457804,3734.24,0.240781351
1970,d0nj01448f2_1_ASR_pacman,1.42261,4.47442,5.46744,3371.84,0.52694,0.370403,1008.387,0.240710262
3106,ja6b13176_si_003_FSR_pacman,1.0848,5.11626,6.12304,4536.8,0.52412,0.483147,1502.279,0.240512794
2218,d1qm00211b2_5_ion_pacman,1.37124,6.94583,8.42004,4323.79,0.45844,0.334326,3370.132,0.24044435
2397,d3cc02162a2_4_FSR_pacman,1.55358,3.95748,5.96142,3335.45,0.522,0.335997,1298.002,0.240428416
685,c7cc06125k5_1_ASR_pacman,1.67941,4.98461,6.04035,2901.5,0.4951,0.294806,4600.864,0.240050029
686,c7cc06125k5_1_FSR_pacman,1.67941,4.98461,6.04035,2901.5,0.4951,0.294806,4600.864,0.240050029
1007,c8cc05650a5_1_FSR_pacman,1.3333,3.0597,8.91344,3995.35,0.4869,0.365184,11443.695,0.239874234
2293,d2cy00387b2_FSR_pacman,1.17886,4.51397,5.33982,4191.27,0.53986,0.45795,3219.084,0.239732291
1364,c9ce01481k2_ASR_pacman,1.32322,4.24471,6.03053,3736.19,0.52418,0.39614,4407.968,0.239655033
1365,c9ce01481k2_FSR_pacman,1.32322,4.24471,6.03053,3736.19,0.52418,0.39614,4407.968,0.239655033
2427,d3ce00592e2_3_FSR_pacman,1.19566,3.71121,6.34315,4399.77,0.53458,0.447101,14580.158,0.239600609
2588,d3sc00904a2_12_FSR_pacman,1.07875,5.28988,5.66839,4497.11,0.52766,0.489138,1167.053,0.239584364
2587,d3sc00904a2_12_ASR_pacman,1.07875,5.28988,5.66839,4497.11,0.52766,0.489138,1167.053,0.239584364
948,c7ta10148a2_2_ASR_pacman,2.59163,3.52533,5.21768,2017.49,0.3875,0.14952,2278.519,0.239547856
3490,ja9b02857_si_002_FSR_pacman,1.21779,3.28043,7.92943,4136.97,0.50722,0.416507,6266.448,0.239453738
3442,ja8b11998_si_002_FSR_pacman,2.02937,6.55086,8.03682,2488.62,0.35926,0.17703,23708.991,0.238794929
2660,ic062019u-file003_1_ASR_pacman,1.55917,3.83158,5.13108,3167.81,0.53498,0.343118,2973.068,0.23872511
2664,ic062019usi20061020_054948_1_ASR_pacman,1.55917,3.83158,5.13108,3167.81,0.53498,0.343118,2973.068,0.23872511
2444,d3ce00787a2_2_ASR_pacman,1.54614,2.89239,5.4627,3294.8,0.53916,0.348714,4169.216,0.23810206
2445,d3ce00787a2_2_FSR_pacman,1.54614,2.89239,5.4627,3294.8,0.53916,0.348714,4169.216,0.23810206
1142,c8dt01515e2_ASR_pacman,1.28979,3.65524,6.00229,3918.42,0.53248,0.412842,2242.363,0.237895482
2530,d3nj03179a2_FSR_pacman,1.18692,3.94103,4.99376,4050.45,0.54736,0.46116,4831.368,0.237735728
2529,d3nj03179a2_ASR_pacman,1.18692,3.94103,4.99376,4050.45,0.54736,0.46116,4831.368,0.237735728
940,c7ta03849f2_4_ASR_pacman,1.23919,4.87853,6.31878,4380.65,0.52148,0.420823,3810.368,0.237734968
941,c7ta03849f2_4_FSR_pacman,1.23919,4.87853,6.31878,4380.65,0.52148,0.420823,3810.368,0.237734968
1397,c9dt00478e2_2_FSR_pacman,2.05478,4.44619,5.21899,2414.29,0.48232,0.23473,1845.703,0.23769644
1396,c9dt00478e2_2_ASR_pacman,2.05478,4.44619,5.21899,2414.29,0.48232,0.23473,1845.703,0.23769644
670,c7cc03350h2_FSR_pacman,2.52348,3.58325,4.83999,2111.49,0.44096,0.174743,3202.462,0.237395544
669,c7cc03350h2_ASR_pacman,2.52348,3.58325,4.83999,2111.49,0.44096,0.174743,3202.462,0.237395544
2601,d3sc00904a2_7_ASR_pacman,1.08473,5.3304,5.66824,4479.41,0.5248,0.483808,1168.061,0.237268469
2602,d3sc00904a2_7_FSR_pacman,1.08473,5.3304,5.66824,4479.41,0.5248,0.483808,1168.061,0.237268469
1213,c8qi00773j2_FSR_pacman,1.15463,3.11136,6.3157,4575.91,0.53602,0.464235,3185.432,0.235927462
1959,d0dt03952g2_2_FSR_pacman,1.11428,3.7738,5.305,4087.75,0.54198,0.486393,746.694,0.235650369
1496,c9ra08659e2_ASR_pacman,1.17178,5.20074,6.34075,5069.5,0.49686,0.424022,1055.61,0.23551347
1497,c9ra08659e2_FSR_pacman,1.17178,5.20074,6.34075,5069.5,0.49686,0.424022,1055.61,0.23551347
1380,c9ce02005e2_ASR_pacman,2.08255,3.80519,5.76678,2332.87,0.45898,0.220393,5180.016,0.235459287
1381,c9ce02005e2_FSR_pacman,2.08255,3.80519,5.76678,2332.87,0.45898,0.220393,5180.016,0.235459287
406,am9b21938_si_001_FSR_pacman,1.46403,3.73156,5.8424,3206.4,0.51836,0.354065,2501.18,0.23535591
2642,d3tc01732j2_30_ion_pacman,1.50409,0.78573,1.84564,5718.31,0.33152,0.220413,4240.416,0.235216358
2662,ic062019u-file003_2_ASR_pacman,1.60552,3.80535,4.9847,3018.73,0.5308,0.330609,2968.656,0.235189866
2666,ic062019usi20061020_054948_2_ASR_pacman,1.60552,3.80535,4.9847,3018.73,0.5308,0.330609,2968.656,0.235189866
425,ao9b01008_si_002_FSR_pacman,1.33847,3.42285,6.6583,3843.44,0.51908,0.387815,3365.234,0.235106507
3683,s10876-021-02049-w_FSR_pacman,2.32185,3.12777,6.11072,2465.98,0.47584,0.20494,6285.716,0.234818021
3682,s10876-021-02049-w_ASR_pacman,2.32185,3.12777,6.11072,2465.98,0.47584,0.20494,6285.716,0.234818021
591,c6ce02146h2_2_FSR_pacman,1.29209,5.04507,6.79358,4332.71,0.50822,0.39333,5552.703,0.234393283
2641,d3tc01732j2_29_ion_pacman,1.52392,0.71598,1.93663,5699.1,0.31332,0.205601,4240.416,0.23397037
1474,c9qi00339h2_1_ASR_pacman,2.903,2.77503,4.66454,2017.75,0.4036,0.139028,4004.104,0.233847889
1477,c9qi00339h2_3_FSR_pacman,3.20758,3.00145,3.75118,1941.79,0.35634,0.111093,6802.888,0.233695664
432,c4dt02169j2_3_ASR_pacman,1.1317,4.38922,6.16964,5095.03,0.50176,0.443369,1175.805,0.233154617
433,c4dt02169j2_3_FSR_pacman,1.1317,4.38922,6.16964,5095.03,0.50176,0.443369,1175.805,0.233154617
119,S0885715619000228sup004_ASR_pacman,1.29535,3.88468,6.53197,4005.18,0.51814,0.400001,1684.212,0.233076731
314,am8b02015_si_006_ASR_pacman,1.29535,3.88468,6.53197,4005.18,0.51814,0.400001,1684.212,0.233076731
1816,d0ce00397b2_2_FSR_pacman,2.24694,6.51073,8.92075,2754.43,0.36068,0.16052,5025.454,0.232774534
2498,d3dt00756a2_1_ASR_pacman,1.08005,3.97323,5.54091,4991.35,0.5202,0.481646,2684.136,0.23271985
2499,d3dt00756a2_1_FSR_pacman,1.08005,3.97323,5.54091,4991.35,0.5202,0.481646,2684.136,0.23271985
2727,ic5b00561_si_002_3_ASR_pacman,1.31592,4.43127,6.25674,3971.19,0.51628,0.392334,7674.408,0.232699926
2728,ic5b00561_si_002_3_FSR_pacman,1.31592,4.43127,6.25674,3971.19,0.51628,0.392334,7674.408,0.232699926
1564,c9tc05471e2_3_ASR_pacman,1.24491,3.44978,4.43271,3803.72,0.55344,0.444564,2101.216,0.232484589
595,c6ce02351g2_5_FSR_pacman,1.20338,3.02192,8.10975,4757.94,0.50358,0.418473,3148.365,0.232394666
2809,ja0c00640_si_003_FSR_pacman,1.10311,4.07152,7.6059,4967.83,0.4924,0.446373,24004.416,0.232104281
513,c5nj02236c2_1_FSR_pacman,1.32173,3.96278,6.38875,3999.8,0.51886,0.392561,2828.548,0.231958345
512,c5nj02236c2_1_ASR_pacman,1.32173,3.96278,6.38875,3999.8,0.51886,0.392561,2828.548,0.231958345
1793,d0cc06058e2_ion_pacman,1.54151,3.8333,7.24539,3366.23,0.48834,0.316793,3047.982,0.231947826
2824,ja0c03063_si_003_ASR_pacman,1.39051,6.08753,6.7724,3918.58,0.48424,0.348245,2695.96,0.231881878
2825,ja0c03063_si_003_FSR_pacman,1.39051,6.08753,6.7724,3918.58,0.48424,0.348245,2695.96,0.231881878
2706,ic5025197_si_002_FSR_pacman,1.17501,5.73729,6.5043,5105.9,0.47828,0.407042,2486.572,0.23138858
949,c7ta10148a2_2_FSR_pacman,2.65208,3.52533,5.21768,2055.87,0.36472,0.137522,2406.511,0.230797761
1053,c8ce00653a2_2_FSR_pacman,1.49166,4.9593,6.30509,3195.07,0.48908,0.327877,10463.487,0.230707604
1562,c9tc05471e2_2_ASR_pacman,1.62322,3.32698,5.11472,2878.19,0.52234,0.321793,1091.438,0.230518212
2420,d3ce00592e2_10_ASR_pacman,1.27392,3.76577,6.32149,4150.24,0.523,0.410545,14750.125,0.230459279
2421,d3ce00592e2_10_FSR_pacman,1.27392,3.76577,6.32149,4150.24,0.523,0.410545,14750.125,0.230459279
2111,d0ta07959f2_ASR_pacman,1.09312,3.61829,5.15585,5031.92,0.52164,0.477202,5359.64,0.230372776
2112,d0ta07959f2_FSR_pacman,1.09312,3.61829,5.15585,5031.92,0.52164,0.477202,5359.64,0.230372776
2834,ja0c05286_si_003_ion_pacman,1.15283,3.91439,6.9595,4435.36,0.51342,0.445356,3167.594,0.23031926
3473,ja8b13853_si_002_FSR_pacman,1.16095,3.79759,6.33501,4558.26,0.52404,0.45139,8622.792,0.230173561
3472,ja8b13853_si_002_ASR_pacman,1.16095,3.79759,6.33501,4558.26,0.52404,0.45139,8622.792,0.230173561
3563,ja9b07816_si_003_FSR_pacman,1.83986,3.52557,5.06532,2463.35,0.48978,0.266204,1285.59,0.229706799
1822,d0ce00397b2_5_FSR_pacman,1.93393,5.89838,8.68173,2507.8,0.30348,0.156924,10832.04,0.229613137
1811,d0ce00275e2_1_FSR_pacman,1.36692,4.39809,4.89373,3838.72,0.5348,0.391243,1237.052,0.229353744
1810,d0ce00275e2_1_ASR_pacman,1.36692,4.39809,4.89373,3838.72,0.5348,0.391243,1237.052,0.229353744
2360,d2sc06732c8_1_ASR_pacman,1.17986,4.05279,7.13048,4698.13,0.50688,0.429611,2342.112,0.228913513
2361,d2sc06732c8_1_FSR_pacman,1.17986,4.05279,7.13048,4698.13,0.50688,0.429611,2342.112,0.228913513
719,c7ce00332c2_1_ASR_pacman,1.28608,3.63054,4.76699,4141.75,0.54684,0.4252,1659.892,0.228903547
720,c7ce00332c2_1_FSR_pacman,1.28608,3.63054,4.76699,4141.75,0.54684,0.4252,1659.892,0.228903547
419,anie202303374-sup-0001-single-crystal_structures_2_ASR_pacman,2.01261,3.91935,6.91172,2627.7,0.45374,0.225448,6283.728,0.228821464
420,anie202303374-sup-0001-single-crystal_structures_2_FSR_pacman,2.01261,3.91935,6.91172,2627.7,0.45374,0.225448,6283.728,0.228821464
3239,ja7b05858_si_006_ASR_pacman,1.78071,7.93294,8.18464,2962.89,0.3665,0.205816,1790.944,0.228257745
3240,ja7b05858_si_006_FSR_pacman,1.78071,7.93294,8.18464,2962.89,0.3665,0.205816,1790.944,0.228257745
786,c7dt01195d2_1_FSR_pacman,1.17134,3.45364,6.11777,4444.18,0.52868,0.451345,1766.992,0.228171392
785,c7dt01195d2_1_ASR_pacman,1.17134,3.45364,6.11777,4444.18,0.52868,0.451345,1766.992,0.228171392
1821,d0ce00397b2_5_ASR_pacman,1.87583,5.89838,8.68173,2542.35,0.31944,0.170292,10384.068,0.227993534
254,am0c10702_si_002_FSR_pacman,1.10158,3.66267,5.63098,4713.96,0.52796,0.479275,2928.452,0.226806786
253,am0c10702_si_002_ASR_pacman,1.10158,3.66267,5.63098,4713.96,0.52796,0.479275,2928.452,0.226806786
2399,d3cc02162a2_5_FSR_pacman,1.66121,3.23605,6.25348,3183.25,0.50542,0.304248,1344.07,0.226288635
11,10965_2019_2002_MOESM1_ESM_FSR_pacman,1.19406,2.99247,5.8133,4633.62,0.53322,0.446562,2327.34,0.226218275
256,am0c10702_si_003_FSR_pacman,2.27123,3.38113,5.11363,2134.37,0.4076,0.179462,2928.452,0.225920221
255,am0c10702_si_003_ASR_pacman,2.27123,3.38113,5.11363,2134.37,0.4076,0.179462,2928.452,0.225920221
1232,c8qm00029h2_FSR_pacman,1.23658,2.82859,5.92118,4268.36,0.53448,0.432224,3620.508,0.225880835
2785,ic8008859_si_001_2_ion_pacman,1.08884,4.06166,5.64307,5181.13,0.48982,0.449853,10887.298,0.225205304
514,c5nj02236c2_2_ASR_pacman,1.34161,4.00591,6.22799,3954.46,0.51406,0.383166,2828.548,0.225118415
515,c5nj02236c2_2_FSR_pacman,1.34161,4.00591,6.22799,3954.46,0.51406,0.383166,2828.548,0.225118415
373,am9b01754_si_002_ASR_pacman,1.20545,5.88598,6.61072,4433.97,0.49098,0.4073,7904.66,0.224801385
2658,es8b04728_si_002_FSR_pacman,1.19951,4.82867,6.37068,4713.3,0.50472,0.420772,2781.934,0.224280346
291,am7b10420_si_002_FSR_pacman,1.36856,2.56612,5.63679,3954.23,0.53674,0.392193,3565.916,0.224184715
511,c5dt05023e2_2_ion_pacman,1.08501,3.72579,5.75193,4626.64,0.52474,0.483627,2997.895,0.22414123
1319,c9cc09008h2_1_FSR_pacman,3.07228,2.45904,5.77499,2121.99,0.37548,0.122215,20724.515,0.22398902
3427,ja8b09807_si_007_FSR_pacman,2.53659,2.45863,5.97602,2121.13,0.35482,0.139881,6177.202,0.223852813
3426,ja8b09807_si_007_ASR_pacman,2.53659,2.45863,5.97602,2121.13,0.35482,0.139881,6177.202,0.223852813
1322,c9ce00073a2_6_FSR_pacman,1.49744,4.85139,7.2734,3932.18,0.48246,0.322189,5096.282,0.222412898
2214,d1qm00211b2_1_ASR_pacman,1.45522,4.65395,7.36354,3356.11,0.46546,0.319854,4759.312,0.222323731
1074,c8ce00891d2_2_ASR_pacman,2.52609,3.89067,4.68338,2152.29,0.41182,0.163026,1985.536,0.222287073
1075,c8ce00891d2_2_FSR_pacman,2.52609,3.89067,4.68338,2152.29,0.41182,0.163026,1985.536,0.222287073
1990,d0qi00518e2_3_FSR_pacman,3.13621,3.34442,4.34256,2049.21,0.33828,0.107863,1774.422,0.222097797
617,c6dt04900a2_3_ASR_pacman,1.44716,3.62363,6.4139,3507.97,0.50222,0.347037,3967.491,0.221941532
618,c6dt04900a2_3_FSR_pacman,1.44716,3.62363,6.4139,3507.97,0.50222,0.347037,3967.491,0.221941532
3320,ja8b02896_si_001_5_ion_pacman,1.13834,4.22195,5.80527,4462.89,0.51878,0.455734,3454.22,0.221390078
1479,c9qi00339h2_5_FSR_pacman,2.96398,2.93898,4.60486,2077.07,0.38392,0.129528,4260.088,0.221267808
32,41467_2015_BFncomms7350_MOESM943_ESM_2_ASR_pacman,1.66496,4.77393,5.98203,3429.49,0.49582,0.297796,4879.358,0.220993517
33,41467_2015_BFncomms7350_MOESM943_ESM_2_FSR_pacman,1.66496,4.77393,5.98203,3429.49,0.49582,0.297796,4879.358,0.220993517
1351,c9ce01155b2_2_ASR_pacman,1.22021,3.12143,5.38761,4236.76,0.5349,0.438366,2041.144,0.220849333
1352,c9ce01155b2_2_FSR_pacman,1.22021,3.12143,5.38761,4236.76,0.5349,0.438366,2041.144,0.220849333
2681,ic400777c_si_002_FSR_pacman,1.43847,3.99251,5.1118,3483.16,0.52076,0.362022,15510.064,0.219546896
1143,c8dt01515e2_FSR_pacman,1.32405,3.65524,6.00229,3959.39,0.5164,0.390017,2306.359,0.219541359
950,c7ta10558d2_2_ASR_pacman,1.16345,3.73296,5.45954,4525.19,0.52594,0.452052,1326.734,0.219311001
1963,d0ma00450b2_FSR_pacman,1.07516,3.8481,5.11878,4807.01,0.5203,0.483927,2787.62,0.219136652
1828,d0ce00476f2_5_FSR_pacman,1.53676,3.46151,8.53952,3636.65,0.45934,0.298902,20359.668,0.218695947
1827,d0ce00476f2_5_ASR_pacman,1.53676,3.46151,8.53952,3636.65,0.45934,0.298902,20359.668,0.218695947
2577,d3qi01569f2_1_ASR_pacman,2.2726,3.1497,5.37586,2408.13,0.46046,0.202614,9110.096,0.218593482
2578,d3qi01569f2_1_FSR_pacman,2.2726,3.1497,5.37586,2408.13,0.46046,0.202614,9110.096,0.218593482
2784,ic8008859_si_001_1_ion_pacman,1.04661,4.15471,6.29283,5073.56,0.48184,0.46038,11356.498,0.218102363
3568,ja9b08322_si_006_ASR_pacman,1.72671,3.32564,6.71909,3032.84,0.47886,0.277325,7983.648,0.217231229
3569,ja9b08322_si_006_FSR_pacman,1.72671,3.32564,6.71909,3032.84,0.47886,0.277325,7983.648,0.217231229
1974,d0nj02617d2_1_ASR_pacman,1.57297,2.53832,6.51171,3688.87,0.51106,0.324902,1711.852,0.217052169
1975,d0nj02617d2_1_FSR_pacman,1.57297,2.53832,6.51171,3688.87,0.51106,0.324902,1711.852,0.217052169
2127,d1ce00251a2_FSR_pacman,1.60331,4.26058,5.66842,3269.7,0.49986,0.311768,5404.768,0.21682772
2126,d1ce00251a2_ASR_pacman,1.60331,4.26058,5.66842,3269.7,0.49986,0.311768,5404.768,0.21682772
510,c5dt05023e2_1_ion_pacman,1.14421,3.97575,6.09285,4609.88,0.51076,0.446388,3342.856,0.216738418
2822,ja0c02984_si_007_ASR_pacman,1.18046,3.80947,5.38124,4478.4,0.52424,0.444097,1846.936,0.216653002
1215,c8qi00997j2_FSR_pacman,1.61021,5.03959,5.24558,2792.1,0.47722,0.296371,840.732,0.215925618
1214,c8qi00997j2_ASR_pacman,1.61021,5.03959,5.24558,2792.1,0.47722,0.296371,840.732,0.215925618
1271,c8ta09973a2_2_FSR_pacman,1.69141,3.4556,9.87149,3492.27,0.4169,0.246481,10806.348,0.215384608
1603,cg501332u_si_002_2_FSR_pacman,1.25736,4.20288,6.49208,4202.69,0.50084,0.398327,2998.446,0.214415762
1602,cg501332u_si_002_2_ASR_pacman,1.25736,4.20288,6.49208,4202.69,0.50084,0.398327,2998.446,0.214415762
1475,c9qi00339h2_1_FSR_pacman,2.96954,2.38549,4.66454,2103.35,0.37292,0.125582,4260.088,0.214223783
1973,d0nj01448f2_3_FSR_pacman,1.42215,3.70669,5.48435,3504.92,0.512,0.360017,1026.463,0.214082145
1843,d0ce00900h2_14_ASR_pacman,2.09729,2.53638,5.45609,2436.86,0.46084,0.219732,20443.918,0.213930153
1926,d0dt02411b2_4_ASR_pacman,1.61475,4.14472,6.10482,3204.2,0.4868,0.301472,1487.604,0.213782461
2552,d3qi00102d2_ASR_pacman,1.20467,3.9135,5.99624,4368.62,0.51188,0.424912,4538.586,0.213589481
1395,c9dt00478e2_1_FSR_pacman,1.83551,4.45128,5.5178,2741.03,0.4724,0.257367,1910.754,0.213532002
1394,c9dt00478e2_1_ASR_pacman,1.83551,4.45128,5.5178,2741.03,0.4724,0.257367,1910.754,0.213532002
586,c6ce01965j2_1_ASR_pacman,1.15877,4.48873,6.17612,4729.78,0.49756,0.429385,7421.06,0.213255936
756,c7ce01447c2_5_FSR_pacman,1.40732,5.50248,6.06638,3904.73,0.48714,0.346148,1560.71,0.213174694
755,c7ce01447c2_5_ASR_pacman,1.40732,5.50248,6.06638,3904.73,0.48714,0.346148,1560.71,0.213174694
1507,c9sc00178f2_9_FSR_pacman,1.31387,3.15295,5.88537,4105.41,0.51908,0.395077,7362.804,0.212897296
1924,d0dt02233k2_5_ion_pacman,1.63264,4.31181,6.01983,3565.85,0.49608,0.303852,3210.392,0.212843785
749,c7ce01447c2_1_ASR_pacman,1.41704,5.16461,6.08154,3904.39,0.49094,0.346455,3125.452,0.212743942
750,c7ce01447c2_1_FSR_pacman,1.41704,5.16461,6.08154,3904.39,0.49094,0.346455,3125.452,0.212743942
738,c7ce00948h2_1_FSR_pacman,1.34207,3.43138,4.93052,3475.43,0.5219,0.388878,639.832,0.211830804
737,c7ce00948h2_1_ASR_pacman,1.34207,3.43138,4.93052,3475.43,0.5219,0.388878,639.832,0.211830804
1971,d0nj01448f2_1_FSR_pacman,1.46776,3.68454,5.46744,3419.37,0.5084,0.346379,1040.385,0.211491042
824,c7dt03119j2_FSR_pacman,1.1665,3.33502,6.27971,5091.93,0.47948,0.41104,2251.74,0.211291915
823,c7dt03119j2_ASR_pacman,1.1665,3.33502,6.27971,5091.93,0.47948,0.41104,2251.74,0.211291915
739,c7ce00948h2_2_ASR_pacman,1.34135,3.3207,4.93967,3492.2,0.52244,0.389487,639.832,0.211102285
740,c7ce00948h2_2_FSR_pacman,1.34135,3.3207,4.93967,3492.2,0.52244,0.389487,639.832,0.211102285
3318,ja8b02896_si_001_4_ASR_pacman,1.10535,3.96546,5.32147,4814.18,0.50732,0.458966,3540.642,0.210889651
3319,ja8b02896_si_001_4_FSR_pacman,1.10535,3.96546,5.32147,4814.18,0.50732,0.458966,3540.642,0.210889651
1416,c9dt01542f2_3_FSR_pacman,1.95013,2.78136,5.06384,2414.84,0.45964,0.235697,3921.072,0.210834094
1547,c9ta08614e2_FSR_pacman,1.83196,4.61485,7.27928,3368.66,0.45798,0.249995,2059.5,0.210792854
1560,c9tc05471e2_1_ASR_pacman,1.28446,3.1579,4.28531,3793.18,0.5386,0.41932,1100.58,0.210748299
333,am8b07770_si_002_2_ASR_pacman,1.27698,3.65125,4.62418,3513.61,0.52384,0.410218,1010.702,0.210063188
334,am8b07770_si_002_2_FSR_pacman,1.27698,3.65125,4.62418,3513.61,0.52384,0.410218,1010.702,0.210063188
1325,c9ce00227h2_3_ASR_pacman,1.27916,3.10214,5.59057,4296.63,0.52126,0.407502,1166.38,0.208708115
1326,c9ce00227h2_3_FSR_pacman,1.27916,3.10214,5.59057,4296.63,0.52126,0.407502,1166.38,0.208708115
1280,c9cc00976k2_ASR_pacman,2.73208,2.36111,2.58937,2070.22,0.30262,0.110766,527.103,0.208290854
1281,c9cc00976k2_FSR_pacman,2.73208,2.36111,2.58937,2070.22,0.30262,0.110766,527.103,0.208290854
1735,d0cc02420a2_5_ASR_pacman,1.22502,4.24665,5.75173,4526.55,0.50596,0.413023,3276.207,0.208234143
451,c5ce00931f2_1_FSR_pacman,1.81161,3.90901,4.78914,3107.33,0.50832,0.28059,2209.164,0.208054239
450,c5ce00931f2_1_ASR_pacman,1.81161,3.90901,4.78914,3107.33,0.50832,0.28059,2209.164,0.208054239
2159,d1dt03950d2_1_FSR_pacman,1.35868,4.37527,6.59584,4074.82,0.48954,0.360305,1438.572,0.207960432
3231,ja7b05858_si_002_ASR_pacman,1.54981,7.56644,7.62618,3891.24,0.41422,0.267272,1807.595,0.207807974
3232,ja7b05858_si_002_FSR_pacman,1.54981,7.56644,7.62618,3891.24,0.41422,0.267272,1807.595,0.207807974
2441,d3ce00784g2_2_ASR_pacman,1.7877,3.63252,4.43005,3053.56,0.51596,0.288616,1599.21,0.207690693
709,c7cc08473k2_ASR_pacman,2.1482,2.70655,5.62004,2469.34,0.44928,0.209143,5276.868,0.20742146
710,c7cc08473k2_FSR_pacman,2.1482,2.70655,5.62004,2469.34,0.44928,0.209143,5276.868,0.20742146
374,am9b01754_si_002_FSR_pacman,1.22984,5.55054,6.39116,4448.46,0.4797,0.390051,8064.908,0.206881178
1600,cg501332u_si_002_1_ASR_pacman,1.24673,4.21057,5.80963,4207.6,0.50468,0.404802,2982.318,0.206831547
1601,cg501332u_si_002_1_FSR_pacman,1.24673,4.21057,5.80963,4207.6,0.50468,0.404802,2982.318,0.206831547
1819,d0ce00397b2_4_ASR_pacman,1.75175,6.10512,8.52363,3195.99,0.38536,0.219986,9716.676,0.206708928
2401,d3cc02749j2_FSR_pacman,3.23419,2.69981,3.37306,2090.4,0.377,0.116567,1307.452,0.206073813
2400,d3cc02749j2_ASR_pacman,3.23419,2.69981,3.37306,2090.4,0.377,0.116567,1307.452,0.206073813
1306,c9cc05912a2_ASR_pacman,1.18392,4.55166,5.60212,4803.81,0.4929,0.416329,1643.128,0.205632519
1307,c9cc05912a2_FSR_pacman,1.18392,4.55166,5.60212,4803.81,0.4929,0.416329,1643.128,0.205632519
1593,cg500477s_si_002_FSR_pacman,1.1755,4.96063,5.80341,3924.13,0.4891,0.416077,2128.112,0.204210042
1592,cg500477s_si_002_ASR_pacman,1.1755,4.96063,5.80341,3924.13,0.4891,0.416077,2128.112,0.204210042
2435,d3ce00592e2_7_FSR_pacman,1.3188,3.28868,7.06229,4284.52,0.49158,0.372748,15425.816,0.204116799
2434,d3ce00592e2_7_ASR_pacman,1.3188,3.28868,7.06229,4284.52,0.49158,0.372748,15425.816,0.204116799
3321,ja8b02896_si_001_6_ASR_pacman,1.13197,4.39334,5.54154,4812.5,0.49246,0.435046,3692.838,0.204042394
3322,ja8b02896_si_001_6_FSR_pacman,1.13197,4.39334,5.54154,4812.5,0.49246,0.435046,3692.838,0.204042394
320,am8b02015_si_011_ASR_pacman,1.29961,3.54329,6.51035,4411.17,0.49764,0.382916,7026.132,0.203111733
115,S0885715619000228sup002_ASR_pacman,1.29961,3.54329,6.51035,4411.17,0.49764,0.382916,7026.132,0.203111733
2663,ic062019u-file003_2_FSR_pacman,1.67873,3.44932,4.9847,3053.65,0.50118,0.298547,3112.776,0.202724428
2667,ic062019usi20061020_054948_2_FSR_pacman,1.67873,3.44932,4.9847,3053.65,0.50118,0.298547,3112.776,0.202724428
2198,d1nj02418c2_FSR_pacman,1.12064,4.10854,5.703,4727.1,0.49554,0.442194,2331.714,0.202605493
2197,d1nj02418c2_ASR_pacman,1.12064,4.10854,5.703,4727.1,0.49554,0.442194,2331.714,0.202605493
332,am8b07770_si_002_1_FSR_pacman,1.26673,3.25136,4.48241,3499.62,0.5224,0.4124,1010.702,0.202027041
331,am8b07770_si_002_1_ASR_pacman,1.26673,3.25136,4.48241,3499.62,0.5224,0.4124,1010.702,0.202027041
1875,d0ce01383h2_4_ASR_pacman,1.18384,3.8833,5.30836,5170.89,0.46048,0.388971,1525.234,0.20136099
2665,ic062019usi20061020_054948_1_FSR_pacman,1.63172,3.19687,5.13108,3211.61,0.50492,0.30944,3117.188,0.201240345
2661,ic062019u-file003_1_FSR_pacman,1.63172,3.19687,5.13108,3211.61,0.50492,0.30944,3117.188,0.201240345
2645,d3tc03179a2_ASR_pacman,1.51146,3.61083,5.1814,3438.67,0.50516,0.334219,6946.736,0.20075887
1733,d0cc02420a2_3_ASR_pacman,1.24246,4.43553,5.6928,4465.95,0.4978,0.400656,3169.051,0.200701787
439,c5cc05867h2_ASR_pacman,1.18269,4.09317,5.14661,5086.07,0.47208,0.399157,3853.496,0.200628719
440,c5cc05867h2_FSR_pacman,1.18269,4.09317,5.14661,5086.07,0.47208,0.399157,3853.496,0.200628719
2607,d3sc03553k2_1_ion_pacman,1.20723,3.99493,5.74205,4315.18,0.50158,0.41548,3226.32,0.200071591
337,am8b07770_si_002_4_FSR_pacman,1.27171,3.27911,4.49567,3481.77,0.51964,0.408616,1010.702,0.199895878
336,am8b07770_si_002_4_ASR_pacman,1.27171,3.27911,4.49567,3481.77,0.51964,0.408616,1010.702,0.199895878
953,c7ta11208d2_1_ion_pacman,1.58559,2.58471,6.64045,3652.25,0.4915,0.30998,4357.984,0.19959388
2506,d3dt02134c2_ASR_pacman,2.08618,4.97357,5.78237,2759.54,0.44112,0.211449,1398.648,0.199539175
2507,d3dt02134c2_FSR_pacman,2.08618,4.97357,5.78237,2759.54,0.44112,0.211449,1398.648,0.199539175
642,c6ta10405c2_ASR_pacman,1.21895,3.11519,5.27103,4513.03,0.51386,0.421558,1038.454,0.198884963
643,c6ta10405c2_FSR_pacman,1.21895,3.11519,5.27103,4513.03,0.51386,0.421558,1038.454,0.198884963
1173,c8dt04424d2_FSR_pacman,1.40158,3.52353,6.45807,3865.66,0.48886,0.348793,3205.584,0.19852258
597,c6ce02384c2_2_FSR_pacman,1.22392,3.80984,5.37058,4486.68,0.50608,0.413489,1329.969,0.198303342
2823,ja0c02984_si_007_FSR_pacman,1.22498,3.80947,5.38124,4447.73,0.50564,0.412775,1918.996,0.197478687
2519,d3dt03363e2_2_FSR_pacman,2.0491,3.698,4.98127,2980.17,0.49016,0.239208,3889.072,0.197250778
951,c7ta10558d2_2_FSR_pacman,1.21065,3.73296,4.83336,4494.73,0.5125,0.423325,1390.73,0.196980907
721,c7ce00332c2_2_ASR_pacman,1.27704,3.08464,4.67218,4258.88,0.52222,0.40893,2428.676,0.195618485
722,c7ce00332c2_2_FSR_pacman,1.27704,3.08464,4.67218,4258.88,0.52222,0.40893,2428.676,0.195618485
83,41557_2017_BFnchem2747_MOESM343_ESM_ion_pacman,1.54292,3.52576,5.21687,3392.67,0.49926,0.323582,1974.426,0.195369593
2134,d1ce01115d2_ASR_pacman,1.30727,3.49605,5.23193,4013.71,0.50876,0.389178,2387.796,0.194849844
2438,d3ce00663h2_1_ion_pacman,1.24892,3.59667,4.87612,4808.23,0.49894,0.399496,5479.336,0.194531717
1823,d0ce00397b2_6_ASR_pacman,1.52634,4.95346,7.6516,3693.59,0.43766,0.286738,6399.768,0.194045611
1937,d0dt02455d2_FSR_pacman,1.7802,3.27113,4.42958,2792.33,0.48982,0.275148,704.332,0.1938322
1936,d0dt02455d2_ASR_pacman,1.7802,3.27113,4.42958,2792.33,0.48982,0.275148,704.332,0.1938322
1109,c8ce01868e2_6_ASR_pacman,1.3591,3.68788,4.97724,3559.69,0.5035,0.370467,5362.894,0.193778317
639,c6ta07145g2_FSR_pacman,1.26554,3.87027,5.98451,4166.25,0.49252,0.389178,4882.48,0.193570752
638,c6ta07145g2_ASR_pacman,1.26554,3.87027,5.98451,4166.25,0.49252,0.389178,4882.48,0.193570752
2062,d0sc05002d2_1_ASR_pacman,1.30776,3.87857,6.5562,3898.12,0.4784,0.365817,12180.592,0.193407321
1660,cm8b00611_si_004_FSR_pacman,1.76009,4.12643,5.22511,3171.29,0.48392,0.27494,1387.63,0.193263245
2898,ja302380x_si_003_FSR_pacman,1.25515,3.6418,4.8335,4489.89,0.50992,0.406261,6183.988,0.193099721
557,c6cc01597b2_ASR_pacman,1.51358,3.87815,4.96914,3372.24,0.49728,0.328545,1816.016,0.192992794
2683,ic403134c_si_002_8_ASR_pacman,1.13178,2.40121,3.5535,5364.99,0.42866,0.378748,1032.344,0.192953209
2117,d1cc03870b2_1_FSR_pacman,1.34337,6.20509,6.77633,4525.44,0.4463,0.332224,2606.46,0.192720524
2116,d1cc03870b2_1_ASR_pacman,1.34337,6.20509,6.77633,4525.44,0.4463,0.332224,2606.46,0.192720524
1514,c9sc01301f2_5_ASR_pacman,1.8664,4.20983,5.61808,2502.22,0.40596,0.217509,3909.464,0.192712713
1876,d0ce01383h2_4_FSR_pacman,1.21181,3.8833,5.30836,5155.42,0.44822,0.369877,1561.264,0.192588131
2275,d2ce00174h2_ion_pacman,1.2397,3.99368,6.27917,4431.03,0.48526,0.391433,7156.272,0.1925194
1261,c8ta04316g2_3_ASR_pacman,1.33831,5.78395,6.2833,4530.42,0.46146,0.344808,1247.136,0.192386707
1262,c8ta04316g2_3_FSR_pacman,1.33831,5.78395,6.2833,4530.42,0.46146,0.344808,1247.136,0.192386707
1125,c8dt00642c2_8_ion_pacman,1.62126,4.19278,6.10567,3701.7,0.47956,0.295794,1824.768,0.192162938
276,am7b03914_si_002_FSR_pacman,1.58864,3.89958,5.55083,3256.16,0.48102,0.302787,1396.896,0.191903734
1386,c9ce02006c2_5_ASR_pacman,1.32583,3.63595,5.11387,3744.45,0.50308,0.379447,2932.884,0.191850781
2828,ja0c04450_si_004_ASR_pacman,1.42336,4.41522,5.69529,3776.33,0.48508,0.340799,6445.416,0.191809549
2613,d3sc03553k2_7_ion_pacman,1.21739,3.93963,5.68825,4303.66,0.49448,0.406179,3423.416,0.191333134
1227,c8qi01332b2_FSR_pacman,1.27761,4.00662,5.76942,4894.49,0.47298,0.370208,1604.596,0.191247682
3245,ja7b05858_si_009_ASR_pacman,1.86813,7.50902,7.61651,3113.7,0.34272,0.183457,1809.943,0.190799602
3246,ja7b05858_si_009_FSR_pacman,1.86813,7.50902,7.61651,3113.7,0.34272,0.183457,1809.943,0.190799602
2612,d3sc03553k2_6_ion_pacman,1.24093,3.99125,5.63721,4361.27,0.49374,0.397879,3554.484,0.190355381
2119,d1cc03870b2_3_FSR_pacman,1.34535,6.16102,6.80425,4524.38,0.44328,0.32949,2606.46,0.190185239
2118,d1cc03870b2_3_ASR_pacman,1.34535,6.16102,6.80425,4524.38,0.44328,0.32949,2606.46,0.190185239
1034,c8ce00149a2_1_ASR_pacman,1.36169,3.71026,4.96585,4118.63,0.5069,0.372258,2375.884,0.189415012
2538,d3nj03938b1_FSR_pacman,1.38474,3.11533,4.99549,3540.02,0.50454,0.364358,956.32,0.189290103
2537,d3nj03938b1_ASR_pacman,1.38474,3.11533,4.99549,3540.02,0.50454,0.364358,956.32,0.189290103
1791,d0cc05728b2_1_FSR_pacman,1.19147,3.37975,5.0708,5240.86,0.42958,0.360546,1316.848,0.188516749
1499,c9ra08733h2_FSR_pacman,1.33893,3.75281,5.52109,4047.58,0.49608,0.370506,2001.536,0.188434114
1498,c9ra08733h2_ASR_pacman,1.33893,3.75281,5.52109,4047.58,0.49608,0.370506,2001.536,0.188434114
1299,c9cc04131a2_ASR_pacman,1.5536,3.98817,5.46559,3267.75,0.47846,0.307969,3212.063,0.188367051
1419,c9dt01736d2_2_ASR_pacman,1.20241,3.59662,5.192,5083.33,0.45812,0.381001,1533.224,0.188268136
2836,ja0c05286_si_005_FSR_pacman,1.2363,4.44966,5.33515,4403.26,0.49046,0.396717,3350.71,0.187988122
3317,ja8b02896_si_001_3_FSR_pacman,1.1554,3.50776,5.29713,4671.11,0.49286,0.426571,3724.742,0.187715101
3316,ja8b02896_si_001_3_ASR_pacman,1.1554,3.50776,5.29713,4671.11,0.49286,0.426571,3724.742,0.187715101
2704,ic502488c_si_002_FSR_pacman,1.36178,4.17384,5.7683,4049.1,0.48658,0.357313,2812.75,0.187527186
1565,c9tc05471e2_3_FSR_pacman,1.3298,3.15025,4.49918,3863.79,0.51542,0.387591,2245.336,0.18727064
3644,jp2064408_si_002_ASR_pacman,1.75907,3.10795,5.72643,2896.91,0.462,0.262639,12704.681,0.186987366
727,c7ce00535k2_ASR_pacman,1.32272,3.61418,4.73052,3701.79,0.5043,0.38126,798.528,0.18652531
3394,ja8b07290_si_002_ion_pacman,1.21795,3.67819,5.31351,4640.74,0.49076,0.40294,2211.3,0.185792181
2422,d3ce00592e2_1_ASR_pacman,1.2836,3.20074,5.8308,4386.33,0.49344,0.384419,15114.916,0.185014469
2423,d3ce00592e2_1_FSR_pacman,1.2836,3.20074,5.8308,4386.33,0.49344,0.384419,15114.916,0.185014469
1820,d0ce00397b2_4_FSR_pacman,1.89202,6.10512,8.52363,3147.31,0.34064,0.18004,10788.609,0.184633863
2347,d2sc01041k2_1_FSR_pacman,1.18733,3.24735,4.46983,4756.17,0.49788,0.419328,1675.664,0.184464913
2391,d3cc02162a2_1_FSR_pacman,1.7506,3.61093,5.88345,3113.33,0.4634,0.26471,1292.982,0.18423525
1563,c9tc05471e2_2_FSR_pacman,1.70168,2.90418,4.77809,2962.57,0.48626,0.285753,1163.498,0.184191781
1008,c8cc06683c2_ion_pacman,2.26324,1.17052,9.15486,3055.43,0.39674,0.175298,6461.82,0.184162261
1146,c8dt01685b2_ion_pacman,1.56341,5.6956,7.14235,4111.4,0.43776,0.280003,4848.956,0.184081816
588,c6ce01965j2_2_FSR_pacman,1.27046,5.15862,6.75522,4937.41,0.42454,0.334163,8471.237,0.183894342
1515,c9sc01301f2_5_FSR_pacman,1.89734,4.20983,5.60411,2541.39,0.39356,0.207428,4037.456,0.182834534
2503,d3dt01995k2_1_FSR_pacman,1.46207,4.63006,5.31911,3851.74,0.48216,0.329779,3438.511,0.182637539
2502,d3dt01995k2_1_ASR_pacman,1.46207,4.63006,5.31911,3851.74,0.48216,0.329779,3438.511,0.182637539
905,c7ra08977e2_FSR_pacman,1.73457,3.614,7.01395,3535.2,0.45378,0.261609,9294.888,0.182501047
1938,d0dt02606a2_2_ASR_pacman,1.43586,3.31803,5.13106,3739.72,0.49698,0.346119,1680.774,0.181244067
1939,d0dt02606a2_2_FSR_pacman,1.43586,3.31803,5.13106,3739.72,0.49698,0.346119,1680.774,0.181244067
2678,ic302758g_si_002_ASR_pacman,1.20499,3.11035,5.99657,4813.97,0.47092,0.390808,8757.248,0.180920045
1538,c9ta02357g2_FSR_pacman,1.35896,4.65355,6.2131,4226.15,0.46766,0.344132,2193.492,0.180759232
1537,c9ta02357g2_ASR_pacman,1.35896,4.65355,6.2131,4226.15,0.46766,0.344132,2193.492,0.180759232
348,am8b14420_si_001_FSR_pacman,1.38536,4.59139,6.7092,4393.26,0.45864,0.331062,2988.368,0.180133868
347,am8b14420_si_001_ASR_pacman,1.38536,4.59139,6.7092,4393.26,0.45864,0.331062,2988.368,0.180133868
1296,c9cc02861g2_FSR_pacman,1.58603,2.54431,4.51207,3418.95,0.50804,0.320321,1824.132,0.180038016
2611,d3sc03553k2_5_ion_pacman,1.25932,3.98907,5.65454,4397.8,0.48268,0.383286,3305.615,0.179924853
1420,c9dt01736d2_2_FSR_pacman,1.23067,3.59662,5.37938,5056.87,0.44622,0.362584,1569.254,0.179915619
1953,d0dt03048a2_FSR_pacman,1.66287,3.71173,5.82346,3092.4,0.45726,0.274982,5574.56,0.179871636
2622,d3ta02167j2_1_ion_pacman,1.24337,3.26045,5.35429,4749.96,0.48208,0.387721,8366.12,0.179784927
1604,cg8002564_si_008_ASR_pacman,1.38401,3.00547,5.60641,4478.86,0.49246,0.35582,3116.544,0.179671751
1605,cg8002564_si_008_FSR_pacman,1.38401,3.00547,5.60641,4478.86,0.49246,0.35582,3116.544,0.179671751
1634,cm301726k_si_004_FSR_pacman,1.28825,4.04481,7.25347,4069.54,0.4516,0.350552,1522.59,0.179162408
2504,d3dt01995k2_2_ASR_pacman,1.4705,3.46125,5.71824,3880.37,0.48576,0.330335,7275.224,0.179148589
2393,d3cc02162a2_2_FSR_pacman,1.75828,3.43958,5.72584,3112.94,0.46338,0.263542,1292.982,0.179132791
1569,cg100357q_si_002_ASR_pacman,1.28731,4.14456,5.84371,4229.05,0.47752,0.370943,15162.016,0.178494794
1570,cg100357q_si_002_FSR_pacman,1.28731,4.14456,5.84371,4229.05,0.47752,0.370943,15162.016,0.178494794
2405,d3cc03374k2_FSR_pacman,1.34575,3.00118,7.31676,4311.67,0.46346,0.344388,60414.059,0.178054472
1543,c9ta04842a2_FSR_pacman,1.21936,3.309,5.37388,4606.28,0.48602,0.398587,2363.284,0.177805207
607,c6dt03998g2_FSR_pacman,1.20401,4.01824,5.36312,4069.29,0.48486,0.402703,352.166,0.177753473
606,c6dt03998g2_ASR_pacman,1.20401,4.01824,5.36312,4069.29,0.48486,0.402703,352.166,0.177753473
25,11426_2023_1573_MOESM19_ESM_FSR_pacman,1.8057,2.77358,6.18367,2701.39,0.41934,0.232231,1238.94,0.177665477
24,11426_2023_1573_MOESM19_ESM_ASR_pacman,1.8057,2.77358,6.18367,2701.39,0.41934,0.232231,1238.94,0.177665477
1330,c9ce00418a4_3_ASR_pacman,1.97974,3.67953,4.77981,2446.88,0.39052,0.197258,1797.312,0.176744428
1331,c9ce00418a4_3_FSR_pacman,1.97974,3.67953,4.77981,2446.88,0.39052,0.197258,1797.312,0.176744428
830,c7dt03705h2_ASR_pacman,2.24472,2.10638,5.28402,2506.2,0.41574,0.185208,1788.168,0.176694034
831,c7dt03705h2_FSR_pacman,2.24472,2.10638,5.28402,2506.2,0.41574,0.185208,1788.168,0.176694034
2610,d3sc03553k2_4_ion_pacman,1.25932,4.02786,5.3526,4387.22,0.4837,0.384096,3305.615,0.176672414
53,41557_2017_BFnchem2718_MOESM492_ESM_FSR_pacman,2.48517,3.16742,4.55807,2537.35,0.43162,0.173678,3516.436,0.176297478
52,41557_2017_BFnchem2718_MOESM492_ESM_ASR_pacman,2.48517,3.16742,4.55807,2537.35,0.43162,0.173678,3516.436,0.176297478
2523,d3gc01114c2_FSR_pacman,1.55502,4.26034,5.45495,3175.35,0.45794,0.294492,995.42,0.175640455
2522,d3gc01114c2_ASR_pacman,1.55502,4.26034,5.45495,3175.35,0.45794,0.294492,995.42,0.175640455
984,c8cc01837e2_2_ASR_pacman,1.4828,3.08425,6.19287,3936.83,0.47808,0.322417,6542.372,0.174950553
2508,d3dt02721j2_2_ion_pacman,1.53156,3.99587,5.94409,3778.8,0.46948,0.306537,10635.536,0.174345469
2829,ja0c04450_si_004_FSR_pacman,1.44754,4.41522,5.4795,3843.25,0.4734,0.327037,6573.408,0.173868651
2309,d2me00280a2_ASR_pacman,2.07293,4.25863,4.99065,2561.54,0.39844,0.192211,1008.3,0.173352659
2310,d2me00280a2_FSR_pacman,2.07293,4.25863,4.99065,2561.54,0.39844,0.192211,1008.3,0.173352659
3297,ja7b13825_si_007_ASR_pacman,2.11741,4.2356,6.54279,2628.69,0.34744,0.164087,3471.595,0.172903597
3298,ja7b13825_si_007_FSR_pacman,2.11741,4.2356,6.54279,2628.69,0.34744,0.164087,3471.595,0.172903597
475,c5dt03038b2_1_FSR_pacman,1.70214,3.50234,5.05378,3288.01,0.47816,0.280917,1887.252,0.17285838
3395,ja8b07290_si_005_ion_pacman,1.35762,3.99086,5.72246,4406.63,0.47474,0.349686,4474.176,0.172819744
2679,ic302758g_si_002_FSR_pacman,1.3042,3.52279,6.0807,4390.6,0.47372,0.363227,8757.248,0.172690695
2738,ic5b02378_si_002_ASR_pacman,2.34418,3.4256,3.70619,2331.25,0.36356,0.155091,3404.556,0.172521913
2739,ic5b02378_si_002_FSR_pacman,2.34418,3.4256,3.70619,2331.25,0.36356,0.155091,3404.556,0.172521913
2010,d0ra05131d2_2_FSR_pacman,1.39239,2.52366,4.76905,4028.35,0.50524,0.362858,1756.632,0.172495957
2009,d0ra05131d2_2_ASR_pacman,1.39239,2.52366,4.76905,4028.35,0.50524,0.362858,1756.632,0.172495957
1579,cg400183s_si_002_1_FSR_pacman,1.7875,2.77545,5.78728,3253.1,0.46884,0.262289,3688.192,0.1722304
1578,cg400183s_si_002_1_ASR_pacman,1.7875,2.77545,5.78728,3253.1,0.46884,0.262289,3688.192,0.1722304
1195,c8nj05139a2_1_FSR_pacman,1.31972,2.62499,5.79262,4142.68,0.48774,0.369578,7371.757,0.172091276
26,11426_2023_1573_MOESM20_ESM_ASR_pacman,1.76705,2.8308,6.139,2799.15,0.42472,0.240356,1238.94,0.171944838
27,11426_2023_1573_MOESM20_ESM_FSR_pacman,1.76705,2.8308,6.139,2799.15,0.42472,0.240356,1238.94,0.171944838
50,41557_2017_BFnchem2718_MOESM491_ESM_ASR_pacman,2.55375,3.29557,4.61731,2555.87,0.4236,0.165874,3580.432,0.171787583
51,41557_2017_BFnchem2718_MOESM491_ESM_FSR_pacman,2.55375,3.29557,4.61731,2555.87,0.4236,0.165874,3580.432,0.171787583
1399,c9dt00791a2_1_ASR_pacman,1.75791,5.63099,5.96986,3365.15,0.43052,0.244904,1143.064,0.171704088
1400,c9dt00791a2_1_FSR_pacman,1.75791,5.63099,5.96986,3365.15,0.43052,0.244904,1143.064,0.171704088
2288,d2ce01582j2_2_ASR_pacman,1.39905,3.7507,5.10035,4051.41,0.48756,0.348495,1600.49,0.171492169
2289,d2ce01582j2_2_FSR_pacman,1.39905,3.7507,5.10035,4051.41,0.48756,0.348495,1600.49,0.171492169
1561,c9tc05471e2_1_FSR_pacman,1.36856,2.93804,4.57285,3849.92,0.5022,0.366955,1172.64,0.171421722
792,c7dt01523b2_6_ion_pacman,1.46281,5.03505,5.75927,3852.65,0.4576,0.312823,2054.214,0.171365911
854,c7dt04838f2_1_FSR_pacman,1.25487,3.01403,5.92268,4621.58,0.4724,0.376454,5913.188,0.170742098
251,am0c09940_si_002_FSR_pacman,1.51276,4.2688,5.10358,3757.81,0.4776,0.315714,2597.224,0.170411523
2767,ic6b01713_si_002_1_FSR_pacman,1.39547,3.26809,5.68709,4081.17,0.48138,0.344958,1771.23,0.169740511
1035,c8ce00149a2_1_FSR_pacman,1.42596,3.71026,4.86792,4082.16,0.49026,0.343811,2503.876,0.169653028
1279,c9cc00330d2_1_FSR_pacman,1.28807,4.27956,5.52733,4547.16,0.46686,0.362448,9490.12,0.169563698
309,am7b18620_si_002_FSR_pacman,1.36214,3.91121,5.8454,4031,0.47056,0.345456,3006.648,0.169328001
2810,ja0c01008_si_002_ASR_pacman,1.28591,3.61736,6.07682,3894.18,0.46704,0.363199,5854.496,0.169122141
1795,d0cc06092e2_1_FSR_pacman,1.38153,3.82273,6.50669,4027.1,0.45894,0.332196,8576.136,0.168963753
1794,d0cc06092e2_1_ASR_pacman,1.38153,3.82273,6.50669,4027.1,0.45894,0.332196,8576.136,0.168963753
1961,d0dt04363j2_1_FSR_pacman,1.72077,4.23258,5.7083,3182.18,0.44612,0.259256,1106.146,0.168921222
1300,c9cc04131a2_FSR_pacman,1.59511,3.84047,5.46559,3302.03,0.46112,0.289084,3269.159,0.168197676
1438,c9dt03250a2_1_ASR_pacman,1.04917,2.74122,5.15637,4226.67,0.48982,0.466863,1004.212,0.167906582
1439,c9dt03250a2_1_FSR_pacman,1.04917,2.74122,5.15637,4226.67,0.48982,0.466863,1004.212,0.167906582
2374,d2tc00291d2_ASR_pacman,1.44711,3.3561,5.09343,3711.85,0.48434,0.334694,4011.136,0.167587666
2375,d2tc00291d2_FSR_pacman,1.44711,3.3561,5.09343,3711.85,0.48434,0.334694,4011.136,0.167587666
664,c7cc02470c2_2_FSR_pacman,2.17726,3.4774,5.77331,2946.18,0.43576,0.200141,17453.248,0.166239463
2024,d0sc02123g2_1_FSR_pacman,1.22668,3.73586,4.61754,4633.03,0.47762,0.389359,1135.03,0.16583742
2023,d0sc02123g2_1_ASR_pacman,1.22668,3.73586,4.61754,4633.03,0.47762,0.389359,1135.03,0.16583742
2869,ja0c08794_si_006_FSR_pacman,1.53129,2.85719,4.18579,3509.14,0.49966,0.326301,909.84,0.165753678
2868,ja0c08794_si_006_ASR_pacman,1.53129,2.85719,4.18579,3509.14,0.49966,0.326301,909.84,0.165753678
2802,ja076167asi20070815_063752_FSR_pacman,1.19146,3.94203,5.50791,4834.09,0.44602,0.374347,6703.144,0.165025123
1136,c8dt01288a2_1_ASR_pacman,1.65193,5.27891,6.06839,3609.66,0.43546,0.263607,3898.344,0.164838537
1137,c8dt01288a2_1_FSR_pacman,1.65193,5.27891,6.06839,3609.66,0.43546,0.263607,3898.344,0.164838537
2505,d3dt01995k2_2_FSR_pacman,1.49565,3.46125,5.71824,3901.9,0.47282,0.31613,7419.344,0.1648366
1361,c9ce01474h2_1_ASR_pacman,1.59676,2.63514,4.78205,3390.33,0.48734,0.305205,3689.096,0.164712573
1362,c9ce01474h2_1_FSR_pacman,1.59676,2.63514,4.78205,3390.33,0.48734,0.305205,3689.096,0.164712573
2608,d3sc03553k2_2_ion_pacman,1.34312,4.02544,5.42524,4129.95,0.47252,0.351807,3261.559,0.164702651
3289,ja7b09983_si_001_FSR_pacman,1.65479,6.53104,6.70747,3687.45,0.3986,0.240877,2152.074,0.164667963
3288,ja7b09983_si_001_ASR_pacman,1.65479,6.53104,6.70747,3688.95,0.3986,0.240877,2152.074,0.164625696
1824,d0ce00397b2_6_FSR_pacman,1.64017,4.95346,7.6516,3634.76,0.40218,0.245206,7023.729,0.16448614
20,11426_2023_1573_MOESM17_ESM_ASR_pacman,2.11258,2.8626,3.89314,2374.88,0.36098,0.170872,677.53,0.164352992
21,11426_2023_1573_MOESM17_ESM_FSR_pacman,2.11258,2.8626,3.89314,2374.88,0.36098,0.170872,677.53,0.164352992
1955,d0dt03264f2_3_FSR_pacman,1.48651,4.57153,5.92266,4073.32,0.45656,0.307136,4251.632,0.163951218
2609,d3sc03553k2_3_ion_pacman,1.34137,3.95964,5.70718,4070.42,0.46652,0.347793,3290.492,0.163086709
1487,c9qi01220f2_3_FSR_pacman,1.60989,5.31329,5.8401,3434.76,0.43118,0.267832,1993.308,0.162740749
1486,c9qi01220f2_3_ASR_pacman,1.60989,5.31329,5.8401,3434.76,0.43118,0.267832,1993.308,0.162740749
1379,c9ce01932d2_7_FSR_pacman,1.33178,3.92204,5.80046,5029.58,0.40702,0.305621,11565.04,0.162644322
852,c7dt04659f2_2_ASR_pacman,1.26254,2.9345,4.66682,5016.72,0.44126,0.349501,2255.74,0.162343272
853,c7dt04659f2_2_FSR_pacman,1.26254,2.9345,4.66682,5016.72,0.44126,0.349501,2255.74,0.162343272
587,c6ce01965j2_1_FSR_pacman,1.32701,4.51373,5.85927,4940.09,0.4135,0.311603,8430.263,0.162297732
1852,d0ce00990c2_1_FSR_pacman,1.38716,3.41546,5.12798,4150.65,0.4821,0.347545,1624.946,0.162289175
3160,ja7b01764_si_002_ASR_pacman,1.8185,5.35051,5.62079,3379.19,0.4334,0.238328,1143.064,0.162187099
3161,ja7b01764_si_002_FSR_pacman,1.8185,5.35051,5.62079,3379.19,0.4334,0.238328,1143.064,0.162187099
2793,ja039022msi20031007_110612_ASR_pacman,1.87538,4.63183,5.19601,3306.5,0.45102,0.240496,3014.136,0.162085562
2794,ja039022msi20031007_110612_FSR_pacman,1.87538,4.63183,5.19601,3306.5,0.45102,0.240496,3014.136,0.162085562
1441,c9dt03250a2_2_FSR_pacman,1.07986,2.70678,5.10925,4112.97,0.48568,0.449763,1016.564,0.161638548
1440,c9dt03250a2_2_ASR_pacman,1.07986,2.70678,5.10925,4112.97,0.48568,0.449763,1016.564,0.161638548
921,c7sc00449d2_5_ASR_pacman,1.77255,5.34213,6.06731,3275.62,0.416,0.23469,935.892,0.161321526
922,c7sc00449d2_5_FSR_pacman,1.77255,5.34213,6.06731,3275.62,0.416,0.23469,935.892,0.161321526
72,41557_2017_BFnchem2718_MOESM502_ESM_ASR_pacman,2.26496,3.49819,4.80343,2766.72,0.433,0.191174,3580.432,0.160861751
73,41557_2017_BFnchem2718_MOESM502_ESM_FSR_pacman,2.26496,3.49819,4.80343,2766.72,0.433,0.191174,3580.432,0.160861751
1796,d0cc06092e2_2_ASR_pacman,1.44937,3.89432,6.02289,3868.41,0.45724,0.315476,8743.573,0.160708699
1797,d0cc06092e2_2_FSR_pacman,1.44937,3.89432,6.02289,3868.41,0.45724,0.315476,8743.573,0.160708699
1033,c8ce00008e2_12_FSR_pacman,1.43233,2.87104,5.31748,3945.98,0.48222,0.336669,1665.36,0.160654264
2837,ja0c05286_si_006_FSR_pacman,1.29599,2.95388,5.10649,4294.34,0.4834,0.372996,3362.636,0.160255331
620,c6nj02863b2_4_FSR_pacman,1.38616,2.38626,6.39562,4248.62,0.46832,0.337855,2260.866,0.16020574
2594,d3sc00904a2_2_FSR_pacman,1.7577,5.48954,5.68774,3239.88,0.41922,0.238504,1226.101,0.160093387
2593,d3sc00904a2_2_ASR_pacman,1.7577,5.48954,5.68774,3239.88,0.41922,0.238504,1226.101,0.160093387
2014,d0ra05926a2_1_FSR_pacman,1.46618,3.74946,6.65446,3744.77,0.44182,0.30134,3991.26,0.159241311
2013,d0ra05926a2_1_ASR_pacman,1.46618,3.74946,6.65446,3744.77,0.44182,0.30134,3991.26,0.159241311
1086,c8ce01015c2_15_ion_pacman,1.46585,4.13702,5.91814,4156.83,0.45688,0.311683,3470.858,0.158402
3367,ja8b06331_si_002_FSR_pacman,1.85273,3.77819,5.46884,3092.87,0.4405,0.237757,2127.892,0.158365635
3366,ja8b06331_si_002_ASR_pacman,1.85273,3.77819,5.46884,3092.87,0.4405,0.237757,2127.892,0.158365635
434,c4qi00241e2_ASR_pacman,1.28636,3.35676,5.69071,4549.7,0.4617,0.358918,2191.328,0.158328973
435,c4qi00241e2_FSR_pacman,1.28636,3.35676,5.69071,4549.7,0.4617,0.358918,2191.328,0.158328973
2018,d0ra09305j2_FSR_pacman,1.30853,4.46953,5.26823,4720.75,0.4449,0.339999,1919.756,0.158306289
1736,d0cc02420a2_5_FSR_pacman,1.29835,2.18988,5.91864,4625.35,0.4653,0.358378,3377.356,0.158282695
1957,d0dt03747h2_FSR_pacman,1.26078,3.8326,5.85237,4825.64,0.4324,0.342963,1535.752,0.157878781
1831,d0ce00490a2_4_ASR_pacman,1.26373,3.0395,4.71805,4876.91,0.45286,0.35835,2627.976,0.157451015
1832,d0ce00490a2_4_FSR_pacman,1.26373,3.0395,4.71805,4876.91,0.45286,0.35835,2627.976,0.157451015
90,41557_2017_BFnchem2747_MOESM347_ESM_ion_pacman,1.7,3.25009,4.34648,3238.67,0.4769,0.280529,1982.49,0.157132587
1110,c8ce01868e2_6_FSR_pacman,1.43569,3.66984,4.97724,3651.91,0.4713,0.328275,5627.071,0.156467466
56,41557_2017_BFnchem2718_MOESM494_ESM_ASR_pacman,2.00403,3.55775,5.18327,3115.06,0.4494,0.224248,3568.336,0.156245638
57,41557_2017_BFnchem2718_MOESM494_ESM_FSR_pacman,2.00403,3.55775,5.18327,3115.06,0.4494,0.224248,3568.336,0.156245638
2551,d3qi00018d2_1_ion_pacman,2.96597,1.87499,3.42366,2362.33,0.34614,0.116704,12492.92,0.156208309
1128,c8dt00908b2_ASR_pacman,1.39077,5.06569,5.75993,4360.31,0.44222,0.317968,2760.78,0.156117413
457,c5ce01473e2_1_FSR_pacman,1.85605,2.5541,4.36332,2895.89,0.46122,0.248495,1099.616,0.156094905
1494,c9ra07559c2_1_ASR_pacman,1.51956,2.26419,5.62055,3970.59,0.47826,0.314736,4204.968,0.155288761
1495,c9ra07559c2_1_FSR_pacman,1.51956,2.26419,5.62055,3970.59,0.47826,0.314736,4204.968,0.155288761
751,c7ce01447c2_2_ASR_pacman,1.33163,3.33486,6.22985,4623.86,0.44478,0.334011,3726.192,0.154572464
752,c7ce01447c2_2_FSR_pacman,1.33163,3.33486,6.22985,4623.86,0.44478,0.334011,3726.192,0.154572464
2724,ic5b00561_si_002_1_ion_pacman,1.49594,4.39985,5.81597,4022.1,0.4505,0.301149,8306.496,0.154264101
1111,c8ce01875h2_1_FSR_pacman,1.42188,3.82256,5.53761,3945.29,0.46148,0.324557,2791.572,0.153814904
893,c7qi00734e2_1_FSR_pacman,1.24683,3.14034,5.63104,4831.74,0.43764,0.351001,13174.112,0.153794827
1566,cg034025wsi20030214_115651_FSR_pacman,1.90295,2.71275,3.7047,3021.88,0.47926,0.251851,828.456,0.152982769
350,am8b14420_si_002_FSR_pacman,1.40497,4.47448,5.70361,4376.06,0.44784,0.318754,3016.382,0.152859365
349,am8b14420_si_002_ASR_pacman,1.40497,4.47448,5.70361,4376.06,0.44784,0.318754,3016.382,0.152859365
870,c7nr00732a2_1_ion_pacman,2.89072,1.02414,3.08027,2391.26,0.2973,0.102846,22325.548,0.152326554
1383,c9ce02006c2_1_FSR_pacman,1.34017,2.4681,4.52843,4463.77,0.48404,0.361178,1354.416,0.152078414
1382,c9ce02006c2_1_ASR_pacman,1.34017,2.4681,4.52843,4463.77,0.48404,0.361178,1354.416,0.152078414
2533,d3nj03643j2_3_ASR_pacman,1.613,3.30335,4.53749,3432,0.47436,0.294085,655.858,0.151978577
445,c5ce00181a2_1_FSR_pacman,1.27452,3.96311,5.36775,4402.73,0.45752,0.358974,4508.864,0.151843147
2553,d3qi00102d2_FSR_pacman,1.28535,2.38046,5.38154,4514.95,0.46984,0.365534,4923.104,0.151779698
2355,d2sc03570g2_FSR_pacman,1.72445,6.54489,6.74059,3322.87,0.35118,0.203647,1845.864,0.150670442
2354,d2sc03570g2_ASR_pacman,1.72445,6.54489,6.74059,3322.87,0.35118,0.203647,1845.864,0.150670442
120,S0885715619000228sup004_FSR_pacman,1.4012,3.88468,5.31759,4290.51,0.46112,0.32909,1852.272,0.150602142
315,am8b02015_si_006_FSR_pacman,1.4012,3.88468,5.31759,4290.51,0.46112,0.32909,1852.272,0.150602142
1047,c8ce00476e2_2_FSR_pacman,1.47218,3.23236,6.36586,3942.65,0.44942,0.305276,7248.236,0.15053372
2969,ja512137t_si_002_4_FSR_pacman,1.57656,2.21356,5.00842,2841.36,0.43454,0.275625,2281.788,0.150081896
2968,ja512137t_si_002_4_ASR_pacman,1.57656,2.21356,5.00842,2841.36,0.43454,0.275625,2281.788,0.150081896
270,am6b15250_si_002_ASR_pacman,1.28145,3.49966,4.4065,4420.72,0.47442,0.370221,1350.508,0.149520771
1968,d0nj00207k2_2_ASR_pacman,1.3081,3.28544,5.00081,4798.6,0.44416,0.339545,3375.76,0.149440444
1969,d0nj00207k2_2_FSR_pacman,1.3081,3.28544,5.00081,4798.6,0.44416,0.339545,3375.76,0.149440444
1072,c8ce00877a2_3_ASR_pacman,1.33082,3.69186,5.39606,4075.97,0.46068,0.346163,4724.626,0.148584896
1073,c8ce00877a2_3_FSR_pacman,1.33082,3.69186,5.39606,4075.97,0.46068,0.346163,4724.626,0.148584896
393,am9b14121_si_001_2_ASR_pacman,1.46439,3.1165,5.99882,3932.24,0.45558,0.311106,5107.828,0.148331971
1141,c8dt01288a2_3_FSR_pacman,1.6662,5.0377,5.78295,3623.69,0.42796,0.256848,4534.044,0.148258242
1140,c8dt01288a2_3_ASR_pacman,1.6662,5.0377,5.78295,3623.69,0.42796,0.256848,4534.044,0.148258242
2581,d3qi01881d2_ASR_pacman,1.30026,2.88966,4.93915,4786.07,0.4488,0.345161,6366.12,0.148178457
2135,d1ce01115d2_FSR_pacman,1.37583,3.34631,4.91292,4192.21,0.47168,0.342834,2523.94,0.147646931
1138,c8dt01288a2_2_ASR_pacman,1.64191,5.1125,5.89676,3649.05,0.42406,0.258272,4506.2,0.147597278
1139,c8dt01288a2_2_FSR_pacman,1.64191,5.1125,5.89676,3649.05,0.42406,0.258272,4506.2,0.147597278
1621,cg900349c_si_002_2_FSR_pacman,1.75465,2.14919,5.60768,3624.33,0.4669,0.266094,10186.234,0.147182591
1620,cg900349c_si_002_2_ASR_pacman,1.75465,2.14919,5.60768,3624.33,0.4669,0.266094,10186.234,0.147182591
1734,d0cc02420a2_3_FSR_pacman,1.31614,2.17313,5.604,4583.35,0.45802,0.348002,3270.2,0.145663368
2535,d3nj03772j2_2_ASR_pacman,1.60591,3.42449,4.52074,3354.29,0.46382,0.28882,656.338,0.145202556
3645,jp2064408_si_002_FSR_pacman,1.82801,3.10795,5.72643,3090.31,0.42622,0.23316,13472.633,0.145145676
2811,ja0c01008_si_002_FSR_pacman,1.30898,2.81559,5.96966,3954.53,0.45504,0.347629,5998.616,0.144783936
2370,d2ta08934c2_4_ASR_pacman,1.66555,3.99061,6.38803,3456.11,0.41932,0.251761,3664.608,0.144641959
3659,jz6b02458_si_004_4_FSR_pacman,1.28369,3.82569,5.00222,4372.18,0.45786,0.356674,353.24,0.144495517
2215,d1qm00211b2_1_FSR_pacman,1.51041,2.87714,5.99944,3454.5,0.4418,0.292504,4975.492,0.144263745
983,c8cc01837e2_1_FSR_pacman,1.54934,3.17855,4.89936,3836.98,0.47012,0.303432,6249.038,0.144000417
1599,cg501279y_si_002_1_ion_pacman,1.40856,4.86183,6.41301,4247.43,0.41886,0.297367,2487.924,0.143709315
335,am8b07770_si_002_3_ion_pacman,1.35931,3.36973,4.59975,3882.32,0.47216,0.347353,1112.888,0.143565166
1814,d0ce00397b2_1_FSR_pacman,2.04934,4.24712,6.32242,3050.37,0.38406,0.187407,11546.514,0.143377543
59,41557_2017_BFnchem2718_MOESM495_ESM_FSR_pacman,1.98676,3.53401,4.87727,3152.9,0.4439,0.223429,3580.432,0.143236458
58,41557_2017_BFnchem2718_MOESM495_ESM_ASR_pacman,1.98676,3.53401,4.87727,3152.9,0.4439,0.223429,3580.432,0.143236458
774,c7dt00217c2_2_ion_pacman,1.40127,1.34826,6.09623,4303.37,0.46352,0.330785,21348.294,0.142867792
71,41557_2017_BFnchem2718_MOESM501_ESM_FSR_pacman,1.80094,3.52247,4.92374,3461.3,0.45696,0.253734,3580.432,0.142793963
70,41557_2017_BFnchem2718_MOESM501_ESM_ASR_pacman,1.80094,3.52247,4.92374,3461.3,0.45696,0.253734,3580.432,0.142793963
394,am9b14121_si_001_2_FSR_pacman,1.47426,3.1165,5.99882,3953.08,0.45022,0.305387,5143.858,0.142699668
116,S0885715619000228sup002_FSR_pacman,1.38425,3.53962,4.60853,4643.77,0.4525,0.326892,7506.196,0.142467662
321,am8b02015_si_011_FSR_pacman,1.38425,3.53962,4.60853,4643.77,0.4525,0.326892,7506.196,0.142467662
2419,d3ce00405h2_4_ion_pacman,1.35468,2.09774,5.71772,4648.87,0.44868,0.331209,6163.094,0.142355435
869,c7nj04698g2_2_FSR_pacman,1.56795,5.31671,6.18481,4027.06,0.41466,0.26446,1829.78,0.141835043
868,c7nj04698g2_2_ASR_pacman,1.56795,5.31671,6.18481,4027.06,0.41466,0.26446,1829.78,0.141835043
2484,d3cy00569k2_ion_pacman,2.3568,2.29075,6.38235,2818.28,0.3726,0.158096,16081.538,0.141214559
2582,d3qi01881d2_FSR_pacman,1.31292,2.82347,4.51381,4813.86,0.44236,0.336928,6430.116,0.14104611
1954,d0dt03264f2_1_FSR_pacman,1.60482,4.34039,6.34873,3886.82,0.42436,0.264428,2733.672,0.140790005
441,c5cc09432a2_1_ASR_pacman,1.37926,3.98223,5.54414,4056.38,0.44644,0.323682,4937.043,0.14061232
442,c5cc09432a2_1_FSR_pacman,1.37926,3.98223,5.54414,4056.38,0.44644,0.323682,4937.043,0.14061232
2702,ic502478u_si_003_FSR_pacman,1.38197,3.70909,5.69951,4369.41,0.4437,0.321064,12878.136,0.140520536
2701,ic502478u_si_003_ASR_pacman,1.38197,3.70909,5.69951,4369.41,0.4437,0.321064,12878.136,0.140520536
1844,d0ce00900h2_14_FSR_pacman,2.3612,2.21445,4.22117,2551.12,0.3709,0.157081,23016.452,0.140148101
1471,c9nj04154k2_FSR_pacman,1.6438,2.46459,5.2826,3566.26,0.46146,0.280728,1687.74,0.1401093
627,c6ra03969c2_1_ion_pacman,1.2578,1.64261,4.58183,4922.73,0.43094,0.342613,2417.028,0.138940577
2623,d3ta02520a2_3_ASR_pacman,1.28446,3.85796,4.56615,4673.26,0.44118,0.343476,1990.846,0.138781266
1129,c8dt00908b2_FSR_pacman,1.46305,5.39852,5.91426,4472.14,0.40542,0.277105,2904.9,0.138161143
632,c6sc05012c2_ASR_pacman,2.08763,3.12468,3.97172,2554.43,0.34368,0.164627,332.861,0.137937286
633,c6sc05012c2_FSR_pacman,2.08763,3.12468,3.97172,2554.43,0.34368,0.164627,332.861,0.137937286
9,10876_2020_1817_MOESM2_ESM_FSR_pacman,2.50848,2.47593,4.18224,2697.89,0.41178,0.164155,3068.116,0.137354653
61,41557_2017_BFnchem2718_MOESM496_ESM_FSR_pacman,1.94572,3.32067,4.74653,3268.89,0.44946,0.231,3580.432,0.137352439
60,41557_2017_BFnchem2718_MOESM496_ESM_ASR_pacman,1.94572,3.32067,4.74653,3268.89,0.44946,0.231,3580.432,0.137352439
1171,c8dt04397c2_ion_pacman,2.62073,0.87402,4.01786,2507.22,0.31306,0.119455,3108.398,0.137087656
1978,d0nj02753g2_1_FSR_pacman,1.28581,2.75788,4.4369,4685.05,0.45206,0.351577,1817.058,0.136970706
1259,c8ta02794c2_2_ASR_pacman,1.91474,3.73243,3.95711,2867.45,0.4268,0.222902,1834.568,0.136667025
1113,c8ce01875h2_4_FSR_pacman,1.45709,3.55411,5.42397,3925.86,0.44954,0.308518,2183.716,0.136563483
1112,c8ce01875h2_3_FSR_pacman,1.47814,3.49113,5.37902,3884.88,0.45006,0.304476,2183.716,0.135823986
1732,d0cc01627f2_FSR_pacman,1.30601,2.38675,4.63639,4610.41,0.45728,0.350136,3759.34,0.135781931
1731,d0cc01627f2_ASR_pacman,1.30601,2.38675,4.63639,4610.41,0.45728,0.350136,3759.34,0.135781931
2371,d2ta08934c2_4_FSR_pacman,1.67853,3.84151,6.27243,3469.81,0.41446,0.246918,3700.638,0.135657413
74,41557_2017_BFnchem2718_MOESM503_ESM_ASR_pacman,1.84774,3.61688,4.75143,3379.04,0.4487,0.242837,3560.272,0.135548068
75,41557_2017_BFnchem2718_MOESM503_ESM_FSR_pacman,1.84774,3.61688,4.75143,3379.04,0.4487,0.242837,3560.272,0.135548068
832,c7dt03758a2_4_ASR_pacman,1.30802,2.44097,4.9472,4539.35,0.45546,0.348207,2151.028,0.134677806
833,c7dt03758a2_4_FSR_pacman,1.30802,2.44097,4.9472,4539.35,0.45546,0.348207,2151.028,0.134677806
2041,d0sc03383a2_1_ASR_pacman,1.40403,3.42517,3.924,3503.98,0.46808,0.333382,1472.724,0.134581944
2042,d0sc03383a2_1_FSR_pacman,1.40403,3.42517,3.924,3503.98,0.46808,0.333382,1472.724,0.134581944
1208,c8qi00684a2_4_ASR_pacman,1.36044,3.15482,4.14482,4445.57,0.46486,0.341699,6203.584,0.134219653
1209,c8qi00684a2_4_FSR_pacman,1.36044,3.15482,4.14482,4445.57,0.46486,0.341699,6203.584,0.134219653
62,41557_2017_BFnchem2718_MOESM497_ESM_ASR_pacman,2.11395,3.37032,4.64322,3016.64,0.42938,0.203117,3580.432,0.134131022
63,41557_2017_BFnchem2718_MOESM497_ESM_FSR_pacman,2.11395,3.37032,4.64322,3016.64,0.42938,0.203117,3580.432,0.134131022
338,am8b07770_si_002_5_ASR_pacman,1.43069,3.2858,3.66305,3347.56,0.4686,0.327535,1010.702,0.133892108
339,am8b07770_si_002_5_FSR_pacman,1.43069,3.2858,3.66305,3347.56,0.4686,0.327535,1010.702,0.133892108
2741,ic5b02666_si_003_FSR_pacman,1.29156,3.37752,4.83799,4588.65,0.44258,0.342672,5370.896,0.133404585
2740,ic5b02666_si_003_ASR_pacman,1.29156,3.37752,4.83799,4588.65,0.44258,0.342672,5370.896,0.133404585
427,ap0c00052_si_003_FSR_pacman,1.39552,2.96431,5.34441,4775.01,0.42072,0.301479,4048.02,0.13330982
426,ap0c00052_si_003_ASR_pacman,1.39552,2.96431,5.34441,4775.01,0.42072,0.301479,4048.02,0.13330982
1343,c9ce00988d2_4_ASR_pacman,1.39192,3.86845,6.23403,4407.85,0.42054,0.302129,3358.328,0.133097336
1118,c8dt00143j2_6_FSR_pacman,1.83546,3.33677,4.65829,3338.84,0.44834,0.244265,927.354,0.131907331
908,c7ra10207k2_FSR_pacman,1.32661,2.55955,4.44545,4817.31,0.43076,0.324707,3029.316,0.131332893
436,c4ta05638h2_1_ion_pacman,1.55813,0.8514,2.17039,5149.32,0.3257,0.209033,1815.04,0.131061597
47,41557_2017_BFnchem2718_MOESM489_ESM_FSR_pacman,1.809,3.34864,4.75097,3489.48,0.45142,0.249542,3580.432,0.131033321
46,41557_2017_BFnchem2718_MOESM489_ESM_ASR_pacman,1.809,3.34864,4.75097,3489.48,0.45142,0.249542,3580.432,0.131033321
65,41557_2017_BFnchem2718_MOESM498_ESM_FSR_pacman,1.92376,3.28465,4.65274,3307.65,0.44678,0.232243,3580.432,0.130956336
64,41557_2017_BFnchem2718_MOESM498_ESM_ASR_pacman,1.92376,3.28465,4.65274,3307.65,0.44678,0.232243,3580.432,0.130956336
448,c5ce00923e2_ASR_pacman,1.65148,3.0775,4.83229,3544.1,0.45394,0.274869,1346.448,0.130796157
449,c5ce00923e2_FSR_pacman,1.65148,3.0775,4.83229,3544.1,0.45394,0.274869,1346.448,0.130796157
2372,d2ta08934c2_6_ASR_pacman,1.62781,3.07872,6.33351,3554.02,0.42136,0.258851,3664.608,0.13066521
3,10876_2019_1683_MOESM2_ESM_1_ASR_pacman,1.35621,2.58732,4.32227,3908.72,0.47254,0.348426,1356.688,0.130618582
4,10876_2019_1683_MOESM2_ESM_1_FSR_pacman,1.35621,2.58732,4.32227,3908.72,0.47254,0.348426,1356.688,0.130618582
1858,d0ce01172j2_2_FSR_pacman,1.36139,2.98097,5.94076,4465.29,0.43198,0.317308,1513.411,0.130483913
1857,d0ce01172j2_2_ASR_pacman,1.36139,2.98097,5.94076,4465.29,0.43198,0.317308,1513.411,0.130483913
2624,d3ta02520a2_3_FSR_pacman,1.3077,3.85796,4.56615,4655.71,0.43072,0.329372,2026.876,0.130072629
2482,d3ce01060k2_2_ASR_pacman,1.37749,2.74321,5.29248,4047.59,0.45452,0.329963,746.452,0.129998758
1466,c9nj00682f2_1_ASR_pacman,1.41031,3.26909,4.57871,3966.88,0.46074,0.326694,2000.368,0.12936116
1467,c9nj00682f2_1_FSR_pacman,1.41031,3.26909,4.57871,3966.88,0.46074,0.326694,2000.368,0.12936116
1934,d0dt02450c2_4_ASR_pacman,1.48531,3.62812,4.85415,3939.66,0.45188,0.304233,1476.352,0.12917099
1935,d0dt02450c2_4_FSR_pacman,1.48531,3.62812,4.85415,3939.66,0.45188,0.304233,1476.352,0.12917099
2644,d3tc02088f2_4_FSR_pacman,1.38125,3.9572,4.82759,4435.52,0.4394,0.318118,2546.496,0.128925168
2643,d3tc02088f2_4_ASR_pacman,1.38125,3.9572,4.82759,4435.52,0.4394,0.318118,2546.496,0.128925168
1888,d0dt00415d2_FSR_pacman,1.41782,3.33941,6.34695,3985.84,0.42448,0.29939,8342.368,0.128074182
1887,d0dt00415d2_ASR_pacman,1.41782,3.33941,6.34695,3985.84,0.42448,0.29939,8342.368,0.128074182
2261,d2cc04649k2_14_ASR_pacman,1.35229,2.6884,3.53167,3841.44,0.48066,0.355441,984.696,0.127713787
2262,d2cc04649k2_14_FSR_pacman,1.35229,2.6884,3.53167,3841.44,0.48066,0.355441,984.696,0.127713787
761,c7ce01510k2_4_ASR_pacman,1.28942,2.71389,5.05861,4290.7,0.45264,0.351041,1092.856,0.127392037
762,c7ce01510k2_4_FSR_pacman,1.28942,2.71389,5.05861,4290.7,0.45264,0.351041,1092.856,0.127392037
2646,d3tc03179a2_FSR_pacman,1.6333,3.10969,5.1814,3638.09,0.44566,0.272859,7527.356,0.127240329
2269,d2cc04649k2_8_ASR_pacman,1.35711,2.69037,3.57587,3833.63,0.47894,0.352911,984.696,0.126596709
2270,d2cc04649k2_8_FSR_pacman,1.35711,2.69037,3.57587,3833.63,0.47894,0.352911,984.696,0.126596709
1257,c8ta02794c2_1_ASR_pacman,1.92939,3.70878,3.96383,2868.99,0.41036,0.212689,1838.6,0.126331636
1818,d0ce00397b2_3_FSR_pacman,1.82089,4.04583,6.18562,2937.51,0.30572,0.167896,12858.016,0.126146325
54,41557_2017_BFnchem2718_MOESM493_ESM_ASR_pacman,2.15859,3.3312,4.6275,2973.77,0.4136,0.191606,3568.336,0.125815336
55,41557_2017_BFnchem2718_MOESM493_ESM_FSR_pacman,2.15859,3.3312,4.6275,2973.77,0.4136,0.191606,3568.336,0.125815336
461,c5ce01912e2_3_FSR_pacman,1.44177,3.94327,4.96409,4456.23,0.43246,0.29995,4766.664,0.125662538
1190,c8nj01359d2_2_FSR_pacman,1.35274,2.42528,4.16421,4889.7,0.4124,0.304863,3088.488,0.125066169
1189,c8nj01359d2_2_ASR_pacman,1.35274,2.42528,4.16421,4889.7,0.4124,0.304863,3088.488,0.125066169
66,41557_2017_BFnchem2718_MOESM499_ESM_ASR_pacman,2.01969,3.22809,4.69079,3171.12,0.43124,0.213518,3580.432,0.124799906
67,41557_2017_BFnchem2718_MOESM499_ESM_FSR_pacman,2.01969,3.22809,4.69079,3171.12,0.43124,0.213518,3580.432,0.124799906
1241,c8ra09777a2_ASR_pacman,1.36245,2.88053,4.08861,4574.31,0.44984,0.330171,3078.148,0.124664143
2015,d0ra06529c2_4_ASR_pacman,1.42453,2.71646,4.47461,4081.59,0.46316,0.325132,2764.952,0.124353643
2016,d0ra06529c2_4_FSR_pacman,1.42453,2.71646,4.47461,4081.59,0.46316,0.325132,2764.952,0.124353643
2166,d1dt04175d2_1_ion_pacman,1.3718,1.98788,5.0954,4523.58,0.44538,0.324668,1841.736,0.123797043
76,41557_2017_BFnchem2718_MOESM504_ESM_ASR_pacman,2.01503,3.23027,4.55371,3179.1,0.43338,0.215073,3580.432,0.123549916
77,41557_2017_BFnchem2718_MOESM504_ESM_FSR_pacman,2.01503,3.23027,4.55371,3179.1,0.43338,0.215073,3580.432,0.123549916
1817,d0ce00397b2_3_ASR_pacman,1.74213,4.04583,6.18562,2985.68,0.32676,0.187563,12090.064,0.123484296
23,11426_2023_1573_MOESM18_ESM_FSR_pacman,1.89463,3.16543,4.30444,2800.59,0.39042,0.206067,677.53,0.123438284
22,11426_2023_1573_MOESM18_ESM_ASR_pacman,1.89463,3.16543,4.30444,2800.59,0.39042,0.206067,677.53,0.123438284
558,c6cc01597b2_FSR_pacman,1.60634,2.97194,4.57164,3503.78,0.45114,0.280849,1944.008,0.123404439
2263,d2cc04649k2_15_ASR_pacman,1.35186,2.55041,3.80749,3873.94,0.47372,0.35042,984.696,0.123169662
2264,d2cc04649k2_15_FSR_pacman,1.35186,2.55041,3.80749,3873.94,0.47372,0.35042,984.696,0.123169662
45,41557_2017_BFnchem2718_MOESM488_ESM_FSR_pacman,2.00547,3.07995,4.46447,3204.18,0.4381,0.218453,3580.432,0.122794368
44,41557_2017_BFnchem2718_MOESM488_ESM_ASR_pacman,2.00547,3.07995,4.46447,3204.18,0.4381,0.218453,3580.432,0.122794368
1344,c9ce00988d2_4_FSR_pacman,1.41898,3.86845,6.08104,4405.73,0.40964,0.288686,3430.388,0.122753113
1077,c8ce00891d2_3_FSR_pacman,1.66598,3.87307,4.64934,3382.08,0.4322,0.259427,3694.048,0.1223762
1076,c8ce00891d2_3_ASR_pacman,1.66598,3.87307,4.64934,3382.08,0.4322,0.259427,3694.048,0.1223762
78,41557_2017_BFnchem2747_MOESM339_ESM_ion_pacman,1.53506,3.03244,5.19442,4144.14,0.4451,0.289956,2074.676,0.121887859
2267,d2cc04649k2_18_ASR_pacman,1.3518,2.46591,3.98561,3892.09,0.47004,0.347715,984.696,0.121282845
2268,d2cc04649k2_18_FSR_pacman,1.3518,2.46591,3.98561,3892.09,0.47004,0.347715,984.696,0.121282845
271,am6b15250_si_002_FSR_pacman,1.38667,3.49966,4.4065,4305.6,0.44786,0.322975,1478.5,0.121002707
2536,d3nj03772j2_2_FSR_pacman,1.67459,3.42449,4.52074,3339.34,0.43732,0.261151,692.368,0.12091497
2510,d3dt02928j2_4_ion_pacman,2.33278,1.9367,4.34126,2734.43,0.38654,0.165699,3491.114,0.120829172
2534,d3nj03643j2_3_FSR_pacman,1.68202,3.30335,4.53749,3450.2,0.4432,0.263493,691.888,0.120508983
1103,c8ce01803k2_ASR_pacman,1.88072,3.53275,3.77552,2943.37,0.41924,0.222915,1203.712,0.12041111
1104,c8ce01803k2_FSR_pacman,1.88072,3.53275,3.77552,2943.37,0.41924,0.222915,1203.712,0.12041111
68,41557_2017_BFnchem2718_MOESM500_ESM_ASR_pacman,2.05238,3.19178,4.60631,3149.27,0.42638,0.207749,3580.432,0.120352691
69,41557_2017_BFnchem2718_MOESM500_ESM_FSR_pacman,2.05238,3.19178,4.60631,3149.27,0.42638,0.207749,3580.432,0.120352691
1398,c9dt00654k2_ion_pacman,1.51567,1.14875,3.78158,4989.14,0.39078,0.257827,2012.368,0.120131847
1367,c9ce01529a2_2_FSR_pacman,1.37083,3.37841,5.20954,4397.72,0.43074,0.314218,5814.842,0.119952405
1927,d0dt02411b2_4_FSR_pacman,1.80579,3.79965,4.99975,3322.5,0.41902,0.232043,1735.62,0.119507293
1178,c8dt05136d2_5_FSR_pacman,1.30326,3.57407,4.49576,4634.35,0.42162,0.323513,1190.962,0.119068269
1177,c8dt05136d2_5_ASR_pacman,1.30326,3.57407,4.49576,4634.35,0.42162,0.323513,1190.962,0.119068269
40,41557_2017_BFnchem2718_MOESM486_ESM_ASR_pacman,2.01125,2.96294,4.41339,3199.44,0.43568,0.216621,3580.432,0.118915129
41,41557_2017_BFnchem2718_MOESM486_ESM_FSR_pacman,2.01125,2.96294,4.41339,3199.44,0.43568,0.216621,3580.432,0.118915129
571,c6cc09566f2_3_ion_pacman,1.36045,2.82454,4.30342,4593.18,0.4381,0.322026,5682.952,0.118756635
616,c6dt04719j2_1_FSR_pacman,1.33462,2.35466,3.70986,3975.41,0.47252,0.354049,8286.589,0.118539814
117,S0885715619000228sup003_ASR_pacman,1.55934,3.91972,6.0487,3830.58,0.4097,0.26274,1630.29,0.11813803
312,am8b02015_si_004_ASR_pacman,1.55934,3.91972,6.0487,3830.58,0.4097,0.26274,1630.29,0.11813803
316,am8b02015_si_008_ASR_pacman,1.92633,3.85238,5.96056,3096.02,0.36162,0.187725,1690.43,0.117665642
113,S0885715619000228sup001_ASR_pacman,1.92633,3.85238,5.96056,3096.02,0.36162,0.187725,1690.43,0.117665642
1427,c9dt02394a2_1_FSR_pacman,1.46645,3.81267,5.32992,3955.52,0.42738,0.291439,840.58,0.117186152
1426,c9dt02394a2_1_ASR_pacman,1.46645,3.81267,5.32992,3955.52,0.42738,0.291439,840.58,0.117186152
2063,d0sc05002d2_1_FSR_pacman,1.40507,2.90209,5.35629,3947.52,0.4379,0.311658,13140.532,0.116984101
3396,ja8b07290_si_006_ion_pacman,1.39626,2.08886,4.78864,4426.28,0.44692,0.320083,2373.672,0.116886831
1164,c8dt02983k2_1_ASR_pacman,1.61384,2.51006,6.60947,4072.6,0.41624,0.25792,7692.791,0.116246597
1165,c8dt02983k2_1_FSR_pacman,1.61384,2.51006,6.60947,4072.6,0.41624,0.25792,7692.791,0.116246597
1833,d0ce00490a2_5_ion_pacman,1.65717,0.9396,1.89537,5036.47,0.29736,0.179439,973.364,0.116151299
1260,c8ta02794c2_2_FSR_pacman,1.96809,3.73243,3.95711,2938.28,0.40266,0.204594,1898.564,0.11567252
1369,c9ce01529a2_3_FSR_pacman,1.46277,3.26758,4.63564,4213.31,0.4435,0.303191,6485.632,0.115375705
1557,c9tc03698a2_FSR_pacman,2.04285,2.87735,4.47311,3106.64,0.42178,0.206466,869.656,0.114288772
1152,c8dt02329h2_FSR_pacman,1.90429,3.04972,4.07622,3069.13,0.42478,0.223065,1657.112,0.114253283
1885,d0dt00397b2_ASR_pacman,1.49262,2.2969,4.39845,4017.7,0.45886,0.307418,4408.172,0.114010546
1155,c8dt02813c2_1_FSR_pacman,1.60234,4.0232,5.38578,4043.97,0.41972,0.261942,1612.66,0.113607953
1154,c8dt02813c2_1_ASR_pacman,1.60234,4.0232,5.38578,4043.97,0.41972,0.261942,1612.66,0.113607953
2373,d2ta08934c2_6_FSR_pacman,1.64074,3.07872,5.73055,3572.48,0.41648,0.253836,3700.638,0.113380427
1792,d0cc06019d2_FSR_pacman,1.49188,2.65612,4.92113,4107.89,0.44502,0.298295,2956.494,0.113314396
2516,d3dt03363e2_1_ASR_pacman,2.28142,3.22145,3.77078,2714.2,0.33702,0.147724,4336.24,0.113217254
2517,d3dt03363e2_1_FSR_pacman,2.28142,3.22145,3.77078,2714.2,0.33702,0.147724,4336.24,0.113217254
797,c7dt01759f2_1_ASR_pacman,1.53857,4.52339,5.66463,4254.74,0.4005,0.260307,6586.236,0.11310437
798,c7dt01759f2_1_FSR_pacman,1.53857,4.52339,5.66463,4254.74,0.4005,0.260307,6586.236,0.11310437
48,41557_2017_BFnchem2718_MOESM490_ESM_ASR_pacman,2.119,2.92314,4.5924,3097.39,0.41574,0.196196,3580.432,0.11307401
49,41557_2017_BFnchem2718_MOESM490_ESM_FSR_pacman,2.119,2.92314,4.5924,3097.39,0.41574,0.196196,3580.432,0.11307401
1917,d0dt01875a2_2_FSR_pacman,1.50676,3.81004,4.92289,4254.03,0.42774,0.283881,2921.36,0.113037434
1916,d0dt01875a2_2_ASR_pacman,1.50676,3.81004,4.92289,4254.03,0.42774,0.283881,2921.36,0.113037434
42,41557_2017_BFnchem2718_MOESM487_ESM_ASR_pacman,1.85015,3.06294,4.39267,3489.03,0.4428,0.239332,1784.168,0.11279834
43,41557_2017_BFnchem2718_MOESM487_ESM_FSR_pacman,1.85015,3.06294,4.39267,3489.03,0.4428,0.239332,1784.168,0.11279834
2768,ic6b01713_si_002_2_ASR_pacman,1.57854,2.933,5.41404,3849.21,0.43138,0.273278,1797.198,0.112375847
2769,ic6b01713_si_002_2_FSR_pacman,1.57854,2.933,5.41404,3849.21,0.43138,0.273278,1797.198,0.112375847
859,c7nj01650f2_1_FSR_pacman,1.66594,3.83568,4.67332,3684.28,0.4312,0.258832,2521.448,0.111713436
428,c4dt02048k2_1_ASR_pacman,1.4363,3.43873,4.80202,4387.48,0.42616,0.296707,3798.912,0.110502156
79,41557_2017_BFnchem2747_MOESM340_ESM_ion_pacman,1.54783,2.51529,5.39695,4255.07,0.43188,0.279024,2074.676,0.110316529
3648,jp6b04690_si_004_ion_pacman,1.42608,2.46277,5.45673,4465.42,0.42024,0.294681,11085.691,0.109937396
1258,c8ta02794c2_1_FSR_pacman,1.98305,3.70878,3.96383,2915.46,0.38658,0.194942,1902.596,0.10958542
860,c7nj01650f2_2_FSR_pacman,1.64041,3.79191,4.61859,3758.83,0.432,0.263349,1821.58,0.109561737
1268,c8ta08198k2_ASR_pacman,1.62875,3.32545,3.64046,3640.31,0.45344,0.278397,545.938,0.109277089
1269,c8ta08198k2_FSR_pacman,1.62875,3.32545,3.64046,3640.31,0.45344,0.278397,545.938,0.109277089
600,c6ce02493a2_1_ASR_pacman,1.44426,3.11827,4.15211,4848.46,0.37458,0.259357,2113.612,0.109214559
1485,c9qi00543a2_FSR_pacman,1.81187,2.54447,3.87334,3024.54,0.42318,0.23356,1760.035,0.108867549
1484,c9qi00543a2_ASR_pacman,1.81187,2.54447,3.87334,3024.54,0.42318,0.23356,1760.035,0.108867549
1835,d0ce00513d2_4_FSR_pacman,1.57026,3.22242,5.33934,3768.02,0.42388,0.269942,3862.224,0.108859753
1834,d0ce00513d2_4_ASR_pacman,1.57026,3.22242,5.33934,3768.02,0.42388,0.269942,3862.224,0.108859753
1071,c8ce00860d2_FSR_pacman,1.77832,3.684,5.15283,3032.74,0.3653,0.205419,695.549,0.108698946
1070,c8ce00860d2_ASR_pacman,1.77832,3.684,5.15283,3032.74,0.3653,0.205419,695.549,0.108698946
377,am9b04619_si_006_ASR_pacman,1.76819,3.43388,4.12187,3293.79,0.42898,0.242609,1956.656,0.108654629
378,am9b04619_si_006_FSR_pacman,1.76819,3.43388,4.12187,3293.79,0.42898,0.242609,1956.656,0.108654629
2820,ja0c02594_si_002_ASR_pacman,1.93937,2.69023,4.26095,2805.07,0.3631,0.187226,1108.06,0.108653572
2821,ja0c02594_si_002_FSR_pacman,1.93937,2.69023,4.26095,2805.07,0.3631,0.187226,1108.06,0.108653572
1883,d0dt00211a2_1_ASR_pacman,1.64247,3.27646,6.02043,3411.63,0.39052,0.237764,1667.335,0.108583314
1884,d0dt00211a2_1_FSR_pacman,1.64247,3.27646,6.02043,3411.63,0.39052,0.237764,1667.335,0.108583314
1198,c8nj05701j2_2_FSR_pacman,1.82608,3.02012,4.53854,3302.64,0.4256,0.233067,3573.196,0.108237117
1199,c8nj05701j2_3_FSR_pacman,1.80985,3.03077,4.46781,3315.81,0.42762,0.236274,2357.484,0.108063379
2483,d3ce01060k2_2_FSR_pacman,1.43584,2.74321,5.29248,4035.23,0.4311,0.300243,782.482,0.10773221
1200,c8nj05701j2_4_FSR_pacman,1.73521,3.28781,4.44391,3523.28,0.43406,0.250148,2357.484,0.10753791
1567,cg050585esi20051105_115011_FSR_pacman,1.4789,3.05883,4.98888,4300.59,0.42778,0.289256,1247.216,0.107353541
1187,c8nj00494c2_4_ASR_pacman,2.28916,2.52372,4.17224,2759.32,0.33864,0.147932,1007.731,0.107313004
1188,c8nj00494c2_4_FSR_pacman,2.28916,2.52372,4.17224,2759.32,0.33864,0.147932,1007.731,0.107313004
848,c7dt04566b2_3_FSR_pacman,1.50984,2.81307,4.74145,4121.47,0.43962,0.291169,4365.132,0.107086642
2951,ja507971r_si_004_FSR_pacman,1.51664,3.52898,4.44961,3950.41,0.43688,0.288059,1262.276,0.10668598
2950,ja507971r_si_004_ASR_pacman,1.51664,3.52898,4.44961,3950.41,0.43688,0.288059,1262.276,0.10668598
1914,d0dt01875a2_1_ASR_pacman,1.51713,3.74779,4.62307,4215.73,0.4274,0.281716,2917.328,0.106591193
1915,d0dt01875a2_1_FSR_pacman,1.51713,3.74779,4.62307,4215.73,0.4274,0.281716,2917.328,0.106591193
760,c7ce01510k2_1_FSR_pacman,1.42257,2.64463,4.94534,4027.73,0.43754,0.307569,1093.384,0.10656417
759,c7ce01510k2_1_ASR_pacman,1.42257,2.64463,4.94534,4027.73,0.43754,0.307569,1093.384,0.10656417
1918,d0dt01875a2_3_ASR_pacman,1.52301,3.70579,4.68529,4185.48,0.42696,0.28034,2909.264,0.106029242
1919,d0dt01875a2_3_FSR_pacman,1.52301,3.70579,4.68529,4185.48,0.42696,0.28034,2909.264,0.106029242
2259,d2cc04241j2_ASR_pacman,1.48172,3.14913,4.28339,4366.09,0.43452,0.293254,5461.824,0.105998764
2260,d2cc04241j2_FSR_pacman,1.48172,3.14913,4.28339,4366.09,0.43452,0.293254,5461.824,0.105998764
1084,c8ce00997j2_ASR_pacman,1.54904,2.63781,5.25144,3603.32,0.42478,0.274222,2911.06,0.105628363
1692,cryst11060574_2_ASR_pacman,1.37176,2.65089,4.23085,4109.95,0.44756,0.326267,2026.892,0.105407746
784,c7dt00855d2_4_FSR_pacman,1.70407,3.86395,4.94352,3541.6,0.41274,0.242209,2092.656,0.105347966
783,c7dt00855d2_4_ASR_pacman,1.70407,3.86395,4.94352,3541.6,0.41274,0.242209,2092.656,0.105347966
1864,d0ce01209b2_2_FSR_pacman,1.45736,3.76405,5.12465,3846.76,0.41722,0.286285,73408.398,0.105176129
462,c5ce02254a2_6_ASR_pacman,1.38899,2.6636,4.74378,4270.36,0.43468,0.312947,4331.744,0.10513875
2199,d1nj04025a2_ASR_pacman,1.54192,2.76383,3.81399,4095.99,0.45362,0.294192,1902.988,0.104800166
2200,d1nj04025a2_FSR_pacman,1.54192,2.76383,3.81399,4095.99,0.45362,0.294192,1902.988,0.104800166
1332,c9ce00433e2_ASR_pacman,1.39235,2.71815,4.98064,4641.71,0.39884,0.286451,8406.176,0.104134025
1333,c9ce00433e2_FSR_pacman,1.39235,2.71815,4.98064,4641.71,0.39884,0.286451,8406.176,0.104134025
2753,ic6b00433_si_002_ion_pacman,1.49251,0.9933,3.49343,4948.2,0.35346,0.236823,1714.662,0.103915551
2319,d2qi00037g2_2_ASR_pacman,1.78826,2.99061,4.46525,3186.31,0.4124,0.230615,4026.672,0.103646117
2320,d2qi00037g2_2_FSR_pacman,1.78826,2.99061,4.46525,3186.31,0.4124,0.230615,4026.672,0.103646117
566,c6cc03026b2_1_FSR_pacman,1.28989,3.72378,4.85184,4395.45,0.4097,0.317625,1825.504,0.103567473
565,c6cc03026b2_1_ASR_pacman,1.28989,3.72378,4.85184,4395.45,0.4097,0.317625,1825.504,0.103567473
614,c6dt04630d2_FSR_pacman,2.24004,4.07978,5.55707,3071.38,0.31262,0.13956,1695.348,0.103498449
1886,d0dt00397b2_FSR_pacman,1.51531,2.2969,4.39845,4051.37,0.44692,0.294937,4480.232,0.102524477
3657,jz6b02458_si_004_23_FSR_pacman,1.35278,3.37701,4.57083,4236.76,0.42668,0.31541,351.224,0.102463316
985,c8cc01837e2_2_FSR_pacman,1.55444,2.926,4.3801,4090.19,0.43976,0.282906,6858.496,0.102035767
3558,ja9b07682_si_005_FSR_pacman,1.58625,2.49608,4.29469,3633.24,0.44274,0.279111,948.634,0.101664414
3557,ja9b07682_si_005_ASR_pacman,1.58625,2.49608,4.29469,3633.24,0.44274,0.279111,948.634,0.101664414
779,c7dt00855d2_2_ASR_pacman,2.01227,3.57964,4.61681,3019.28,0.3701,0.183921,1046.328,0.101470841
780,c7dt00855d2_2_FSR_pacman,2.01227,3.57964,4.61681,3019.28,0.3701,0.183921,1046.328,0.101470841
1217,c8qi01039k2_4_ion_pacman,1.55338,3.012,4.85237,4307.36,0.42338,0.272554,4267.02,0.101333539
599,c6ce02476a2_2_FSR_pacman,2.23614,2.70741,3.67725,2903.11,0.39388,0.176143,2316.128,0.100558081
598,c6ce02476a2_2_ASR_pacman,2.23614,2.70741,3.67725,2903.11,0.39388,0.176143,2316.128,0.100558081
1121,c8dt00439k2_3_ASR_pacman,1.68102,3.71754,4.97336,3836.44,0.41544,0.247135,3344.059,0.099568023
430,c4dt02048k2_2_ASR_pacman,1.4785,3.43436,4.68044,4276.35,0.41876,0.283233,3191.056,0.098970914
2265,d2cc04649k2_16_ASR_pacman,1.57363,2.43307,3.5093,3440.13,0.44822,0.284833,984.696,0.098630152
2266,d2cc04649k2_16_FSR_pacman,1.57363,2.43307,3.5093,3440.13,0.44822,0.284833,984.696,0.098630152
3296,ja7b13825_si_005_FSR_pacman,2.02224,4.18081,5.07641,3112.76,0.2712,0.134108,1188.293,0.098246673
1393,c9dt00391f2_2_FSR_pacman,1.50253,2.1034,4.93439,4063.02,0.43404,0.288872,2315.611,0.097953157
1392,c9dt00391f2_2_ASR_pacman,1.50253,2.1034,4.93439,4063.02,0.43404,0.288872,2315.611,0.097953157
2682,ic402692p_si_003_ion_pacman,1.56924,1.20947,2.83235,4930.01,0.34458,0.219583,3944.716,0.097343516
778,c7dt00855d2_1_FSR_pacman,1.93989,3.63082,4.37333,3067.02,0.37692,0.1943,1046.328,0.096910669
777,c7dt00855d2_1_ASR_pacman,1.93989,3.63082,4.37333,3067.02,0.37692,0.1943,1046.328,0.096910669
857,c7nj00183e2_3_ASR_pacman,1.71805,2.32205,4.59338,3620.04,0.43276,0.25189,2762.012,0.095951775
1548,c9ta09928j2_2_ASR_pacman,1.88007,3.69523,5.28532,3265.46,0.37154,0.197621,2279.768,0.095909319
1549,c9ta09928j2_2_FSR_pacman,1.88007,3.69523,5.28532,3265.46,0.37154,0.197621,2279.768,0.095909319
1085,c8ce00997j2_FSR_pacman,1.58045,2.63781,5.25144,3594.83,0.41272,0.261142,2983.12,0.095682419
818,c7dt02512b2_ion_pacman,1.70117,1.53231,4.55677,3877.2,0.44476,0.261443,6269.488,0.095381529
1423,c9dt02009h2_FSR_pacman,2.27253,2.27911,4.38546,2902.68,0.3596,0.158238,1160.7,0.094832114
601,c6ce02493a2_1_FSR_pacman,1.48948,3.11827,4.15211,4749.2,0.35764,0.240111,2185.672,0.093429489
1036,c8ce00149a2_2_ASR_pacman,1.79052,3.51628,5.72857,3801.49,0.39178,0.218808,2640.124,0.093342104
1037,c8ce00149a2_2_FSR_pacman,1.79052,3.51628,5.72857,3801.49,0.39178,0.218808,2640.124,0.093342104
3293,ja7b13825_si_003_FSR_pacman,2.00846,4.40946,5.16712,3288.12,0.25432,0.126624,1162.255,0.092602073
2573,d3qi01092a2_3_FSR_pacman,1.93406,3.33299,4.69968,3357.78,0.39996,0.206798,2012.244,0.092331514
2572,d3qi01092a2_3_ASR_pacman,1.93406,3.33299,4.69968,3357.78,0.39996,0.206798,2012.244,0.092331514
3686,sc8b03765_si_002_FSR_pacman,2.25187,2.52943,3.59626,2894.31,0.37774,0.167745,1072.296,0.092213645
1995,d0qi00947d2_1_ASR_pacman,1.58323,2.98517,3.81223,4054.72,0.43744,0.276296,1902.988,0.091362313
1996,d0qi00947d2_1_FSR_pacman,1.58323,2.98517,3.81223,4054.72,0.43744,0.276296,1902.988,0.091362313
682,c7cc06074b5_8_FSR_pacman,1.42741,2.21913,3.9425,4522.27,0.4184,0.293119,2385.514,0.091054294
681,c7cc06074b5_8_ASR_pacman,1.42741,2.21913,3.9425,4522.27,0.4184,0.293119,2385.514,0.091054294
1809,d0ce00262c2_4_FSR_pacman,1.40078,2.63426,4.01799,4624.83,0.39756,0.283813,3810.832,0.090933405
1808,d0ce00262c2_4_ASR_pacman,1.40078,2.63426,4.01799,4624.83,0.39756,0.283813,3810.832,0.090933405
2171,d1ma00111f3_5_ASR_pacman,1.56119,2.34414,3.85991,4135.65,0.44142,0.282746,1842.928,0.090838482
2172,d1ma00111f3_5_FSR_pacman,1.56119,2.34414,3.85991,4135.65,0.44142,0.282746,1842.928,0.090838482
1168,c8dt03844a2_ASR_pacman,1.62065,2.36926,4.88636,3392.74,0.40782,0.251639,1495.945,0.090459804
1169,c8dt03844a2_FSR_pacman,1.62065,2.36926,4.88636,3392.74,0.40782,0.251639,1495.945,0.090459804
429,c4dt02048k2_1_FSR_pacman,1.48917,3.23984,4.80202,4348.36,0.40282,0.270499,3943.032,0.090242611
463,c5ce02254a2_6_FSR_pacman,1.43066,2.6636,4.74378,4243.95,0.4171,0.291544,4475.864,0.090131545
2167,d1ma00111f3_2_ASR_pacman,1.55348,2.3615,3.87046,4137.9,0.4401,0.283299,3685.856,0.09005806
2168,d1ma00111f3_2_FSR_pacman,1.55348,2.3615,3.87046,4137.9,0.4401,0.283299,3685.856,0.09005806
1807,d0ce00262c2_3_FSR_pacman,1.40066,2.63845,3.99565,4622.86,0.3965,0.283081,3810.832,0.090036428
1806,d0ce00262c2_3_ASR_pacman,1.40066,2.63845,3.99565,4622.86,0.3965,0.283081,3810.832,0.090036428
5,10876_2019_1683_MOESM2_ESM_2_ASR_pacman,1.41817,3.52505,4.1124,4046.09,0.42196,0.297538,2677.384,0.089461169
1,10853_2020_5211_MOESM2_ESM_ASR_pacman,2.16974,3.05972,4.66272,3049.65,0.35642,0.164269,1363.282,0.089280987
2192,d1ma00111f6_5_FSR_pacman,1.56851,2.66732,3.91124,4070.7,0.43498,0.277321,1806.64,0.087708308
2191,d1ma00111f6_5_ASR_pacman,1.56851,2.66732,3.91124,4070.7,0.43498,0.277321,1806.64,0.087708308
2123,d1cc05893b2_2_FSR_pacman,1.89187,2.43477,5.9715,3293.59,0.35752,0.188977,29181.418,0.087464281
2122,d1cc05893b2_2_ASR_pacman,1.89187,2.43477,5.9715,3293.59,0.35752,0.188977,29181.418,0.087464281
1242,c8ra09777a2_FSR_pacman,1.46159,2.88053,3.67817,4541.16,0.40694,0.278424,3302.134,0.087437829
980,c8cc01561a2_ASR_pacman,1.7628,3.7571,5.1931,3590.85,0.38506,0.218436,7288.548,0.087102191
981,c8cc01561a2_FSR_pacman,1.7628,3.7571,5.1931,3590.85,0.38506,0.218436,7288.548,0.087102191
628,c6ra25319a2_ASR_pacman,1.42157,3.01685,3.84531,4179.69,0.42616,0.299781,808.52,0.085954299
1998,d0qi00947d2_2_FSR_pacman,1.58546,2.53155,3.85975,4092.13,0.43498,0.274355,1842.928,0.085928599
1997,d0qi00947d2_2_ASR_pacman,1.58546,2.53155,3.85975,4092.13,0.43498,0.274355,1842.928,0.085928599
2186,d1ma00111f5_5_FSR_pacman,1.56457,2.38555,3.88027,4140.45,0.4341,0.277456,3685.856,0.085215206
2185,d1ma00111f5_5_ASR_pacman,1.56457,2.38555,3.88027,4140.45,0.4341,0.277456,3685.856,0.085215206
1524,c9sc03348c4_2_FSR_pacman,1.61247,3.06538,5.13242,3730.51,0.40034,0.248277,2926.232,0.084929308
862,c7nj01650f2_3_FSR_pacman,1.72686,2.88778,4.74509,3437.8,0.39994,0.2316,3354.92,0.084866961
861,c7nj01650f2_3_ASR_pacman,1.72686,2.88778,4.74509,3437.8,0.39994,0.2316,3354.92,0.084866961
858,c7nj00183e2_3_FSR_pacman,1.75188,2.32205,4.59338,3628.68,0.41924,0.239309,2826.008,0.083990026
2181,d1ma00111f5_1_ASR_pacman,1.57433,2.34496,3.864,4087.49,0.43396,0.275647,3685.856,0.083334349
2182,d1ma00111f5_1_FSR_pacman,1.57433,2.34496,3.864,4087.49,0.43396,0.275647,3685.856,0.083334349
3658,jz6b02458_si_004_26_FSR_pacman,1.40953,3.48002,4.41293,4029.87,0.40876,0.289996,353.24,0.083167284
431,c4dt02048k2_2_FSR_pacman,1.53209,3.431,4.68044,4214.36,0.3966,0.258863,3335.176,0.0814304
747,c7ce01216k2_7_ion_pacman,1.47905,1.18154,3.01904,4814.11,0.33992,0.229823,2696.012,0.081389106
1862,d0ce01201g2_3_FSR_pacman,1.53075,2.54829,5.30939,3939.57,0.40062,0.261716,8881.64,0.081003074
1861,d0ce01201g2_3_ASR_pacman,1.53075,2.54829,5.30939,3939.57,0.40062,0.261716,8881.64,0.081003074
952,c7ta11158d2_ion_pacman,1.5137,1.13026,2.2564,4833.76,0.35156,0.232253,3975.48,0.080968171
864,c7nj01650f2_4_FSR_pacman,1.7088,2.91389,4.3914,3463.24,0.40422,0.236552,4466.16,0.080792202
863,c7nj01650f2_4_ASR_pacman,1.7088,2.91389,4.3914,3463.24,0.40422,0.236552,4466.16,0.080792202
1607,cg800945m_si_002_FSR_pacman,1.51234,2.63399,4.81612,4237.19,0.4024,0.266077,8900.832,0.079953202
2189,d1ma00111f6_4_ASR_pacman,1.60306,2.38315,3.86783,4009.07,0.4308,0.268736,1842.928,0.079741923
2190,d1ma00111f6_4_FSR_pacman,1.60306,2.38315,3.86783,4009.07,0.4308,0.268736,1842.928,0.079741923
1275,c8ta11596f2_FSR_pacman,1.81669,3.08404,3.62622,3082.92,0.3748,0.206309,1300.02,0.077971881
1274,c8ta11596f2_ASR_pacman,1.81669,3.08404,3.62622,3082.92,0.3748,0.206309,1300.02,0.077971881
2175,d1ma00111f3_7_ASR_pacman,1.58983,2.32491,3.85761,4114.9,0.4273,0.268771,3685.856,0.077968179
2176,d1ma00111f3_7_FSR_pacman,1.58983,2.32491,3.85761,4114.9,0.4273,0.268771,3685.856,0.077968179
2183,d1ma00111f5_2_ASR_pacman,1.58933,2.46055,3.8916,4092.02,0.42562,0.267798,1842.928,0.077834658
2184,d1ma00111f5_2_FSR_pacman,1.58933,2.46055,3.8916,4092.02,0.42562,0.267798,1842.928,0.077834658
2574,d3qi01092a2_4_FSR_pacman,1.85374,3.31189,4.67632,3624.5,0.39492,0.21304,1948.248,0.077624034
466,c5dt00281h2_1_ASR_pacman,1.78541,3.15219,3.77415,3367.25,0.4047,0.22667,808.467,0.077571763
467,c5dt00281h2_1_FSR_pacman,1.78541,3.15219,3.77415,3367.25,0.4047,0.22667,808.467,0.077571763
1693,cryst11060574_2_FSR_pacman,1.45838,2.42871,4.23085,4110.75,0.41632,0.285467,2154.884,0.076138829
2145,d1dt01953h2_FSR_pacman,1.64514,3.61218,4.99314,3770.79,0.38144,0.231859,2354.064,0.07551552
2180,d1ma00111f4_2_FSR_pacman,1.61597,2.44826,3.85087,4065.47,0.42432,0.26258,1842.928,0.075466551
2179,d1ma00111f4_2_ASR_pacman,1.61597,2.44826,3.85087,4065.47,0.42432,0.26258,1842.928,0.075466551
2304,d2dt03230a2_ion_pacman,1.81193,2.85915,3.63439,3244.4,0.39824,0.219787,1316.858,0.075300263
1183,c8nj00494c2_1_ASR_pacman,1.737,2.48835,4.00371,3809.6,0.42192,0.242902,1137.832,0.074602074
1184,c8nj00494c2_1_FSR_pacman,1.737,2.48835,4.00371,3809.6,0.42192,0.242902,1137.832,0.074602074
1571,cg200120p_si_002_ASR_pacman,1.47114,2.22862,4.20392,4402.71,0.39968,0.27168,6543.948,0.074499425
7,10876_2020_1786_MOESM2_ESM_ASR_pacman,1.60014,2.57396,4.04136,3953.06,0.41952,0.262177,4397.088,0.074397647
8,10876_2020_1786_MOESM2_ESM_FSR_pacman,1.60014,2.57396,4.04136,3953.06,0.41952,0.262177,4397.088,0.074397647
2170,d1ma00111f3_4_FSR_pacman,1.60632,2.34235,3.86367,4101.46,0.42126,0.262252,3685.856,0.072998243
2169,d1ma00111f3_4_ASR_pacman,1.60632,2.34235,3.86367,4101.46,0.42126,0.262252,3685.856,0.072998243
2178,d1ma00111f3_8_FSR_pacman,1.60398,2.26112,3.83935,4107.6,0.4224,0.263345,3685.856,0.072978074
2177,d1ma00111f3_8_ASR_pacman,1.60398,2.26112,3.83935,4107.6,0.4224,0.263345,3685.856,0.072978074
2187,d1ma00111f6_3_ASR_pacman,1.53409,2.23479,3.91459,4145.86,0.41942,0.2734,1842.928,0.072740038
2188,d1ma00111f6_3_FSR_pacman,1.53409,2.23479,3.91459,4145.86,0.41942,0.2734,1842.928,0.072740038
1606,cg800945m_si_002_ASR_pacman,1.51032,2.59112,4.75911,4356.28,0.38276,0.253429,8964.828,0.072534616
2,10853_2020_5211_MOESM2_ESM_FSR_pacman,2.19713,3.01004,3.93796,3080.84,0.34412,0.156622,1395.28,0.07208526
2173,d1ma00111f3_6_ASR_pacman,1.6094,2.33757,3.86469,4096.64,0.41914,0.260432,3685.856,0.071197712
2174,d1ma00111f3_6_FSR_pacman,1.6094,2.33757,3.86469,4096.64,0.41914,0.260432,3685.856,0.071197712
1374,c9ce01757g2_3_ASR_pacman,1.6855,3.24732,4.77986,3620.39,0.3818,0.22652,1511.974,0.070967055
1375,c9ce01757g2_3_FSR_pacman,1.6855,3.24732,4.77986,3620.39,0.3818,0.22652,1511.974,0.070967055
2621,d3ta01574b2_1_FSR_pacman,1.68259,3.09097,4.07395,3910.65,0.40748,0.242175,2764.008,0.070608664
2620,d3ta01574b2_1_ASR_pacman,1.68259,3.09097,4.07395,3910.65,0.40748,0.242175,2764.008,0.070608664
2742,ic5b02786_si_002_3_ASR_pacman,1.53011,3.40419,4.4156,3369.22,0.36704,0.239878,3697.132,0.070205459
244,am0c03139_si_002_FSR_pacman,1.56351,2.88596,4.10319,3542.7,0.39962,0.255592,2689.872,0.069812984
629,c6ra25319a2_FSR_pacman,1.47769,3.01685,3.84531,4169.53,0.40424,0.273562,844.55,0.069170797
416,an9b01740_si_002_FSR_pacman,2.04865,2.77465,4.76417,3406.45,0.37346,0.182296,1963.038,0.06910104
822,c7dt02800h2_3_ion_pacman,1.51855,1.30531,2.85036,4680.54,0.37134,0.244535,8595.6,0.06860342
2043,d0sc03383a2_5_ion_pacman,1.41992,1.8263,3.48499,3928.35,0.42814,0.301524,1500.484,0.067170542
6,10876_2019_1683_MOESM2_ESM_2_FSR_pacman,1.45561,2.55504,4.12056,4078.34,0.40552,0.27859,2749.444,0.067119916
1470,c9nj02025j2_FSR_pacman,1.66216,2.10386,4.15128,4169.27,0.4078,0.245343,10602.52,0.066693082
365,am8b20450_si_004_FSR_pacman,1.54853,2.84078,4.99336,4002.93,0.38168,0.246479,6603.192,0.066613968
1572,cg200120p_si_002_FSR_pacman,1.50105,2.22862,4.20392,4351.69,0.38948,0.259471,6688.068,0.065715763
437,c5cc01886b2_1_ASR_pacman,1.82446,2.3593,4.14072,3770.16,0.40774,0.223485,1470.828,0.064609624
1387,c9ce02006c2_5_FSR_pacman,1.56621,2.8867,4.70731,4152.19,0.37774,0.241182,3517.644,0.063379212
114,S0885715619000228sup001_FSR_pacman,2.0028,3.63179,4.33413,3292.3,0.32308,0.161314,1786.424,0.063328762
317,am8b02015_si_008_FSR_pacman,2.0028,3.63179,4.33413,3292.31,0.32308,0.161314,1786.424,0.063328057
728,c7ce00535k2_FSR_pacman,1.66617,3.41736,5.00535,3724.92,0.35886,0.21538,944.718,0.062526503
1185,c8nj00494c2_2_ASR_pacman,1.81893,2.67804,4.06948,3553.74,0.39318,0.21616,1030.87,0.061624396
1186,c8nj00494c2_2_FSR_pacman,1.81893,2.67804,4.06948,3553.74,0.39318,0.21616,1030.87,0.061624396
3230,ja7b04542_si_003_FSR_pacman,1.51431,3.21461,4.47681,4264.18,0.36388,0.240295,3097.147,0.061588088
3229,ja7b04542_si_003_ASR_pacman,1.51431,3.21461,4.47681,4264.18,0.36388,0.240295,3097.147,0.061588088
118,S0885715619000228sup003_FSR_pacman,1.63384,3.64744,4.39392,4037.07,0.37194,0.227648,1726.284,0.061288661
313,am8b02015_si_004_FSR_pacman,1.63384,3.64744,4.39392,4037.07,0.37194,0.227648,1726.284,0.061288661
1445,c9dt03714d2_2_FSR_pacman,1.68673,2.56559,3.60614,4036.79,0.40662,0.24107,6088.52,0.05896973
1444,c9dt03714d2_2_ASR_pacman,1.68673,2.56559,3.60614,4036.79,0.40662,0.24107,6088.52,0.05896973
2418,d3ce00405h2_2_ion_pacman,1.80187,1.40522,5.60621,3826.89,0.37064,0.205697,3075.271,0.057900285
1122,c8dt00439k2_3_FSR_pacman,1.74298,3.16336,4.29833,3953.05,0.38054,0.218328,3490.249,0.057516235
1372,c9ce01757g2_2_ASR_pacman,1.70579,3.34557,4.40541,3684.1,0.36836,0.215947,1482.997,0.056966596
1373,c9ce01757g2_2_FSR_pacman,1.70579,3.34557,4.40541,3684.1,0.36836,0.215947,1482.997,0.056966596
1859,d0ce01172j2_3_ASR_pacman,1.60955,2.84642,4.0711,3891.42,0.38608,0.239868,1299.138,0.053962005
1860,d0ce01172j2_3_FSR_pacman,1.60955,2.84642,4.0711,3891.42,0.38608,0.239868,1299.138,0.053962005
827,c7dt03363j2_1_FSR_pacman,1.78277,3.01207,4.56925,3929.77,0.36884,0.206891,1740.818,0.053784844
438,c5cc01886b2_1_FSR_pacman,1.86249,2.3593,4.14072,3817.72,0.38958,0.209171,1502.826,0.051803288
608,c6dt04165e2_1_ion_pacman,1.85563,2.3047,4.46813,4074.97,0.37664,0.202971,13029.579,0.051231781
2638,d3ta05353a2_3_ion_pacman,2.08054,0.99343,1.50313,3609.1,0.21,0.100935,328.158,0.051009826
611,c6dt04165e2_ion_pacman,1.85561,2.30481,4.46814,4074.91,0.37582,0.202532,4342.521,0.050825925
1526,c9sc03348c4_3_FSR_pacman,1.71507,3.90118,4.34326,3817.06,0.34166,0.199211,3574.968,0.050617927
1525,c9sc03348c4_3_ASR_pacman,1.71507,3.90118,4.34326,3817.06,0.34166,0.199211,3574.968,0.050617927
732,c7ce00715a2_3_FSR_pacman,1.86732,2.67602,3.85257,3747.47,0.38742,0.207474,1195.78,0.049833719
731,c7ce00715a2_3_ASR_pacman,1.86732,2.67602,3.85257,3747.47,0.38742,0.207474,1195.78,0.049833719
733,c7ce00715a2_4_ASR_pacman,1.86732,2.61057,3.85112,3750.26,0.38734,0.207431,1195.78,0.049073295
734,c7ce00715a2_4_FSR_pacman,1.86732,2.61057,3.85112,3750.26,0.38734,0.207431,1195.78,0.049073295
2743,ic5b02786_si_002_3_FSR_pacman,1.61722,2.85339,4.18836,3401.25,0.33422,0.206663,3913.312,0.048490336
35,41467_2015_BFncomms7350_MOESM943_ESM_5_FSR_pacman,2.074,2.30133,3.04864,3387.28,0.37726,0.1819,4991.222,0.041126135
34,41467_2015_BFncomms7350_MOESM943_ESM_5_ASR_pacman,2.074,2.30133,3.04864,3387.28,0.37726,0.1819,4991.222,0.041126135
1095,c8ce01371c2_2_ASR_pacman,1.83204,2.40979,3.88591,3644.15,0.36222,0.197714,1249.74,0.037355599
865,c7nj02651j2_3_ion_pacman,1.71143,1.96953,4.06649,4259.26,0.32778,0.191524,1798.12,0.037309982
821,c7dt02582c2_3_FSR_pacman,2.27906,2.61254,4.00532,3526.76,0.2908,0.127596,2589.472,0.036895924
820,c7dt02582c2_3_ASR_pacman,2.27906,2.61254,4.00532,3526.76,0.2908,0.127596,2589.472,0.036895924
2209,d1qi01079d2_ion_pacman,1.74256,2.19222,3.67528,4151.53,0.36228,0.2079,2966.044,0.036360081
1410,c9dt01430f2_1_FSR_pacman,1.72891,2.86874,3.9853,3635.97,0.33198,0.192016,2039.968,0.035012773
1409,c9dt01430f2_1_ASR_pacman,1.72891,2.86874,3.9853,3635.97,0.33198,0.192016,2039.968,0.035012773
2938,ja500618z_si_009_ion_pacman,2.02965,0.66006,1.82727,4185.83,0.24666,0.121528,992.372,0.033872267
729,c7ce00715a2_2_ASR_pacman,1.90571,2.27583,3.76273,3751.4,0.3657,0.191897,1195.78,0.033628121
730,c7ce00715a2_2_FSR_pacman,1.90571,2.27583,3.76273,3751.4,0.3657,0.191897,1195.78,0.033628121
2939,ja500618z_si_010_ion_pacman,2.02623,0.68391,1.84142,4181.08,0.24756,0.122178,992.372,0.033101777
1404,c9dt00970a2_1_FSR_pacman,2.15818,2.33529,2.99668,3549.8,0.26312,0.121918,1326.828,0.032252187
2941,ja500618z_si_012_ion_pacman,2.02182,0.69175,1.83341,4186.99,0.24978,0.123542,992.372,0.032103124
2940,ja500618z_si_011_ion_pacman,2.02457,0.68111,1.829,4181.67,0.24966,0.123315,992.372,0.03180446
1096,c8ce01371c2_2_FSR_pacman,1.87228,2.40979,3.94289,3655.13,0.34232,0.182836,1285.77,0.03151357
2942,ja500618z_si_013_ion_pacman,2.01745,0.69082,1.80014,4205.35,0.25346,0.125634,992.372,0.031002758
1167,c8dt03050b2_2_ion_pacman,2.18084,1.28915,2.83916,3243.42,0.31324,0.143633,3905.23,0.030627316
2497,d3dt00579h2_1_ion_pacman,2.30093,0.86354,1.82216,3279.4,0.27332,0.118787,2423.774,0.028845622
1405,c9dt00970a2_2_ASR_pacman,1.93662,2.50151,3.52275,3753.55,0.33876,0.174923,1286.766,0.024116206
1406,c9dt00970a2_2_FSR_pacman,2.03281,2.50151,3.52275,3702,0.2974,0.1463,1358.826,0.023966432
819,c7dt02564e2_2_FSR_pacman,1.76141,2.62079,2.96745,3718.81,0.35748,0.202952,784.456,0.023903532
1166,c8dt03050b2_1_ion_pacman,2.04115,1.31442,3.35663,3469.09,0.32724,0.160321,3845.51,0.020771861
1403,c9dt00970a2_1_ASR_pacman,2.05157,2.33529,2.99668,3622.26,0.30794,0.1501,1254.768,0.017568494
412,an9b01088_si_002_FSR_pacman,1.8287,2.34353,2.98011,3924.47,0.3383,0.184995,2856,0.016809012
411,an9b01088_si_002_ASR_pacman,1.8287,2.34353,2.98011,3924.47,0.3383,0.184995,2856,0.016809012
849,c7dt04566b2_4_ion_pacman,1.90466,1.08488,2.48097,4179.53,0.2949,0.154831,6390.216,0.016632189
1153,c8dt02430h2_ion_pacman,1.83739,1.03393,3.54748,4001.09,0.308,0.167629,1670.998,0.01546257
1573,cg200332y_si_002_ion_pacman,1.92192,1.0777,2.82647,4017.88,0.31776,0.165335,586.258,0.008384325
1877,d0ce01545h2_1_ion_pacman,1.98217,1.4393,2.68679,3777.68,0.33602,0.169521,2350.02,0.006062004
3290,ja7b10565_si_013_ion_pacman,2.20399,1.01015,2.43019,3799.85,0.32776,0.148712,3485.696,0.000607454
