Serial,Name,Density,PLD,LCD,GSA,Void_Fraction,Pore_Volume,UnitCell_MW_g_mol,score_core,label_core
1284,2023[Zn][nan]3[ASR]13,1.51073,2.30931,4.46718,4462.1,0.4088,0.270597,2909.34,0.2021105741988123,-1
47,2008[Co][sql]2[ASR]1,1.5197,2.42717,4.78145,4256.24,0.3961,0.260643,2113.08,0.20200474895702158,-1
1157,2022[Co][gra]3[ASR]1,1.29727,2.17637,5.07114,4526.67,0.4473,0.3448,3940.42,0.2011608323045353,-1
1312,2024[Cu][pcu]3[ASR]2,1.42371,2.33203,4.03129,4418.23,0.4097,0.287768,5405.472,0.20067811129099966,-1
163,2015[Pr][hcb]2[ASR]1,1.51409,2.32829,4.47729,4280.67,0.4114,0.271715,3479.512,0.2004248106188642,-1
481,2018[Co][flu]3[ASR]1,1.35477,2.80323,4.4469,4347.99,0.4299,0.317323,916.598,0.19989587216243043,-1
1283,2023[Zn][nan]3[ASR]12,1.49396,3.25741,4.90141,4405.24,0.4139,0.277049,3293.476,0.19842772317017232,-1
236,2016[Co][sql]2[ASR]4,1.46846,3.14529,4.81235,4439.71,0.3852,0.262316,964.704,0.1977881024889716,-1
224,2016[Co][sql]2[ASR]21,1.36322,3.01481,4.29817,4294.29,0.4195,0.307726,335.225,0.1976719824433124,-1
31,2004[Cu][mog]3[ASR]2,1.38697,2.64467,4.89477,4492.29,0.4501,0.32452,5687.616,0.1974951922233923,-1
317,2017[CoFe][nan]2[ASR]1,1.35961,3.02238,4.56264,4437.54,0.4426,0.325534,7794.528,0.19623434156227737,-1
1241,2023[Eu][mog]3[ASR]1,1.49898,2.63463,5.13688,4078.23,0.4154,0.277123,1306.876,0.1961398154805052,-1
272,2016[Zn][nan]2[ASR]1,1.55981,2.28398,3.76708,4467.36,0.3968,0.25439,1398.524,0.19612310488054296,-1
1153,2022[Cd][sql]2[ASR]1,1.33111,2.36851,5.68434,4557.86,0.4663,0.35031,1237.776,0.1961195123542081,-1
1144,2021[Zn][tfz]3[ASR]1,1.2956,3.47141,6.98314,4522.24,0.471,0.363539,3381.066,0.19604100078167241,-1
334,2017[Co][pcu]3[ASR]2,1.36161,2.5634,4.11424,4276.16,0.4324,0.317565,3145.952,0.19525933549269814,-1
851,2020[CuSi][pcu]2[ASR]2,1.40902,2.27821,3.71461,4546.63,0.4184,0.296944,1196.028,0.19447699151592412,-1
1028,2021[Cd][pcu]3[ASR]3,1.44002,2.86341,5.2984,4270.74,0.4605,0.319788,4102.144,0.19442557802972527,-1
221,2016[Co][sql]2[ASR]19,1.32951,3.2418,4.26185,4379.43,0.4328,0.325532,335.225,0.194388653074425,-1
401,2017[PdFe][sql]2[ASR]1,1.49245,2.98008,4.46175,4580.51,0.4036,0.270428,4034.392,0.19425923482950647,-1
471,2018[Cd][nan]3[ASR]5,1.33995,3.6545,5.99886,4356.18,0.4668,0.348371,1474.2,0.1942411615289268,-1
817,2020[Co][hex]3[ASR]1,1.29389,3.73957,5.52498,4396.47,0.4573,0.35343,1746.045,0.1937239890585436,-1
1311,2024[Cu][pcu]3[ASR]1,1.43071,2.66571,3.65033,4441.02,0.4185,0.292512,2702.736,0.19371598085696795,-1
643,2019[Cu][sql]2[ASR]2,1.35179,2.72311,4.90648,4692.81,0.4254,0.314693,1252.08,0.19339570155972363,-1
695,2019[Mn][fsc]3[ASR]1,1.29793,3.12646,4.44247,4568.25,0.4371,0.336766,856.572,0.19338180723070586,-1
402,2017[PdFe][sql]2[ASR]2,1.48934,3.01708,4.37433,4596.57,0.402,0.269919,4034.392,0.19244174198181585,-1
1336,2024[Zn][bnn]3[ASR]1,1.32296,3.07198,4.63543,4350.22,0.4568,0.345287,765.36,0.19235245486908714,-1
503,2018[Cu][nan]3[ASR]7,1.53594,3.17778,4.3312,4240.48,0.4091,0.266351,1391.092,0.1922274970943192,-1
502,2018[Cu][nan]3[ASR]6,1.5408,3.17251,4.34342,4228.16,0.4071,0.264213,1391.092,0.19198796491101522,-1
1021,2021[Cd][hcb]2[ASR]1,1.27175,3.56763,7.27924,4446.33,0.4909,0.386004,1582.288,0.19191198917791863,-1
584,2019[Cd][sql]2[ASR]2,1.42845,3.57123,5.17907,4540.5,0.436,0.305226,1189.732,0.19188878439389834,-1
737,2019[Zn][dia]3[ASR]2,1.37884,2.93609,4.07211,4591.63,0.4248,0.308086,921.508,0.19174917906531097,-1
987,2020[Zn][nan]3[ASR]4,1.3228,2.45694,5.14255,4644.62,0.4579,0.34616,4719.052,0.19171039821760294,-1
1330,2024[Ni][sql]2[ASR]2,1.32559,2.34605,3.40263,4530.19,0.4229,0.319028,943.998,0.1916426613687927,-1
227,2016[Co][sql]2[ASR]24,1.39895,2.95132,4.17733,4144.4,0.4141,0.296007,335.225,0.19162253299118914,-1
220,2016[Co][sql]2[ASR]18,1.30898,3.39461,4.34865,4379.49,0.442,0.337669,335.225,0.19159248110174887,-1
1023,2021[Cd][nan]2[ASR]1,1.39413,2.39684,4.50498,4697.96,0.4226,0.303127,2575.944,0.19159045409274733,-1
303,2017[Cd][lon]3[ASR]1,1.2961,2.48236,5.38434,4475.58,0.4783,0.369031,2399.54,0.19139892858515717,-1
209,2016[Co][pts]3[ASR]5,1.28355,3.40775,4.15657,4504.1,0.431,0.335787,590.422,0.19106407264037562,-1
501,2018[Cu][nan]3[ASR]5,1.54591,3.17931,4.33299,4206.9,0.3988,0.25797,1391.092,0.19100712246641693,-1
704,2019[Ni][gra]3[ASR]1,1.30537,3.29005,5.3404,4554.66,0.4655,0.356603,3960.904,0.1906952873867691,-1
637,2019[Cu][pcu]3[ASR]3,1.62879,2.75437,4.62631,4136.71,0.3795,0.232996,5199.252,0.19037784728335194,-1
963,2020[Zn][bey]2[ASR]2,1.41658,2.88512,4.82527,4287.0,0.4619,0.326066,2352.632,0.1903315521800817,-1
332,2017[Co][nan]3[ASR]9,1.30886,2.57953,5.76378,4768.4,0.3999,0.305532,2278.941,0.1900144817201268,-1
873,2020[Cu][rob]3[ASR]1,1.50997,3.74703,4.7834,4403.96,0.4174,0.276429,1086.956,0.1896708123531392,-1
225,2016[Co][sql]2[ASR]22,1.37912,3.19006,4.44001,4100.43,0.4254,0.308458,335.225,0.18924954010470785,-1
218,2016[Co][sql]2[ASR]16,1.26836,3.46952,4.66991,4450.76,0.4582,0.361255,335.225,0.1891295712244716,-1
499,2018[Cu][nan]3[ASR]3,1.57622,2.91489,4.16062,4152.83,0.3936,0.249711,1391.092,0.18910760865352771,-1
228,2016[Co][sql]2[ASR]25,1.41979,2.83454,3.89254,4130.7,0.4041,0.284619,335.225,0.1891068550887507,-1
498,2018[Cu][nan]3[ASR]2,1.56704,3.00148,4.14659,4164.4,0.397,0.253343,1391.092,0.18903226131277684,-1
395,2017[Ni][hms]3[ASR]1,1.52424,2.34169,3.06322,4478.67,0.3773,0.247534,2531.988,0.18883031414508533,-1
500,2018[Cu][nan]3[ASR]4,1.56798,3.0153,4.15698,4158.16,0.3974,0.253448,1391.092,0.18870175467500983,-1
223,2016[Co][sql]2[ASR]20,1.33765,3.48002,4.41293,4224.48,0.4398,0.328786,335.225,0.18867967639486416,-1
1148,2022[Cd][fes]2[ASR]1,1.52682,2.89129,4.35154,4179.58,0.4361,0.285626,1776.86,0.18854883400897804,-1
854,2020[Cu][ant]2[ASR]1,1.42679,3.82441,4.6449,4474.73,0.4114,0.288339,975.876,0.18836605065915424,-1
451,2017[Zn][sql]3[ASR]2,1.27769,3.09213,5.81954,4559.91,0.4835,0.378416,2333.438,0.1880219986595062,-1
1306,2024[Co][pcu]3[ASR]1,1.26962,3.52253,5.1316,4658.96,0.442,0.348136,2053.5,0.1878518664557831,-1
818,2020[Co][hxl]2[ASR]1,1.33738,2.96153,4.3442,4237.58,0.4551,0.340293,1930.954,0.1877647558361093,-1
542,2018[Zn][sql]2[ASR]2,1.3331,3.29028,4.88143,4592.87,0.4589,0.344236,977.598,0.18701827012219185,-1
1295,2024[Cd][nan]2[ASR]4,1.37981,4.02325,5.48967,4334.85,0.4582,0.332075,4614.776,0.18696929627755887,-1
684,2019[La][scu]3[ASR]1,1.445,2.93319,4.54141,4043.9,0.4338,0.300208,1392.798,0.1864173942669698,-1
570,2019[Cd][hcb]2[ASR]3,1.38089,2.81906,4.90778,4480.28,0.4759,0.344634,1963.016,0.18591615499558434,-1
1313,2024[Cu][sql]2[ASR]1,1.2818,3.18367,4.67375,4616.62,0.4591,0.358168,1535.4,0.18580041873262454,-1
758,2019[Zn][pcu]3[ASR]6,1.28945,3.27614,4.24148,4471.97,0.4587,0.355732,2973.416,0.1855746411059671,-1
33,2006[Cu][pcu]3[ASR]1,1.36492,3.10635,4.88164,4735.76,0.4237,0.310422,1247.216,0.18556245798435822,-1
1228,2023[Co][nan]2[ASR]1,1.43846,3.21043,4.70502,4663.19,0.3809,0.264798,1817.23,0.18548842897200912,-1
797,2020[Cd][kgd]2[ASR]3,1.31121,4.01438,6.74587,4242.38,0.4925,0.375606,2796.548,0.18530495356062238,-1
967,2020[Zn][fsc]3[ASR]1,1.31486,2.42402,3.98072,4636.97,0.4497,0.342014,2171.248,0.18508493682974403,-1
244,2016[Cu][nan]2[ASR]1,1.63875,2.62588,3.52917,4204.07,0.4068,0.248238,1600.196,0.18506477687390288,-1
927,2020[Mn][nan]3[ASR]1,1.2077,3.22907,4.93668,4446.36,0.4815,0.398692,2749.684,0.18447488920817157,-1
254,2016[La][sql]2[ASR]1,1.38344,3.15211,4.64894,4185.07,0.463,0.334672,2357.216,0.18442141285324198,-1
546,2018[Zn][vtx]3[ASR]1,1.43499,2.13544,2.88068,4398.58,0.4224,0.294357,3125.43,0.1842559721496726,-1
590,2019[Ce][scu]3[ASR]1,1.44395,2.98094,4.48703,4050.39,0.442,0.306104,1114.988,0.1838638261487242,-1
578,2019[Cd][nan]3[ASR]4,1.50984,3.27191,4.68432,4084.06,0.4438,0.293938,1816.874,0.18364895328931996,-1
622,2019[Cu][gra]3[ASR]1,1.57483,3.51527,3.87876,4295.19,0.4129,0.262188,1599.544,0.18343310893812115,-1
204,2016[Co][ant]3[ASR]1,1.24631,3.49219,5.03354,4521.85,0.4772,0.38289,4382.668,0.1831409105145716,-1
601,2019[Co][nan]2[ASR]1,1.2779,2.86275,5.09885,4152.28,0.4805,0.376008,1260.632,0.18311401859135845,-1
1217,2023[Cd][dia]3[ASR]2,1.4381,2.73752,4.17074,4744.84,0.404,0.280926,2772.072,0.18304623499565786,-1
219,2016[Co][sql]2[ASR]17,1.27853,3.56419,4.30982,4368.8,0.4613,0.360804,335.225,0.1828354298047874,-1
10,0000[Co][sql]2[ASR]2,1.2454,3.77985,4.61629,4490.69,0.4612,0.370322,335.225,0.18275788990680208,-1
576,2019[Cd][nan]2[ASR]2,1.26251,2.98467,5.92297,4779.65,0.4559,0.361106,3244.596,0.18273289197896259,-1
852,2020[CuSi][pcu]3[ASR]1,1.37362,2.77656,3.76701,4569.74,0.4513,0.328547,1196.028,0.18269340167679693,-1
212,2016[Co][sql]2[ASR]10,1.24368,3.47625,4.4854,4568.85,0.463,0.372284,335.225,0.18208834657372308,-1
273,2016[Zn][nan]2[ASR]2,1.53087,4.41841,6.08351,4306.27,0.4252,0.277751,4881.34,0.18207959419425257,-1
241,2016[Co][sql]2[ASR]9,1.23984,3.53303,4.5278,4556.33,0.4641,0.374321,335.225,0.18197409474933646,-1
771,2019[Zn][tfz]3[ASR]1,1.27922,3.89874,6.8271,4199.29,0.5055,0.395163,2528.668,0.18169586346928557,-1
945,2020[Tb][hcb]2[ASR]1,1.3838,4.07019,5.71864,4630.72,0.4355,0.314714,4699.848,0.18169049210303934,-1
216,2016[Co][sql]2[ASR]14,1.24876,3.75144,4.57518,4392.99,0.4678,0.37461,335.225,0.18137246926497164,-1
843,2020[Co][rob]3[ASR]1,1.18713,3.38724,5.62438,4706.16,0.471,0.396754,2165.54,0.1812474555434873,-1
310,2017[Cd][sql]2[ASR]1,1.35224,3.38803,4.34287,4660.95,0.4437,0.328123,4935.36,0.18110213475852555,-1
314,2017[Cd][sql]2[ASR]5,1.28843,3.87041,5.28806,4361.72,0.4813,0.373556,3764.48,0.18109230239629093,-1
1031,2021[Cd][sql]2[ASR]1,1.44416,2.55192,3.93642,4252.31,0.458,0.317139,3653.92,0.18098713601398408,-1
358,2017[Cu][rob]3[ASR]1,1.46806,4.10393,4.94656,4542.55,0.4101,0.279349,1143.064,0.18091042275517677,-1
279,2017[Ag][dia]3[ASR]1,1.37041,3.54801,4.58322,4301.32,0.4688,0.342088,4677.496,0.18076629079715367,-1
58,2011[Zn][rob]3[ASR]2,1.2762,2.91819,4.62786,4561.68,0.4789,0.375254,3197.496,0.18066537237147973,-1
302,2017[Cd][kgd]2[ASR]4,1.65857,3.00289,3.60229,4157.89,0.3841,0.231585,945.47,0.18065701289615466,-1
1281,2023[Zn][nan]3[ASR]10,1.40463,3.41668,5.99546,4162.1,0.4948,0.352264,2861.812,0.18019216729081067,-1
311,2017[Cd][sql]2[ASR]2,1.32725,3.37778,4.16728,4638.08,0.4483,0.337765,4935.36,0.1801582989951096,-1
660,2019[Eu][nan]3[ASR]4,1.38038,3.10195,6.45419,3892.08,0.4891,0.354321,6872.324,0.18009330678141788,-1
661,2019[Eu][nan]3[ASR]5,1.38038,3.10195,6.45419,3892.05,0.4891,0.354321,6872.324,0.1800922237030902,-1
720,2019[Tb][nan]3[ASR]4,1.40117,3.23236,6.36586,3829.4,0.4802,0.342714,6955.856,0.18004558326702735,-1
709,2019[Ni][nan]3[ASR]4,1.24538,3.7016,5.39072,4431.4,0.4903,0.393695,2518.006,0.17995185356116328,-1
240,2016[Co][sql]2[ASR]8,1.23535,3.56609,4.52454,4573.27,0.4667,0.377788,335.225,0.17972266152876526,-1
738,2019[Zn][fsc]3[ASR]1,1.30104,4.07929,5.40554,4651.08,0.4428,0.340344,1255.748,0.1796898497854087,-1
924,2020[Mg][rtl]3[ASR]1,1.32281,2.17537,4.11995,4817.64,0.4037,0.305184,1074.044,0.1794710808208939,-1
239,2016[Co][sql]2[ASR]7,1.22915,3.64386,4.65454,4548.37,0.471,0.383192,335.225,0.17940024075155403,-1
822,2020[Co][nan]2[ASR]2,1.1714,3.28319,4.94435,4497.32,0.4888,0.417279,1887.65,0.17927287518570956,-1
326,2017[Co][nan]3[ASR]3,1.18055,2.10397,5.41284,4626.85,0.4905,0.415483,2197.648,0.17916262921905357,-1
816,2020[Co][fsc]3[ASR]2,1.17078,3.02712,6.23989,4769.3,0.4763,0.406823,2189.824,0.1790261092401937,-1
1048,2021[Co][pcu]3[ASR]1,1.21954,3.27006,4.76743,4737.09,0.4553,0.373337,2129.684,0.17851420640184856,-1
968,2020[Zn][gwg]3[ASR]1,1.31164,3.37311,4.10489,4564.15,0.4625,0.352613,1810.828,0.17822833864800502,-1
1130,2021[Zn][nan]3[ASR]14,1.29542,2.53338,4.46033,4798.19,0.4412,0.340584,4351.084,0.17822654010194694,-1
418,2017[ZnSi][sql]2[ASR]1,1.31423,2.78365,3.96187,4514.77,0.4721,0.359223,2223.456,0.1777515302235957,-1
1325,2024[Mn][pts]3[ASR]1,1.19889,3.81211,4.62639,4565.17,0.4676,0.390029,2109.592,0.17770733596450428,-1
892,2020[Eu][nan]3[ASR]1,1.65352,2.85484,3.85178,4021.09,0.4032,0.243844,4458.64,0.17743199151756683,-1
944,2020[Sm][nan]3[ASR]1,1.62431,2.81988,3.56066,4068.45,0.41,0.252416,3242.928,0.1771667411509077,-1
232,2016[Co][sql]2[ASR]29,1.22317,3.70136,4.737,4567.79,0.4747,0.388089,335.225,0.17707329520450354,-1
800,2020[Cd][nan]3[ASR]4,1.43358,4.68099,6.31819,4451.25,0.4312,0.300786,4030.536,0.17706503108153848,-1
527,2018[Ni][nan]3[ASR]3,1.29332,3.6731,5.35437,4175.93,0.4909,0.379566,1925.498,0.17692224474815532,-1
238,2016[Co][sql]2[ASR]6,1.20751,3.82974,5.01845,4554.83,0.4794,0.397015,335.225,0.1768244462684163,-1
1366,2024[Zn][sql]2[ASR]3,1.32669,4.05284,4.80763,4616.32,0.4479,0.337607,2471.836,0.176820903359463,-1
1121,2021[Zn][fsc]3[ASR]1,1.28747,2.85538,4.46057,4784.1,0.4458,0.346261,1051.698,0.17677564576373928,-1
169,2015[Zn][bey]2[ASR]1,1.40778,3.42744,4.97664,4768.76,0.4014,0.285131,2139.5,0.17667287767717088,-1
969,2020[Zn][hcb]2[ASR]2,1.39429,3.45504,4.07411,4692.37,0.4336,0.310982,5047.224,0.17655156126253613,-1
1221,2023[Cd][nan]2[ASR]1,1.27081,2.87184,5.00815,4315.39,0.4971,0.391167,2043.248,0.17654736094925716,-1
235,2016[Co][sql]2[ASR]31,1.22658,3.66873,4.53547,4577.74,0.471,0.383993,335.225,0.17644923211532637,-1
1172,2022[Eu][nan]3[ASR]1,1.45236,3.1049,4.84089,3993.19,0.4654,0.320443,5787.152,0.17629201497169134,-1
761,2019[Zn][pts]3[ASR]3,1.54267,3.19677,4.93021,3891.52,0.4445,0.288136,2244.352,0.1762126600443812,-1
1060,2021[Cu][nan]3[ASR]2,1.26535,4.629,9.35783,3774.78,0.5309,0.419569,4155.336,0.17608535775082967,-1
836,2020[Co][nan]3[ASR]8,1.28942,3.54214,5.09434,4064.87,0.4822,0.373966,1938.938,0.17584355343849367,-1
234,2016[Co][sql]2[ASR]30,1.22494,3.70411,4.57164,4582.01,0.4718,0.38516,335.225,0.17581490193492533,-1
1331,2024[Ni][sql]2[ASR]3,1.23331,3.73537,4.8104,4612.78,0.4736,0.384006,334.985,0.17538301518182942,-1
333,2017[Co][pcu]3[ASR]1,1.20211,3.54072,5.26792,4384.0,0.5005,0.416352,2601.5,0.17533461277348494,-1
63,2012[Co][sqp]3[ASR]2,1.47192,3.85484,5.16079,3911.21,0.4459,0.302938,2152.784,0.17508539158913217,-1
417,2017[ZnSi][nan]3[ASR]1,1.28641,3.57964,6.17602,4267.53,0.5132,0.398939,3619.052,0.17492736523648134,-1
482,2018[Co][fsc]3[ASR]1,1.23641,3.82584,4.62849,4467.94,0.4795,0.387816,940.66,0.17485089316497437,-1
135,2015[Cd][nan]2[ASR]1,1.64404,3.76343,5.93837,3815.48,0.4411,0.268303,1666.744,0.17479938777567905,-1
495,2018[Cu][kgm]2[ASR]1,1.37823,4.75262,6.59257,4177.5,0.4781,0.346894,1714.188,0.1745915363752062,-1
229,2016[Co][sql]2[ASR]26,1.21131,3.82569,5.00222,4547.56,0.4845,0.39998,335.225,0.17447658514512954,-1
230,2016[Co][sql]2[ASR]27,1.20975,3.83127,5.06943,4579.53,0.4829,0.399172,335.225,0.1744303261215412,-1
419,2017[ZnSi][sql]2[ASR]2,1.29001,2.6525,4.47519,4711.73,0.4721,0.365965,2223.456,0.17439780567715224,-1
905,2020[Gd][nan]3[ASR]1,1.66716,2.8511,3.8644,3974.87,0.3989,0.239268,3242.928,0.17435537469098805,-1
946,2020[Tb][nan]3[ASR]1,1.67209,2.77635,3.92287,3961.36,0.4052,0.242332,4514.328,0.1742957354850294,-1
939,2020[Pr][nan]3[ASR]2,1.40849,4.38599,8.99898,3484.49,0.5296,0.376006,3938.544,0.17426687885065784,-1
111,2014[Cu][dia]3[ASR]5,1.33735,4.04987,4.48731,4565.9,0.4563,0.341196,1759.512,0.17398028690466694,-1
729,2019[Yb][nan]2[ASR]2,1.33415,3.61543,4.74117,4058.51,0.4728,0.354384,2522.544,0.1739163027749977,-1
823,2020[Co][nan]2[ASR]3,1.10096,3.24914,7.30168,4650.6,0.5142,0.467047,3218.332,0.17386911031958197,-1
564,2019[Cd][cem]2[ASR]2,1.30533,3.64645,7.34755,3992.68,0.523,0.400665,3453.52,0.17379507262762384,-1
1258,2023[Ni][sql]2[ASR]1,1.31539,3.48764,4.20008,4458.66,0.4771,0.362706,1364.028,0.1737736793667466,-1
226,2016[Co][sql]2[ASR]23,1.20938,3.83048,5.01231,4555.42,0.4859,0.401776,335.225,0.17347735545657428,-1
214,2016[Co][sql]2[ASR]12,1.2148,3.80872,4.42497,4543.57,0.4739,0.390107,335.225,0.17334544034566135,-1
1040,2021[Co][dia]3[ASR]1,1.31584,4.03611,4.49053,4203.35,0.4662,0.354299,1524.852,0.17325333741961924,-1
48,2008[Cu][pcu]3[ASR]1,1.27729,1.99329,5.16617,4296.7,0.4995,0.391063,2831.4,0.1731194739576516,-1
215,2016[Co][sql]2[ASR]13,1.22399,3.81534,4.43028,4532.13,0.4763,0.389138,335.225,0.17248574947460749,-1
707,2019[Ni][nan]3[ASR]2,1.42689,3.85272,9.29282,3157.26,0.5376,0.376763,2241.312,0.17247336486766907,-1
231,2016[Co][sql]2[ASR]28,1.21868,3.79072,4.53857,4589.29,0.4748,0.389602,335.225,0.17247316540900504,-1
217,2016[Co][sql]2[ASR]15,1.21106,3.81318,5.0117,4587.11,0.4854,0.400805,335.225,0.17240821900012304,-1
327,2017[Co][nan]3[ASR]4,1.19937,4.10518,5.27279,4507.29,0.4893,0.407965,2701.616,0.17236395276959704,-1
1086,2021[Gd][sql]2[ASR]1,1.43296,3.65042,4.94697,4054.8,0.4771,0.332948,2802.464,0.17193597835093843,-1
1123,2021[Zn][hcb]2[ASR]1,1.22503,3.24728,5.32631,4749.71,0.4815,0.393051,1488.22,0.1710920837977956,-1
108,2014[Cu][dia]3[ASR]2,1.31666,4.23828,4.69752,4541.75,0.4659,0.353851,1759.512,0.17068513519002337,-1
889,2020[Er][nan]3[ASR]1,1.68864,2.78999,3.91696,3911.11,0.3962,0.234627,3242.928,0.17030482686443582,-1
394,2017[Ni][dia]3[ASR]3,1.25034,3.51885,4.97777,4456.84,0.5014,0.401011,605.798,0.17012277972515277,-1
1103,2021[Ni][nan]3[ASR]1,1.28204,3.81554,5.09421,4180.16,0.4957,0.386651,2061.566,0.17001972177365743,-1
681,2019[La][nan]3[ASR]3,1.33605,4.31037,7.15069,3711.78,0.5101,0.381798,2633.852,0.16986862307385242,-1
429,2017[Zn][dmp]3[ASR]1,1.29595,2.22098,4.37416,4859.95,0.4427,0.341602,2175.376,0.16972967659752336,-1
909,2020[Ho][nan]3[ASR]1,1.68858,2.88228,3.90377,3914.44,0.3936,0.233095,4562.368,0.16969327219160735,-1
8,0000[Co][nan]3[ASR]8,1.19411,4.79465,6.87655,4648.44,0.4498,0.376682,2026.863,0.16956012139679033,-1
1224,2023[Cd][pts]3[ASR]1,1.32351,4.76453,5.47945,4394.05,0.4698,0.354966,1057.692,0.1692939356992338,-1
1190,2022[Tb][hcb]2[ASR]1,1.33951,3.76418,5.3418,4805.28,0.4372,0.326388,4623.552,0.16924503102031263,-1
573,2019[Cd][kgd]2[ASR]2,1.52516,3.00983,4.68355,3898.98,0.4632,0.303706,767.284,0.1689887542380606,-1
213,2016[Co][sql]2[ASR]11,1.21108,3.83079,4.47889,4541.6,0.4836,0.399312,335.225,0.16889650105492282,-1
830,2020[Co][nan]3[ASR]2,1.18156,4.17766,5.84936,4172.92,0.5095,0.431211,3163.666,0.16879910988779523,-1
110,2014[Cu][dia]3[ASR]4,1.30952,4.25475,4.69509,4539.18,0.471,0.359673,1759.512,0.16860901776006565,-1
703,2019[Ni][fes]2[ASR]1,1.13249,3.87274,7.26486,4394.35,0.5354,0.472764,5336.492,0.1686027748344161,-1
1302,2024[Cd][sql]2[ASR]1,1.31913,3.48809,4.6339,4747.32,0.4644,0.35205,1039.728,0.16859596898766305,-1
1025,2021[Cd][nan]3[ASR]2,1.15762,2.84838,7.74736,4551.84,0.5346,0.46181,3245.172,0.1685451161850824,-1
1243,2023[Eu][nan]2[ASR]2,1.23839,4.52351,5.99447,4320.91,0.5031,0.406252,6644.776,0.1685231729315435,-1
728,2019[Yb][nan]2[ASR]1,1.32706,3.83418,4.69516,4035.23,0.4768,0.359289,2462.484,0.16850897071405035,-1
398,2017[Ni][sqc]3[ASR]1,1.20986,3.3599,4.99445,4773.34,0.4738,0.391617,4369.312,0.16844088434823945,-1
1280,2023[Zn][kgd]2[ASR]2,1.60928,3.48777,4.59876,3889.08,0.4443,0.276086,922.016,0.16840868158502853,-1
506,2018[Cu][sql]2[ASR]2,1.32478,2.34733,3.54412,4849.43,0.4186,0.315976,2464.384,0.16828765857149874,-1
1225,2023[Cd][rtl]3[ASR]1,1.3165,3.47458,4.63001,4359.9,0.4971,0.377591,1101.532,0.16827108722103756,-1
1257,2023[Ni][dia]3[ASR]1,1.26015,3.7032,4.96892,4367.43,0.5024,0.398683,665.858,0.16823406680831998,-1
104,2014[Co][sql]2[ASR]1,1.32509,4.32552,5.40194,4033.83,0.4855,0.366389,3475.478,0.1676777263337741,-1
320,2017[Co][nan]2[ASR]1,1.47031,4.04475,4.22259,3987.19,0.4281,0.291163,1324.628,0.16765200699048477,-1
1212,2022[Zn][sql]2[ASR]6,1.31432,2.82052,4.91763,4900.76,0.4256,0.323818,1265.882,0.16732188230043632,-1
109,2014[Cu][dia]3[ASR]3,1.30126,4.32975,4.76997,4545.99,0.4722,0.36288,1759.512,0.16730103914990724,-1
143,2015[Co][nan]2[ASR]1,1.59981,3.10256,4.09445,3879.89,0.38,0.237528,1341.413,0.16726557454415603,-1
1175,2022[Gd][hcb]2[ASR]1,1.36943,3.55599,5.17949,4844.92,0.424,0.309618,3987.852,0.1669515360495082,-1
888,2020[Dy][nan]3[ASR]1,1.68514,2.61462,3.50566,3920.98,0.4044,0.23998,3242.928,0.16677749932389863,-1
107,2014[Cu][dia]3[ASR]1,1.31892,4.18951,4.54582,4588.17,0.4686,0.355292,1759.512,0.16666623409236037,-1
858,2020[Cu][hbt]2[ASR]1,1.47054,3.60346,5.05011,4128.1,0.4933,0.335454,5336.904,0.16665673961302674,-1
821,2020[Co][nan]2[ASR]1,1.18543,3.20688,5.42155,4851.34,0.4662,0.393274,2245.932,0.16662892449272748,-1
428,2017[Zn][dia]3[ASR]8,1.24594,3.36088,4.23572,4597.8,0.4875,0.391271,1858.984,0.16631357593948404,-1
1297,2024[Cd][nan]3[ASR]3,1.27529,2.9067,4.67032,4345.11,0.5058,0.396616,1899.116,0.166306212019816,-1
72,2013[Cd][nan]3[ASR]6,1.37492,3.97203,5.6211,3946.32,0.4959,0.360676,2608.116,0.1662026970049586,-1
178,2015[Zn][nan]2[ASR]2,1.66435,4.27733,5.02343,3972.73,0.409,0.245741,1677.396,0.16619820833082288,-1
525,2018[Ni][nan]3[ASR]1,1.25713,3.49043,4.97379,4197.03,0.5052,0.401869,1865.438,0.16608280403969045,-1
815,2020[Co][fsc]3[ASR]1,1.18268,3.8908,5.8676,4270.35,0.5209,0.44044,2629.54,0.1659679458719847,-1
177,2015[Zn][nan]2[ASR]1,1.69475,4.13385,4.81229,3982.0,0.3988,0.235315,1677.396,0.1659553684609607,-1
809,2020[Cd][sql]2[ASR]2,1.23174,2.39609,5.06314,4768.19,0.4898,0.39765,1434.08,0.16576520905143521,-1
754,2019[Zn][pcu]3[ASR]2,1.46672,4.01863,5.16294,4148.25,0.4911,0.334828,2723.076,0.16543397754463673,-1
1222,2023[Cd][nan]3[ASR]1,1.24351,2.6058,5.28539,4221.07,0.5148,0.413991,1987.14,0.16522880139762663,-1
1353,2024[Zn][fes]2[ASR]1,1.26663,4.42765,5.60433,4635.63,0.4806,0.379433,1750.88,0.16513950839086888,-1
528,2018[Ni][nan]3[ASR]4,1.25721,3.49278,4.95721,4209.86,0.5071,0.403354,1865.438,0.16487143580363872,-1
2,0000[Co][nan]3[ASR]10,1.17907,4.885,6.95063,4670.75,0.458,0.388442,2026.863,0.16482275292897763,-1
776,2019[Zr][bey]2[ASR]1,1.47843,3.48398,7.06987,3278.91,0.495,0.334815,3204.118,0.16474593771449153,-1
74,2013[Cd][nan]3[ASR]8,1.40487,3.96855,5.63906,3941.08,0.4975,0.354126,5216.232,0.16468566152647934,-1
1323,2024[Mn][nan]3[ASR]1,1.26355,4.95141,5.62283,4130.67,0.478,0.3783,2361.056,0.16465649813630678,-1
7,0000[Co][nan]3[ASR]7,1.18172,4.92736,6.98788,4662.36,0.4566,0.386387,2026.863,0.16459564637044566,-1
1134,2021[Zn][nan]3[ASR]5,1.23569,4.16511,6.36088,4335.97,0.5251,0.424945,8780.456,0.16458895544769092,-1
337,2017[Co][sql]2[ASR]2,1.20567,3.33407,4.49037,4542.57,0.5005,0.415123,988.448,0.16422159848612705,-1
753,2019[Zn][pcu]3[ASR]1,1.50833,3.81051,4.71283,3936.5,0.4682,0.310409,2022.408,0.1641899043214996,-1
3,0000[Co][nan]3[ASR]11,1.17401,4.89728,7.26419,4675.95,0.4615,0.393096,4053.726,0.16394752234238674,-1
445,2017[Zn][pcu]3[ASR]5,1.19856,3.25271,6.30323,4741.62,0.5086,0.424341,2387.53,0.16379536685982043,-1
1122,2021[Zn][fsc]3[ASR]2,1.19759,2.91463,6.40262,4898.33,0.4721,0.394207,1103.774,0.16359832946750164,-1
563,2019[Cd][cem]2[ASR]1,1.21185,4.58476,8.5766,4021.83,0.5506,0.454345,3453.52,0.163515999751203,-1
5,0000[Co][nan]3[ASR]5,1.19044,4.96028,6.53077,4661.17,0.4483,0.376582,2032.911,0.16349891662614513,-1
431,2017[Zn][lon]3[ASR]1,1.19694,2.15382,4.94333,4775.63,0.4901,0.409462,2211.404,0.16344080280831408,-1
1220,2023[Cd][fsc]3[ASR]1,1.25117,2.79847,4.33662,4785.08,0.4762,0.380602,1422.066,0.1634183425620923,-1
1129,2021[Zn][nan]3[ASR]13,1.26612,3.83987,5.00517,4353.48,0.5086,0.4017,1214.424,0.1630759630286296,-1
16,0000[Er][pcu]3[ASR]1,1.50732,4.42994,5.73881,3698.77,0.4445,0.294895,1172.946,0.16306865778318658,-1
9,0000[Co][nan]3[ASR]9,1.17214,4.9258,7.03832,4677.82,0.4602,0.392615,2026.863,0.163033304866109,-1
300,2017[Cd][kgd]2[ASR]2,1.75271,3.10375,4.17984,3862.41,0.377,0.215096,823.304,0.1629872890613162,-1
769,2019[Zn][sqp]3[ASR]1,1.20725,3.31256,5.38302,4564.32,0.5171,0.428329,2353.052,0.1626567136241528,-1
1170,2022[Eu][hcb]2[ASR]1,1.32329,3.8275,5.37546,4850.83,0.4392,0.331899,4595.708,0.16202169032921065,-1
1193,2022[Y][acs]3[ASR]1,1.40692,3.98335,6.83265,3348.62,0.5087,0.36157,1915.494,0.16196514909788262,-1
271,2016[Zn][kgd]2[ASR]1,1.18629,2.68384,5.23122,4547.83,0.5194,0.437834,2709.18,0.1615727398391964,-1
862,2020[Cu][nan]2[ASR]1,1.62361,3.76448,5.3167,3811.89,0.4748,0.292435,12197.408,0.1614998272903625,-1
1230,2023[Co][nan]3[ASR]2,1.11602,4.19206,5.72074,4573.3,0.5099,0.456892,2495.822,0.16147285366365738,-1
717,2019[Tb][bnn]3[ASR]1,1.38303,3.494,5.39685,3760.81,0.4922,0.355885,2653.324,0.16139992670844827,-1
863,2020[Cu][nan]2[ASR]2,1.62361,3.75448,5.31593,3811.87,0.4754,0.292805,12197.408,0.16135072335402056,-1
628,2019[Cu][nan]3[ASR]1,1.4695,5.0332,5.76302,4090.65,0.4636,0.315482,1434.192,0.16128534880213108,-1
730,2019[ZnSi][pcu]3[ASR]1,1.62116,2.92499,3.85884,3832.66,0.4328,0.266969,1358.192,0.16126519069721934,-1
1293,2024[Cd][nan]2[ASR]2,1.65278,3.43816,4.75221,3778.54,0.4544,0.27493,4655.16,0.16123602489128475,-1
558,2019[Al][bpq]3[ASR]4,1.46151,2.23649,2.73344,3936.44,0.4049,0.277042,1448.984,0.1612073949602968,-1
973,2020[Zn][nan]3[ASR]10,1.49695,5.23684,7.25206,4334.86,0.4214,0.281506,1791.618,0.1611484349305694,-1
667,2019[Gd][bnn]3[ASR]1,1.37105,3.55411,5.42397,3776.46,0.4953,0.361255,2017.624,0.16092441051694384,-1
1024,2021[Cd][nan]2[ASR]2,1.19222,3.4667,4.92385,4591.97,0.5092,0.427102,1217.848,0.16063306108279773,-1
1,0000[Co][nan]2[ASR]1,1.07248,3.39533,5.3689,4709.77,0.5046,0.470498,1351.242,0.16033220817801697,-1
13,0000[Cu][hex]3[ASR]1,1.24166,4.98552,6.74324,4257.86,0.5169,0.416296,3841.236,0.16015924407638948,-1
693,2019[Mg][sql]2[ASR]1,1.13852,3.96455,5.32403,4778.59,0.4797,0.421336,5289.224,0.16004626694224977,-1
1176,2022[InCu][dia]3[ASR]1,1.17296,4.2915,7.91534,4068.96,0.5541,0.472395,11208.816,0.1596527792201079,-1
1362,2024[Zn][pcu]3[ASR]3,1.2079,4.69219,8.10628,4192.07,0.5481,0.453764,8088.124,0.15948999877722914,-1
1327,2024[Ni][fes]2[ASR]1,1.21444,4.10654,5.38432,4771.64,0.4773,0.393022,1792.256,0.1592528375307145,-1
296,2017[Cd][dia]3[ASR]2,1.2809,5.25252,6.19416,4435.35,0.481,0.375518,5415.392,0.15900444115927947,-1
123,2014[Mn][nan]3[ASR]6,1.38601,2.31075,4.54087,3842.77,0.4769,0.344081,3561.384,0.15898459545099253,-1
1371,2024[Zn][ths]3[ASR]1,1.23899,3.55129,4.49807,4761.47,0.4807,0.387977,906.406,0.15874198994047584,-1
588,2019[Cd][ths]3[ASR]1,1.39764,4.21863,6.15386,3994.93,0.5191,0.371411,2446.792,0.15808427385219437,-1
1041,2021[Co][flu]3[ASR]1,1.3602,3.57765,4.47548,3808.27,0.4736,0.348183,2324.784,0.15804929307957272,-1
618,2019[Co][sql]2[ASR]1,1.23778,3.29481,4.90154,4908.4,0.4505,0.363958,1569.308,0.1577925301078298,-1
1161,2022[Cu][bnn]3[ASR]1,1.71659,3.53651,4.45053,3841.19,0.3716,0.216476,3174.784,0.1577202647292808,-1
6,0000[Co][nan]3[ASR]6,1.17021,5.10639,7.0044,4677.15,0.4636,0.396168,2026.863,0.1576616840555869,-1
1365,2024[Zn][sql]2[ASR]2,1.26246,3.75144,4.5346,4815.74,0.4626,0.366426,2407.84,0.15757248210526043,-1
400,2017[Ni][sql]2[ASR]2,1.17221,3.33074,4.70193,4461.75,0.5165,0.440621,1246.278,0.15753909303955216,-1
200,2016[Cd][nan]2[ASR]3,1.23484,4.7304,6.80101,4712.18,0.484,0.391954,2319.666,0.15753802712752174,-1
579,2019[Cd][nan]3[ASR]5,1.60118,3.22965,4.98587,3695.53,0.4702,0.293658,4375.152,0.15752834861338427,-1
649,2019[Dy][bnn]3[ASR]1,1.39151,3.49113,5.37902,3734.37,0.4973,0.357382,2017.624,0.1574706400304391,-1
801,2020[Cd][nan]3[ASR]6,1.34974,2.35076,4.48119,4158.14,0.5043,0.373628,1862.848,0.15741123684107405,-1
1066,2021[Cu][sql]2[ASR]1,1.23582,3.48311,4.69915,4858.21,0.4641,0.375541,3679.584,0.1571553422897325,-1
641,2019[Cu][rtl]3[ASR]2,1.31546,2.66662,4.33454,4052.62,0.4978,0.378423,1290.952,0.15697225287087946,-1
475,2018[Cd][sod]3[ASR]2,1.38339,2.82859,4.50069,4119.98,0.5043,0.364539,4160.112,0.1568890703568242,-1
101,2014[Co][nan]3[ASR]14,1.4088,2.20537,4.52036,3784.36,0.4716,0.334752,3593.344,0.15675280899648691,-1
844,2020[Co][sql]2[ASR]2,1.18114,2.41092,4.8313,4929.72,0.4613,0.390554,1327.118,0.15672190348685966,-1
959,2020[Yb][nan]3[ASR]1,1.75432,2.63681,3.77892,3778.63,0.3843,0.219059,3242.928,0.156477843736069,-1
19,0000[Ho][bey]2[ASR]1,1.19108,3.53205,5.61617,4377.55,0.5333,0.447747,2793.768,0.15617878248148087,-1
233,2016[Co][sql]2[ASR]3,1.26453,4.22634,4.57651,4774.81,0.456,0.360608,2413.9,0.1560561274873684,-1
985,2020[Zn][nan]3[ASR]21,1.48338,4.624,5.20335,4129.51,0.4894,0.329923,1110.004,0.15602133528610285,-1
798,2020[Cd][nan]3[ASR]2,1.56842,2.97548,5.16376,3676.19,0.4804,0.306295,6533.956,0.1559234616698415,-1
176,2015[Zn][kgd]2[ASR]1,1.19117,3.68797,5.66795,4471.39,0.5313,0.446033,1566.824,0.15577875864987,-1
1294,2024[Cd][nan]2[ASR]3,1.26922,3.02217,4.23261,4694.56,0.4977,0.39213,10275.192,0.15577698332880363,-1
206,2016[Co][nan]3[ASR]24,1.17377,4.1796,5.91368,4088.79,0.5294,0.451027,4791.6,0.15575813228806257,-1
788,2020[Ag][pts]3[ASR]1,1.21648,3.21819,5.40456,4327.36,0.5317,0.437081,684.732,0.155758095963771,-1
657,2019[Eu][bnn]3[ASR]1,1.33728,3.82256,5.53761,3805.92,0.5093,0.380848,2625.48,0.1556920129609367,-1
473,2018[Cd][pcu]3[ASR]1,1.35951,3.56404,4.68347,4039.39,0.5033,0.370206,2416.05,0.1556747393414628,-1
1026,2021[Cd][pcu]3[ASR]1,1.18926,2.31026,5.61702,4681.49,0.5218,0.438762,2327.468,0.15540221184513725,-1
1141,2021[Zn][sql]2[ASR]2,1.17555,4.33636,6.17587,4693.95,0.5073,0.431544,1794.972,0.15530589925511085,-1
1314,2024[Cu][srs]3[ASR]1,1.24497,4.50637,5.05871,4704.09,0.4761,0.38242,1811.668,0.15518462090270457,-1
674,2019[In][mcm]2[ASR]1,1.13415,4.58056,8.59967,4263.05,0.5624,0.495879,6465.696,0.15476508398148914,-1
420,2017[Zn][apo]3[ASR]1,1.12099,3.38465,6.74432,4434.43,0.5497,0.49037,3789.456,0.15470931093282836,-1
1296,2024[Cd][nan]3[ASR]2,1.37583,3.74929,5.33307,3919.64,0.5117,0.371922,2989.172,0.15436353683315462,-1
585,2019[Cd][tfz]3[ASR]1,1.18064,3.82169,6.08521,4293.96,0.5418,0.458902,1584.56,0.1536742472832453,-1
1218,2023[Cd][dmp]3[ASR]1,1.15375,2.17298,5.41278,4770.48,0.5109,0.442818,2555.864,0.15364023746466327,-1
613,2019[Co][nan]3[ASR]8,1.44077,2.56388,6.62409,3381.53,0.5023,0.348634,2206.462,0.15359289427936473,-1
1240,2023[Er][nan]3[ASR]1,1.28565,3.36448,5.80583,3998.66,0.5308,0.412864,1597.512,0.15348461482704123,-1
532,2018[Zn][acs]3[ASR]1,1.35647,5.34202,6.61919,4126.11,0.5052,0.372437,1744.346,0.15324164378232097,-1
832,2020[Co][nan]3[ASR]4,1.09146,3.56652,5.79247,4610.91,0.5295,0.485129,7189.248,0.15319981269681127,-1
983,2020[Zn][nan]3[ASR]2,1.28971,3.98816,7.14217,3979.46,0.5503,0.426686,2275.136,0.15312940060850067,-1
642,2019[Cu][rtl]3[ASR]3,1.34725,2.54328,4.23173,4024.17,0.4977,0.369419,1290.952,0.1531226895299478,-1
467,2018[Cd][dia]3[ASR]6,1.19718,4.65207,6.19232,4535.71,0.5207,0.434937,2059.296,0.15288558008940423,-1
994,2020[Zn][nan]3[ASR]9,1.36836,5.60275,7.08404,4320.57,0.4864,0.355463,3282.588,0.15277823307706462,-1
794,2020[Cd][hcb]2[ASR]2,1.44129,3.39718,4.17764,4033.85,0.4935,0.342402,793.282,0.1527284238579616,-1
379,2017[In][nan]2[ASR]1,1.62926,4.49731,4.79099,3798.61,0.4351,0.267055,820.09,0.15261073041545914,-1
1067,2021[Cu][sql]2[ASR]2,1.27691,3.65245,4.32549,4735.23,0.4902,0.383894,1255.84,0.15208683244524335,-1
696,2019[Mn][srs]3[ASR]1,1.08115,4.00185,5.49175,4500.48,0.5277,0.48809,3602.496,0.15204093704176724,-1
153,2015[Eu][nan]3[ASR]1,1.41892,3.80467,5.16628,3686.04,0.4949,0.348787,4290.268,0.151900421496997,-1
962,2020[Zn][bey]2[ASR]1,1.2193,4.14554,5.02744,4750.2,0.4906,0.402363,997.464,0.15144864065540986,-1
625,2019[Cu][lcv]3[ASR]2,1.1655,5.17766,8.43006,4522.27,0.5291,0.45397,5710.992,0.15135993278054571,-1
203,2016[Cd][nan]3[ASR]8,1.32728,2.56721,3.94565,4915.58,0.4551,0.342882,4230.968,0.1512812275763924,-1
154,2015[Eu][nan]3[ASR]2,1.4765,5.75162,7.46222,3184.96,0.521,0.352862,1436.556,0.1511737128136419,-1
529,2018[Ni][nan]3[ASR]5,1.14401,3.82086,5.82343,4289.47,0.5413,0.473161,1969.59,0.15090359253129315,-1
1053,2021[CuMn][tfz]3[ASR]1,1.09022,3.69565,6.15938,4709.13,0.5256,0.482103,3182.47,0.15088979088898968,-1
1196,2022[Zn][nan]3[ASR]3,1.12818,3.29127,7.41769,4499.66,0.558,0.494601,2366.1,0.15088857671113853,-1
928,2020[Mn][nan]3[ASR]3,1.55795,4.00141,4.84348,3567.52,0.4222,0.270997,1572.33,0.15075777364151155,-1
159,2015[Nd][nan]3[ASR]1,1.35969,3.8892,5.30162,3775.13,0.5086,0.374057,3074.556,0.15071447657373427,-1
1237,2023[Cu][nan]3[ASR]3,1.30013,5.73813,7.28525,4069.46,0.5066,0.389653,4379.816,0.15061161307758142,-1
4,0000[Co][nan]3[ASR]4,1.15589,5.06226,6.56429,4757.67,0.4539,0.392685,2020.935,0.1505872052219288,-1
466,2018[Cd][dia]3[ASR]5,1.19499,4.62248,6.27815,4557.99,0.5247,0.439083,2059.296,0.15051904571943098,-1
1248,2023[Gd][nan]3[ASR]1,1.24666,3.36495,5.5188,4106.48,0.5345,0.428747,1597.512,0.15034808429676572,-1
1150,2022[Cd][nan]3[ASR]1,1.2959,5.29154,6.52646,4124.47,0.5177,0.39949,3553.72,0.150194898327485,-1
164,2015[Sm][nan]3[ASR]1,1.40562,3.82297,5.11056,3696.87,0.498,0.354292,3074.556,0.15011043500687093,-1
77,2013[Cu][sqc]2[ASR]1,1.76952,3.30833,5.08033,3509.39,0.4521,0.255493,4695.424,0.15004818554240984,-1
359,2017[Cu][rob]3[ASR]2,1.3759,5.31106,5.60617,4587.1,0.4485,0.325968,2286.128,0.14999606409793764,-1
299,2017[Cd][kgd]2[ASR]1,1.58081,3.91236,4.89423,3732.63,0.4828,0.305414,3918.892,0.14962172924350914,-1
612,2019[Co][nan]3[ASR]7,1.4611,2.49377,6.32984,3339.11,0.4973,0.340361,2206.462,0.14940664750332888,-1
614,2019[Co][nan]3[ASR]9,1.07976,5.5954,8.53611,4178.8,0.5504,0.509743,4146.108,0.1493764485184108,-1
91,2013[Zn][nan]3[ASR]2,1.38751,3.54033,5.86369,3798.93,0.5262,0.37924,1964.216,0.1492195930870075,-1
932,2020[NiMn][nan]3[ASR]1,1.22323,4.36709,5.68267,3934.83,0.526,0.430008,4951.686,0.14914785570319777,-1
623,2019[Cu][kgd]2[ASR]1,1.23935,3.20296,5.39437,4099.41,0.5338,0.43071,1459.024,0.1490954821591708,-1
662,2019[Eu][nan]3[ASR]7,1.33916,4.93989,7.02054,3448.64,0.5412,0.404133,1940.956,0.1489986718141021,-1
685,2019[La][sql]2[ASR]1,1.62617,3.04239,4.0329,3612.98,0.4261,0.262027,3673.272,0.14895467674220986,-1
986,2020[Zn][nan]3[ASR]3,1.48054,4.73698,5.14688,4686.02,0.3816,0.257744,1943.012,0.14886228156097925,-1
267,2016[Zn][acs]3[ASR]1,1.66069,3.13994,3.44023,4007.79,0.47,0.283014,801.724,0.1487145262198868,-1
1232,2023[Co][sql]2[ASR]2,1.13099,2.57739,4.29532,4537.59,0.5194,0.459245,702.448,0.1486408012569178,-1
765,2019[Zn][sql]2[ASR]6,1.04677,4.46537,8.93406,4276.16,0.5753,0.549598,1867.203,0.148400775370235,-1
805,2020[Cd][pcu]3[ASR]3,1.2824,3.91049,5.18268,4888.33,0.4662,0.363538,1650.428,0.14819444143788663,-1
312,2017[Cd][sql]2[ASR]3,1.23008,3.08674,5.24595,4876.83,0.495,0.402413,2267.584,0.1481375757449006,-1
366,2017[Cu][sql]2[ASR]3,1.17524,4.7768,5.86525,4675.52,0.5028,0.427827,2736.936,0.14786539494750506,-1
1250,2023[Ho][nan]3[ASR]1,1.25996,3.60083,5.74333,4022.95,0.5381,0.427077,2257.232,0.14776509251480086,-1
789,2020[AlFe][rna]3[ASR]1,1.516,3.37899,4.01296,3591.31,0.4264,0.281267,559.944,0.14756905864709302,-1
73,2013[Cd][nan]3[ASR]7,1.32744,4.15466,5.4831,3952.25,0.5248,0.395347,2608.116,0.14725207493178205,-1
740,2019[Zn][hcb]2[ASR]2,1.26621,2.89927,5.58511,5001.14,0.4522,0.35713,2835.888,0.14721921688116635,-1
149,2015[Cu][pcu]2[ASR]1,1.27215,3.12754,3.74076,4675.03,0.5007,0.393586,555.942,0.1472044417320546,-1
1261,2023[Sc][nan]3[ASR]1,1.24223,2.84087,3.68909,4091.56,0.5,0.402502,984.696,0.1469458457401811,-1
1267,2023[Sc][nan]3[ASR]3,1.24179,2.84027,3.69657,4091.71,0.5002,0.402806,984.696,0.14694399998218666,-1
1272,2023[Sc][nan]3[ASR]8,1.24295,2.85364,3.69083,4088.39,0.5,0.40227,984.696,0.14682511296469936,-1
1271,2023[Sc][nan]3[ASR]7,1.24332,2.86683,3.69089,4088.36,0.5,0.402149,984.696,0.14682494124525025,-1
1262,2023[Sc][nan]3[ASR]10,1.24359,2.8413,3.69075,4086.92,0.4999,0.401982,984.696,0.14682206781914098,-1
483,2018[Co][nan]3[ASR]1,1.03176,5.21011,9.602,4392.13,0.5606,0.543341,7060.54,0.146799221505181,-1
1268,2023[Sc][nan]3[ASR]4,1.24158,2.84095,3.69677,4090.96,0.5005,0.403116,984.696,0.14668752461552748,-1
1264,2023[Sc][nan]3[ASR]12,1.24458,2.83821,3.68508,4083.13,0.4999,0.401662,984.696,0.14652680536320006,-1
1292,2024[Cd][dia]3[ASR]1,1.20139,3.92412,5.78772,4896.37,0.4811,0.400452,1438.192,0.14642021673366235,-1
1273,2023[Sc][nan]3[ASR]9,1.24491,2.82312,3.68045,4086.23,0.5002,0.401795,984.696,0.14636119712432794,-1
1147,2022[Cd][dia]3[ASR]1,1.19099,2.88381,3.91481,4756.26,0.4991,0.419063,1229.968,0.1462770378067486,-1
1266,2023[Sc][nan]3[ASR]2,1.24405,2.85238,3.68505,4084.79,0.5004,0.402236,984.696,0.1462398077746092,-1
336,2017[Co][sql]2[ASR]1,1.21542,3.24192,5.25609,4983.54,0.4542,0.373697,4859.52,0.14623519625774972,-1
1269,2023[Sc][nan]3[ASR]5,1.24421,2.85713,3.68528,4083.06,0.5003,0.402104,984.696,0.14623470909010972,-1
354,2017[Cu][nan]3[ASR]6,1.13364,3.94723,7.48031,4246.96,0.5687,0.501659,3477.132,0.14620366066620405,-1
1308,2024[Co][sql]2[ASR]2,1.23449,3.9773,4.47376,4883.13,0.4556,0.36906,2229.696,0.14614000919281578,-1
1265,2023[Sc][nan]3[ASR]13,1.24544,2.85339,3.69099,4077.91,0.5003,0.401707,984.696,0.14608433597277792,-1
374,2017[FeCr][hcb]2[ASR]1,1.23299,4.21491,6.58186,3856.07,0.5491,0.44534,2644.994,0.14607332327411693,-1
1242,2023[Eu][nan]2[ASR]1,1.20574,4.49012,5.95997,4141.06,0.5401,0.44794,1414.964,0.14584992578846,-1
1263,2023[Sc][nan]3[ASR]11,1.2451,2.86039,3.67957,4080.28,0.5006,0.402057,984.696,0.14576523781512507,-1
517,2018[Mn][nan]3[ASR]1,1.07797,3.67382,5.46663,4510.09,0.5386,0.499644,3634.432,0.1455406048148331,-1
1270,2023[Sc][nan]3[ASR]6,1.24511,2.86917,3.68742,4077.12,0.5009,0.402294,984.696,0.14553431567869946,-1
683,2019[La][pcu]3[ASR]2,1.65025,3.53365,4.15852,3604.76,0.4406,0.266991,1908.452,0.14547141586303525,-1
1045,2021[Co][nan]3[ASR]4,1.62772,3.30001,5.43308,3311.79,0.4201,0.258092,4180.812,0.14543527770940012,-1
610,2019[Co][nan]3[ASR]5,1.1763,3.93981,6.72981,3701.87,0.5521,0.469352,3757.22,0.1450936869077215,-1
382,2017[La][nan]2[ASR]1,1.68325,4.00003,5.99004,3242.37,0.4931,0.292946,1893.842,0.14490989197506754,-1
1005,2020[Zn][tfz]3[ASR]3,1.58147,3.64813,5.46469,3407.27,0.4936,0.312115,1623.744,0.14476883566145937,-1
526,2018[Ni][nan]3[ASR]2,1.12276,3.9441,5.64685,4354.75,0.5447,0.485143,3939.18,0.14448481588003514,-1
1289,2023[Zn][nan]3[ASR]18,1.1164,3.87214,6.02667,4516.2,0.5467,0.489701,7520.448,0.14436454593435166,-1
450,2017[Zn][sql]2[ASR]4,1.23333,3.43895,4.38161,4921.79,0.4659,0.377758,887.528,0.14408950915570373,-1
387,2017[Mn][kgm]2[ASR]1,1.46462,5.99852,7.37921,3747.3,0.4679,0.319468,1280.874,0.14394143412817018,-1
682,2019[La][pcu]3[ASR]1,1.63094,3.68397,4.22205,3601.05,0.4503,0.276098,1908.452,0.1438938519491011,-1
804,2020[Cd][pcu]3[ASR]2,1.26932,3.58233,5.23604,4944.89,0.4679,0.368623,1650.428,0.14388538195823952,-1
1094,2021[Mn][nan]2[ASR]1,1.50368,3.82825,4.58815,3491.83,0.4626,0.307645,724.036,0.1438461546805636,-1
71,2012[Zn][sql]2[ASR]1,1.15045,5.14355,5.74177,4355.61,0.5222,0.453911,809.412,0.14351399723157598,-1
505,2018[Cu][sql]2[ASR]1,1.10967,3.1183,6.09567,4799.08,0.5275,0.475365,9215.272,0.14331134090891728,-1
781,2019[Zr][pts]3[ASR]1,1.53864,4.5909,5.1747,3813.24,0.3692,0.239953,1287.452,0.14323889319080552,-1
201,2016[Cd][nan]3[ASR]30,1.32942,4.38816,5.58773,3804.28,0.525,0.394909,5529.366,0.14320434264494808,-1
1039,2021[Co][ant]3[ASR]1,1.30423,2.77295,4.33288,3801.03,0.4997,0.383139,3005.028,0.1430545955915703,-1
981,2020[Zn][nan]3[ASR]18,1.81941,2.7368,3.70129,3630.65,0.4174,0.229415,897.796,0.14273618881024452,-1
328,2017[Co][nan]3[ASR]5,1.38138,5.76311,7.69686,2945.36,0.5597,0.405175,1103.976,0.14270647827384964,-1
846,2020[Co][sql]2[ASR]4,1.12404,4.23874,5.38325,4765.54,0.5075,0.451495,1266.964,0.14269744579819976,-1
575,2019[Cd][nan]2[ASR]1,1.17917,4.37375,5.43492,4716.17,0.513,0.435053,2708.352,0.1423888629941943,-1
1035,2021[Cd][tfz]3[ASR]3,1.12421,4.87187,7.4322,4306.11,0.5616,0.499552,2780.58,0.14212576133704657,-1
335,2017[Co][qtz]3[ASR]1,1.17603,4.04962,4.89409,4294.16,0.533,0.453221,2677.491,0.14192860922395778,-1
879,2020[Cu][sql]2[ASR]5,1.27306,3.01258,3.91646,4885.73,0.4795,0.376651,4596.504,0.1418484296960123,-1
105,2014[CuNd][nan]3[ASR]1,1.51042,5.73185,6.32079,3790.26,0.4521,0.299321,8258.448,0.14165166279184893,-1
139,2015[Cd][sql]2[ASR]2,1.19781,3.92289,5.91589,4683.9,0.5345,0.446232,1867.12,0.1416158972658954,-1
353,2017[Cu][nan]3[ASR]5,1.12272,4.157,8.60345,4287.45,0.5831,0.519366,3477.132,0.14124587414009349,-1
591,2019[Ce][sql]2[ASR]1,1.5675,3.00698,4.06192,3599.95,0.4658,0.297161,2417.912,0.1409421744761279,-1
1287,2023[Zn][nan]3[ASR]16,1.4371,3.73177,4.41773,3919.84,0.5076,0.353211,1835.968,0.1409284620191238,-1
360,2017[Cu][rob]3[ASR]3,1.37519,5.20273,5.45221,4734.23,0.4339,0.315519,1143.064,0.1409207367065135,-1
65,2012[Zn][acs]3[ASR]3,1.76481,2.40897,2.9024,3800.27,0.4342,0.246032,400.862,0.1408613119495239,-1
796,2020[Cd][kgd]2[ASR]2,1.14101,3.97395,6.17283,4274.19,0.5575,0.488603,1664.478,0.14073650350645406,-1
1324,2024[Mn][pcu]3[ASR]1,1.05845,5.25242,6.88278,4321.43,0.5457,0.515563,3522.376,0.14073476974537646,-1
895,2020[Eu][nan]3[ASR]4,1.58487,3.6575,4.49663,3465.22,0.4605,0.290561,1996.97,0.14069099311848432,-1
496,2018[Cu][kgm]2[ASR]2,1.18701,5.20127,6.76836,4262.79,0.5458,0.45981,1714.188,0.14065570054669174,-1
408,2017[Tb][nan]3[ASR]1,1.26291,5.74222,7.11031,3967.61,0.5337,0.422594,4028.106,0.14063370405020592,-1
1043,2021[Co][nan]3[ASR]2,1.13022,3.38644,6.08125,3975.52,0.5521,0.488489,1200.54,0.1405528024189362,-1
66,2012[Zn][acs]3[ASR]4,1.77399,2.3898,2.87955,3786.87,0.4311,0.243011,400.862,0.14016733538443593,-1
27,0000[Zn][nan]3[ASR]4,1.15822,3.34242,4.47172,4754.81,0.5139,0.443698,1762.96,0.14011470891764333,-1
845,2020[Co][sql]2[ASR]3,1.11271,4.26436,5.54258,4766.91,0.5132,0.461217,1266.964,0.1400763754862273,-1
1042,2021[Co][nan]3[ASR]1,1.13744,4.64266,5.92374,3980.61,0.5429,0.477298,1200.54,0.14005719857011445,-1
701,2019[Nd][sql]2[ASR]1,1.58687,2.99228,4.06046,3530.57,0.4544,0.286349,2417.912,0.140053042966779,-1
1034,2021[Cd][tfz]3[ASR]2,1.11589,4.9423,7.43893,4333.79,0.5623,0.503902,2780.58,0.13994040437913746,-1
49,2008[ZnSi][nan]3[ASR]1,1.09901,4.94772,7.83042,4233.57,0.5707,0.519288,2444.752,0.13989866178331023,-1
474,2018[Cd][sod]3[ASR]1,1.26217,3.04996,5.35859,4146.41,0.545,0.431794,8320.224,0.13960803718818893,-1
1091,2021[La][fsc]3[ASR]1,1.2986,4.75335,6.17716,3726.3,0.5397,0.415601,1854.636,0.1396001784962282,-1
67,2012[Zn][acs]3[ASR]5,1.7796,2.37503,2.8652,3778.2,0.4299,0.241571,400.862,0.13944830683096487,-1
92,2013[Zn][nan]3[ASR]3,1.26745,3.26241,4.56202,4227.25,0.5334,0.420846,2212.484,0.13934873073632503,-1
262,2016[Sm][kgd]2[ASR]1,1.47588,3.55732,4.46757,3678.41,0.496,0.336071,718.548,0.13912596879603112,-1
1317,2024[Eu][sql]2[ASR]1,1.49548,5.74843,7.1422,3315.47,0.5397,0.360888,1600.53,0.13890701587232201,-1
826,2020[Co][nan]3[ASR]11,1.39318,5.51288,6.79448,2946.85,0.5325,0.382219,1062.074,0.13876453935814226,-1
346,2017[CuTi][pcu]3[ASR]1,1.26169,6.35471,7.03442,3579.64,0.4967,0.393677,1284.212,0.13876352959320637,-1
1001,2020[Zn][sql]2[ASR]3,1.20147,4.26061,4.95611,4862.92,0.4822,0.40134,923.564,0.13853269507478383,-1
25,0000[Zn][nan]3[ASR]1,1.3658,6.11281,7.05111,4260.05,0.4831,0.353713,2268.528,0.1383497977203365,-1
980,2020[Zn][nan]3[ASR]17,1.1595,3.77846,5.70571,4473.26,0.5521,0.476153,4665.52,0.1379163497555116,-1
636,2019[Cu][pcu]3[ASR]2,1.16809,3.53471,4.2937,4879.56,0.4882,0.417947,2188.104,0.13790055255115963,-1
504,2018[Cu][sit]3[ASR]1,1.34639,6.0353,6.3761,4230.13,0.4823,0.358217,1551.09,0.1378765082804876,-1
699,2019[Nd][pcu]3[ASR]1,1.65695,3.68205,4.40133,3447.71,0.4543,0.274178,1352.832,0.13749431801486378,-1
307,2017[Cd][nan]3[ASR]5,1.43174,4.22497,5.06658,3717.23,0.515,0.359703,1470.492,0.13735084960206145,-1
388,2017[Mn][pcu]3[ASR]1,1.35105,2.27921,4.23989,4098.92,0.5205,0.385257,759.956,0.13704907098636854,-1
960,2020[ZnGd][sqp]3[ASR]1,1.10693,3.7169,7.29121,4030.61,0.5764,0.520718,3580.548,0.1368970216749097,-1
874,2020[Cu][rob]3[ASR]2,1.33688,5.75806,6.02392,4554.06,0.4729,0.353734,1139.032,0.1367476710701252,-1
827,2020[Co][nan]3[ASR]12,1.37675,5.54203,6.76639,2950.25,0.5381,0.390847,1062.074,0.13667502741287763,-1
248,2016[Eu][kgd]2[ASR]1,1.48285,3.53945,4.39611,3656.35,0.4966,0.334897,1022.476,0.13650894314291095,-1
624,2019[Cu][lcv]3[ASR]1,1.14002,5.70552,8.44171,4457.16,0.5452,0.478236,5710.992,0.1360106511082564,-1
167,2015[Ti][sql]2[ASR]1,1.34829,3.48843,4.05757,3830.7,0.5044,0.374103,404.195,0.13587723760323267,-1
825,2020[Co][nan]3[ASR]10,1.48421,4.87145,6.08066,2962.37,0.5027,0.3387,1062.074,0.135630403233449,-1
1069,2021[Cu][sql]2[ASR]5,1.1346,3.90947,5.09034,4671.68,0.5319,0.468801,2482.364,0.13558014464819235,-1
616,2019[Co][pcu]3[ASR]2,1.08616,3.88478,5.40279,4438.01,0.5496,0.506004,3065.784,0.13545496316367722,-1
872,2020[Cu][pyr]3[ASR]1,1.35756,3.85039,5.90011,3753.05,0.5451,0.40153,9032.544,0.13543658164067218,-1
512,2018[Fe][sql]2[ASR]1,1.17018,4.26235,6.61733,3898.11,0.565,0.482833,2708.478,0.13542462025552937,-1
409,2017[Tb][nan]3[ASR]2,1.34373,4.58175,5.87816,3481.9,0.537,0.399634,1122.478,0.13477974257265113,-1
1334,2024[Tb][sql]2[ASR]2,1.54132,5.68466,6.89087,3210.5,0.5409,0.350932,1628.374,0.13473804262451639,-1
242,2016[CuSi][sql]2[ASR]1,1.63982,3.09268,4.36621,3627.12,0.4909,0.299362,2621.056,0.1343794287971618,-1
530,2018[Ni][sql]2[ASR]1,1.11829,4.56547,5.75139,4729.89,0.5231,0.467768,2000.368,0.13424810846455215,-1
567,2019[Cd][fsc]3[ASR]1,1.11086,5.12294,7.52807,4295.56,0.5688,0.512037,3232.95,0.13420213588823704,-1
635,2019[Cu][pcu]3[ASR]1,1.26602,3.34018,4.9727,5005.28,0.4665,0.368479,4832.568,0.1341710509272589,-1
147,2015[Cu][nan]3[ASR]1,1.52436,5.56851,6.5922,3552.68,0.5265,0.34539,4852.4,0.13416490969394745,-1
1231,2023[Co][sql]2[ASR]1,1.09924,4.38783,7.12733,4102.31,0.5764,0.524363,1264.69,0.1338530405915519,-1
325,2017[Co][nan]3[ASR]2,1.51985,4.766,5.99534,2947.57,0.4968,0.326873,1066.106,0.13379491296984214,-1
293,2017[CdSi][nan]3[ASR]1,1.58377,3.83337,5.53268,3320.61,0.5159,0.325741,3366.404,0.1337715602194962,-1
1171,2022[Eu][hcb]2[ASR]2,1.15355,3.3369,5.14634,4237.94,0.5508,0.477481,2824.112,0.1337317481109297,-1
859,2020[Cu][kgm]2[ASR]1,1.3407,6.20824,6.78992,4279.11,0.4858,0.362347,1624.386,0.13358982804442965,-1
700,2019[Nd][pcu]3[ASR]2,1.7168,3.49506,4.13076,3429.51,0.4262,0.248253,1352.832,0.13348192516887436,-1
976,2020[Zn][nan]3[ASR]13,1.46035,5.38692,6.81178,3245.17,0.553,0.378677,2209.576,0.13345710704277813,-1
50,2009[Zn][nan]3[ASR]4,1.24197,4.87553,5.09137,4820.82,0.4758,0.3831,1586.828,0.13310708776346014,-1
725,2019[V][bpq]3[ASR]2,1.2417,4.68637,6.54051,3660.13,0.5606,0.451477,1196.216,0.13284614028497277,-1
76,2013[Ce][kgd]2[ASR]1,1.48872,3.68636,4.52767,3527.2,0.4984,0.334784,560.424,0.1325449526738549,-1
609,2019[Co][nan]3[ASR]4,1.03663,5.37504,9.07824,4618.05,0.5472,0.527864,3432.582,0.13250860178701207,-1
992,2020[Zn][nan]3[ASR]7,1.36643,2.68446,4.8256,3788.29,0.5235,0.383115,3522.28,0.13238626246314822,-1
156,2015[InAg][sql]2[ASR]1,1.31283,4.31858,5.08172,3869.77,0.5322,0.405382,1206.46,0.13236626338199597,-1
199,2016[Cd][nan]2[ASR]2,1.20577,5.69086,6.98842,4624.77,0.5086,0.421806,2263.558,0.13230442953053023,-1
190,2015[Zr][fcu]3[ASR]1,1.22102,4.07165,8.57883,2985.21,0.594,0.486477,1664.064,0.13215854881550437,-1
746,2019[Zn][mog]3[ASR]4,1.21861,3.71503,5.05403,4943.78,0.4892,0.401439,6203.584,0.13213273933340153,-1
259,2016[Ni][nbo]3[ASR]1,1.16211,5.80469,7.28288,4680.38,0.4877,0.419666,3018.93,0.13208188977618174,-1
697,2019[Nd][flu]3[ASR]1,1.0797,5.62691,7.64543,4317.43,0.5594,0.518107,1051.122,0.13204001777910546,-1
196,2016[Ag][nan]3[ASR]2,1.86031,4.67365,5.5038,3623.64,0.3859,0.207439,2071.866,0.1320311671239749,-1
155,2015[HoCo][hcb]2[ASR]1,1.37876,6.07565,7.11092,3421.75,0.5484,0.397749,719.175,0.1319813160801322,-1
1064,2021[Cu][pcu]3[ASR]2,1.14995,4.44747,5.9978,4869.51,0.5043,0.43854,1923.868,0.13194828073141607,-1
426,2017[Zn][dia]3[ASR]6,1.30022,2.45009,5.23063,5091.76,0.4113,0.316332,3312.68,0.13190221651229117,-1
811,2020[CeCu][nan]2[ASR]1,2.07776,3.3726,5.44024,3235.34,0.4299,0.206905,10514.368,0.13189595397108644,-1
1119,2021[Zn][bcg]3[ASR]1,1.11663,2.65955,5.6368,4391.46,0.5593,0.500883,4547.704,0.1318794300966546,-1
901,2020[Fe][pts]3[ASR]1,1.20742,3.89191,7.09034,3368.85,0.5722,0.473904,5361.384,0.13187496843162805,-1
755,2019[Zn][pcu]3[ASR]3,1.10163,3.79239,6.29302,4605.12,0.5592,0.50761,3117.36,0.13185313339738358,-1
580,2019[Cd][nan]3[ASR]6,1.4561,4.57345,6.38666,3495.56,0.5511,0.378476,3990.632,0.13148770214273164,-1
594,2019[Co][crs]3[ASR]1,0.984461,4.55772,9.86803,4315.75,0.5979,0.607338,9821.832,0.13144279492610078,-1
671,2019[In][bpq]3[ASR]1,1.14337,5.51296,6.1189,4413.61,0.5328,0.465989,1190.586,0.1313963985568658,-1
581,2019[Cd][nan]3[ASR]7,1.06139,4.40841,8.51869,4584.53,0.5743,0.541085,7042.644,0.13134475686478164,-1
399,2017[Ni][sql]2[ASR]1,1.06415,4.65274,5.75291,4446.51,0.5493,0.516185,1296.338,0.13102434063697288,-1
1364,2024[Zn][sql]2[ASR]1,1.08589,3.54522,5.59737,4625.6,0.5514,0.507788,2183.304,0.1309060527643755,-1
975,2020[Zn][nan]3[ASR]12,1.7212,3.58108,4.63483,3272.0,0.4592,0.26679,1104.788,0.13058755519350185,-1
80,2013[Nd][kgd]2[ASR]1,1.51424,3.66385,4.51334,3458.37,0.4959,0.327491,560.424,0.13048876182225078,-1
211,2016[Co][sql]2[ASR]1,1.06612,3.83515,5.60825,4781.06,0.533,0.499943,2783.994,0.13012370876531776,-1
1038,2021[Ce][kgd]2[ASR]1,1.36058,5.07988,5.72314,3579.82,0.533,0.391743,1440.92,0.12974870007402983,-1
1049,2021[Co][rtl]3[ASR]1,1.20818,2.65196,4.36261,3918.2,0.5256,0.435036,1200.54,0.1295989584450925,-1
600,2019[Co][lcv]3[ASR]1,1.63923,2.61902,3.21867,3588.79,0.4467,0.272506,2528.368,0.12956626335803212,-1
1057,2021[Cu][djg]3[ASR]1,1.17634,4.10058,6.97784,3759.68,0.5772,0.490676,2032.408,0.12931499107015498,-1
910,2020[InTb][nan]3[ASR]1,1.14162,6.29302,8.80596,3370.99,0.6087,0.533189,3130.976,0.1290668786390814,-1
465,2018[Cd][dia]3[ASR]4,1.19526,5.30608,6.45434,4618.76,0.5307,0.444004,2059.296,0.12890696379844768,-1
727,2019[V][bpq]3[ASR]4,1.39001,5.55808,6.75373,3132.25,0.5612,0.403737,1239.812,0.12884007320766022,-1
1124,2021[Zn][nan]2[ASR]1,1.13982,5.57369,6.77378,4418.13,0.546,0.479022,1034.87,0.1287530201335696,-1
1063,2021[Cu][pcu]3[ASR]1,1.15333,4.43281,5.9997,4877.69,0.5084,0.44081,1923.868,0.128702419042364,-1
1332,2024[Sm][sql]2[ASR]1,1.40987,5.78192,7.19965,3318.33,0.5681,0.402946,920.614,0.12843271917844357,-1
99,2014[Co][dmc]3[ASR]1,1.18083,3.3044,4.59157,3968.14,0.5371,0.45485,1048.456,0.12835254445040434,-1
470,2018[Cd][nan]3[ASR]4,1.28977,3.02021,6.28321,3562.92,0.5539,0.429456,1602.548,0.12827142753783805,-1
1204,2022[Zn][pcu]3[ASR]4,1.04643,3.43305,6.69981,4692.53,0.5609,0.536012,2836.698,0.12818496663164525,-1
151,2015[DyCo][hcb]2[ASR]1,1.35485,6.24338,7.122,3454.83,0.5514,0.406984,554.245,0.12789351095876356,-1
1058,2021[Cu][eea]3[ASR]1,1.05888,3.92663,9.17347,4089.5,0.6063,0.572585,2182.488,0.12772768100246434,-1
1183,2022[Ni][crb]3[ASR]1,1.02529,3.73668,6.25769,4628.95,0.5597,0.545894,1816.268,0.127701276566617,-1
870,2020[Cu][pcu]3[ASR]1,2.08225,3.76458,5.35053,3228.18,0.4257,0.204443,3876.936,0.12765578923157128,-1
538,2018[Zn][pcu]3[ASR]15,1.07991,4.13951,6.2005,4551.61,0.5625,0.520878,3902.824,0.12762657020529078,-1
141,2015[CoTm][hcb]2[ASR]1,1.39476,6.03424,6.79596,3354.73,0.55,0.394333,554.245,0.12746528943328572,-1
1318,2024[Fe][bpq]3[ASR]1,1.75621,3.63914,3.7988,3997.99,0.3072,0.174922,944.316,0.12740167864886165,-1
283,2017[Al][nan]3[ASR]4,1.06466,6.4311,8.33017,3482.01,0.5935,0.557457,2901.378,0.12727627700210165,-1
152,2015[ErCo][hcb]2[ASR]1,1.38678,6.09613,6.8217,3389.77,0.5485,0.39552,554.245,0.12716563485126908,-1
427,2017[Zn][dia]3[ASR]7,1.29059,2.44126,5.27871,5112.72,0.4169,0.32303,3312.68,0.12709410600744464,-1
745,2019[Zn][mog]3[ASR]3,1.20302,3.48633,4.95199,4954.49,0.4987,0.414539,3101.792,0.1269814657841779,-1
81,2013[Sm][kgd]2[ASR]1,1.55696,3.60421,4.47886,3368.19,0.4928,0.316513,560.424,0.12694348677070866,-1
195,2016[Ag][nan]3[ASR]1,1.89554,4.61648,5.32854,3595.62,0.3799,0.200418,2071.866,0.12686135642350505,-1
978,2020[Zn][nan]3[ASR]15,1.43309,5.39065,6.72341,3250.91,0.5634,0.393138,2209.576,0.1266327213095113,-1
1106,2021[Pr][kgd]2[ASR]1,1.35222,4.9769,5.83059,3458.54,0.5438,0.402153,1368.86,0.12660010790868004,-1
144,2015[Co][sql]2[ASR]1,1.20751,5.90955,7.28209,4720.16,0.4612,0.381942,2457.932,0.12648060261423688,-1
630,2019[Cu][nan]3[ASR]3,1.11923,6.15041,9.0116,4267.23,0.5683,0.50776,3681.216,0.1264802100181901,-1
735,2019[Zn][cag]3[ASR]2,1.24583,2.35878,4.4092,4607.41,0.5416,0.43473,3192.352,0.12631246875732338,-1
380,2017[In][nan]3[ASR]1,1.36058,2.79917,5.1405,3713.5,0.5353,0.393434,2454.14,0.12613043833320314,-1
142,2015[Co][hcb]2[ASR]1,1.11202,3.38627,5.79147,5021.2,0.4909,0.44145,2521.944,0.12608812269759762,-1
1288,2023[Zn][nan]3[ASR]17,1.85614,6.36678,7.38612,3005.45,0.5005,0.269646,2132.352,0.12608010831137473,-1
1215,2022[Zr][she]3[ASR]1,0.533204,16.86206,28.48033,3338.07,0.8174,1.533,13546.512,0.12605240548807184,-1
274,2016[Zn][nan]3[ASR]14,1.10689,4.56374,6.15612,4833.35,0.5229,0.472407,2778.676,0.1252814583701023,-1
17,0000[Eu][sql]2[ASR]1,1.62245,4.02158,4.81421,3404.23,0.5073,0.312676,2776.9,0.1252568474656368,-1
714,2019[Pr][nan]3[ASR]2,1.59835,3.70647,4.8705,3199.77,0.4977,0.311383,990.624,0.1251536137162188,-1
736,2019[Zn][dia]3[ASR]1,1.9285,3.5379,4.62065,3248.66,0.4545,0.235676,1864.968,0.12466244287558381,-1
1127,2021[Zn][nan]3[ASR]11,1.28059,3.47962,5.28302,4047.4,0.5569,0.434879,1709.224,0.12455698982020547,-1
53,2010[Fe][bpq]3[ASR]1,1.56689,2.7165,2.85375,3563.27,0.4381,0.279598,943.84,0.12427227426048515,-1
663,2019[Eu][sql]2[ASR]1,1.63918,3.57624,5.03152,3150.24,0.5001,0.305092,3196.96,0.12412294890925635,-1
1285,2023[Zn][nan]3[ASR]14,1.65953,6.85005,7.78674,3313.37,0.5174,0.311774,1850.352,0.12406483390251366,-1
1320,2024[In][nan]3[ASR]1,1.20628,4.01309,5.19362,4005.18,0.5544,0.459594,5425.02,0.12376692484742713,-1
925,2020[Mn][ant]3[ASR]1,1.02954,3.98526,7.51241,3853.44,0.5909,0.573947,2052.712,0.12346703722208696,-1
1020,2021[Cd][flu]3[ASR]1,1.547,3.47971,4.50651,3513.24,0.5112,0.330446,1075.724,0.12342243568552536,-1
931,2020[Nd][nan]3[ASR]1,1.52568,4.31725,5.39292,3303.97,0.5322,0.348828,1993.044,0.12301595178993785,-1
253,2016[Gd][kgd]2[ASR]1,1.46095,3.49831,4.43995,3543.13,0.5148,0.352373,682.518,0.12291470266234361,-1
362,2017[Cu][rtl]3[ASR]1,1.18538,2.48914,4.30499,4243.19,0.5451,0.459853,1231.008,0.12283683154193414,-1
277,2016[Zn][sql]2[ASR]1,1.24339,3.29167,4.96746,5082.74,0.4504,0.362234,5023.696,0.12281756809684174,-1
1223,2023[Cd][nan]3[ASR]3,1.12437,5.11973,7.31847,4109.7,0.5844,0.519756,2600.252,0.12261717934686311,-1
415,2017[Y][nia]3[ASR]1,1.03683,4.05011,6.89373,4120.7,0.5853,0.564508,1224.846,0.12251126148308411,-1
435,2017[Zn][nan]3[ASR]1,1.28721,2.78834,6.78266,3659.99,0.5684,0.441575,1723.848,0.12234369334467421,-1
1367,2024[Zn][sql]2[ASR]4,1.24597,3.9287,4.46768,5017.78,0.4561,0.366061,2255.484,0.12213656187562116,-1
1002,2020[Zn][sql]2[ASR]4,1.13418,4.05612,5.00072,4444.92,0.5561,0.490309,1282.436,0.12197100051511534,-1
857,2020[Cu][eea]3[ASR]1,1.17921,5.0948,7.83209,3450.96,0.6026,0.511018,1467.894,0.12196279917704644,-1
1177,2022[In][kgm]2[ASR]1,1.17906,3.18144,8.70658,3713.87,0.6008,0.509559,2670.156,0.12190769628804143,-1
1299,2024[Cd][nan]3[ASR]5,1.12437,5.12344,7.31492,4109.18,0.5854,0.520645,2600.252,0.1216749724775168,-1
1082,2021[Eu][pcu]3[ASR]1,1.91618,2.80356,3.32877,3646.87,0.3439,0.179472,2745.152,0.12152434640415755,-1
744,2019[Zn][mog]3[ASR]2,1.17803,3.87036,5.55265,4956.79,0.5083,0.431485,6203.584,0.12124393759637564,-1
569,2019[Cd][hcb]2[ASR]2,1.36333,2.29452,5.83043,5133.54,0.4163,0.305355,5687.92,0.12120667659381534,-1
734,2019[Zn][cag]3[ASR]1,1.21021,2.42053,4.50991,4640.04,0.547,0.451989,3192.352,0.12107575093380274,-1
799,2020[Cd][nan]3[ASR]3,1.18247,6.4263,8.05402,4243.59,0.5497,0.464873,3574.12,0.12107078490957779,-1
373,2017[Eu][nan]3[ASR]2,1.37889,3.30736,5.60813,3580.53,0.5503,0.399088,1192.252,0.12103205205039869,-1
897,2020[Fe][hcb]2[ASR]1,1.26567,6.59237,7.94542,3301.94,0.593,0.468528,3922.132,0.1209951306891377,-1
977,2020[Zn][nan]3[ASR]14,1.75109,4.14032,4.693,3148.28,0.4686,0.267605,1104.788,0.12095001558298146,-1
361,2017[Cu][rob]3[ASR]4,1.2733,5.55557,6.2648,4822.11,0.4688,0.368176,2342.236,0.12091106632848292,-1
96,2014[Ag][ths]3[ASR]1,1.11065,4.37971,6.03937,4469.14,0.5691,0.512403,1765.596,0.12089406536947567,-1
62,2012[Co][dia]3[ASR]3,1.22723,3.40774,4.26728,5061.48,0.4517,0.368064,958.826,0.12083613310696939,-1
1181,2022[Mn][sql]2[ASR]1,1.00781,5.08656,7.31163,4210.44,0.5839,0.579374,2871.688,0.12070657923393457,-1
1117,2021[ZnPb][llj]3[ASR]1,1.64147,2.96242,4.57296,3328.25,0.4992,0.304118,1051.476,0.12059320627120562,-1
136,2015[Cd][nan]3[ASR]2,1.70185,3.18274,4.36726,3370.21,0.4937,0.290096,953.55,0.1205687766832666,-1
1016,2020[Zr][sql]2[ASR]1,1.07971,6.2937,9.09416,3317.4,0.6271,0.580802,3490.41,0.12053304625717098,-1
741,2019[Zn][hcb]2[ASR]3,1.14357,3.34143,4.82272,4967.56,0.5055,0.442036,943.596,0.12051101323573832,-1
565,2019[Cd][cru]2[ASR]1,1.18259,4.20923,5.5387,4033.85,0.5645,0.477341,3453.52,0.12047723561666923,-1
819,2020[Co][llz]3[ASR]1,0.92686,4.50365,10.77177,3886.36,0.628,0.677556,10368.528,0.12042735153358053,-1
750,2019[Zn][nan]3[ASR]3,1.95175,2.57302,4.71141,3201.43,0.4224,0.216421,4787.248,0.12042466639326999,-1
930,2020[Mn][sql]2[ASR]1,1.00775,5.18807,7.76931,4401.68,0.5817,0.577226,921.446,0.12028441123187217,-1
621,2019[Cu][gar]3[ASR]1,1.25702,5.79853,8.37218,3322.48,0.6137,0.488216,11575.32,0.12000195369911482,-1
268,2016[Zn][dia]3[ASR]1,1.13028,4.26969,5.60587,4772.62,0.5408,0.478466,3533.696,0.11978947066683454,-1
877,2020[Cu][sql]2[ASR]3,1.07871,4.54984,5.84288,4698.33,0.5477,0.507736,1591.588,0.11975148618795206,-1
1108,2021[SiMn][kgd]2[ASR]1,0.994731,3.24957,6.5621,4386.48,0.5806,0.583675,3677.88,0.11961792663723014,-1
1079,2021[Eu][kgd]2[ASR]1,1.36232,5.06118,5.76606,3365.71,0.5516,0.404898,1976.716,0.11950001241750807,-1
1047,2021[Co][nan]3[ASR]6,1.59196,4.53798,5.18904,2952.56,0.4684,0.294229,1082.042,0.11944781763277157,-1
989,2020[Zn][nan]3[ASR]58,1.54948,2.70222,4.06796,3525.67,0.5005,0.323012,917.904,0.11930850737528753,-1
820,2020[Co][mab]3[ASR]1,1.01495,5.27665,7.50262,4561.65,0.5658,0.557466,3794.512,0.11923202874769889,-1
1099,2021[Nd][kgd]2[ASR]1,1.32918,5.06489,5.88282,3486.3,0.5565,0.418678,1368.86,0.11920567067961696,-1
1109,2021[Sm][kgd]2[ASR]1,1.35032,5.05079,5.79661,3408.55,0.5536,0.409975,1368.86,0.11917489433802064,-1
1032,2021[Cd][sql]2[ASR]2,1.1485,3.76933,5.23124,4434.11,0.5654,0.492293,1095.532,0.11906891300078581,-1
568,2019[Cd][hcb]2[ASR]1,1.37375,3.74205,4.77123,4001.8,0.5488,0.399491,1346.344,0.119035699505188,-1
1095,2021[Mn][nan]2[ASR]2,1.03368,5.24567,6.06802,4542.45,0.5493,0.531401,1558.148,0.11891787091778938,-1
416,2017[Yb][mog]3[ASR]1,1.52115,2.54216,4.19469,3512.19,0.5031,0.330737,642.528,0.1188910317573213,-1
619,2019[Co][sxb]3[ASR]1,1.20856,4.8172,5.758,3502.06,0.5589,0.462451,4832.768,0.11872514256734479,-1
669,2019[Gd][nan]3[ASR]2,1.37849,3.96396,5.70454,3565.04,0.5575,0.404428,2761.752,0.11867347049733667,-1
907,2020[Gd][sql]2[ASR]1,1.63998,4.05726,4.874,3351.31,0.5188,0.316346,1561.188,0.11857933633023143,-1
11,0000[CrMn][qtz]3[ASR]1,1.30832,4.72231,5.82674,3512.52,0.5599,0.427952,4122.228,0.1185506193872039,-1
991,2020[Zn][nan]3[ASR]60,1.5447,2.83686,4.04004,3537.85,0.5033,0.325824,917.904,0.11844755930886408,-1
103,2014[Co][nan]3[ASR]5,1.00691,4.56329,7.20709,4194.3,0.5907,0.586648,5584.494,0.11819527799538787,-1
582,2019[Cd][nan]3[ASR]8,1.04806,4.71224,8.29671,4595.24,0.583,0.556263,7042.644,0.11802336436005478,-1
1319,2024[Hf][pcu]3[ASR]1,1.28757,5.82912,6.72699,3215.95,0.5776,0.448598,3096.804,0.11799871323240763,-1
1092,2021[La][kgd]2[ASR]1,1.2855,5.11347,5.8566,3627.62,0.5582,0.434228,1924.48,0.11786852646158552,-1
1321,2024[La][nan]3[ASR]1,1.17971,3.90156,5.34698,3903.85,0.562,0.476387,2052.932,0.11774155584047952,-1
102,2014[Co][nan]3[ASR]4,0.994067,4.78421,7.65443,4138.57,0.5961,0.599658,5584.494,0.11772320977996942,-1
1029,2021[Cd][pts]3[ASR]1,1.19721,3.57159,4.67027,4190.13,0.5573,0.465501,1939.016,0.11766893417010427,-1
1316,2024[Eu][nan]3[ASR]1,1.24064,3.85083,5.25535,3719.4,0.555,0.447351,2105.168,0.11741993836469655,-1
988,2020[Zn][nan]3[ASR]57,1.54077,2.74617,3.94097,3538.36,0.5012,0.325293,917.904,0.11740602722126581,-1
70,2012[Zn][nia]3[ASR]1,1.15816,6.51869,7.44079,4415.06,0.5241,0.452527,1618.824,0.1173731816607928,-1
766,2019[Zn][sql]2[ASR]7,1.00105,4.17886,7.90809,4411.69,0.5964,0.595775,1779.179,0.11728933941513442,-1
824,2020[Co][nan]3[ASR]1,1.18335,3.93834,5.44802,3802.67,0.5619,0.47484,3016.74,0.11724864819702119,-1
1050,2021[Co][sql]2[ASR]1,1.17146,3.65398,5.8476,5094.44,0.4622,0.39455,2798.516,0.11712766282584663,-1
802,2020[Cd][nan]3[ASR]7,1.54301,2.73032,4.49111,3563.04,0.5189,0.336291,2122.448,0.1169361199527359,-1
1235,2023[CuTi][nan]3[ASR]2,1.12043,4.88875,5.78782,4599.46,0.5536,0.494096,2744.128,0.11657364286654892,-1
990,2020[Zn][nan]3[ASR]59,1.54099,2.7482,3.92875,3529.67,0.5019,0.3257,917.904,0.11630581962657427,-1
1191,2022[Tb][nan]3[ASR]1,1.07791,4.57498,16.5065,3494.27,0.6423,0.595878,6902.478,0.11623720334614585,-1
784,2019[Zr][scu]3[ASR]3,0.921084,5.00791,10.65204,3901.28,0.6332,0.687451,4586.04,0.11600852141482543,-1
850,2020[CuSi][pcu]2[ASR]1,1.13663,5.80628,6.60595,4622.79,0.5328,0.468752,2392.056,0.115869366761022,-1
294,2017[Cd][bey]2[ASR]1,1.0546,5.01483,7.53249,4442.52,0.5858,0.555473,2231.236,0.11576201572904132,-1
999,2020[Zn][sql]2[ASR]1,1.34828,6.80739,7.97035,3632.46,0.5667,0.420313,4615.696,0.1157141997804898,-1
764,2019[Zn][sql]2[ASR]1,1.23878,3.52897,5.28574,5101.5,0.4556,0.36778,2447.976,0.11562172769814394,-1
1216,2023[Al][nan]3[ASR]1,1.10771,3.9904,5.5774,3791.73,0.5654,0.510423,1368.672,0.11561249870940138,-1
880,2020[Cu][sql]2[ASR]6,1.08736,3.78765,4.49861,4584.3,0.551,0.506731,1867.584,0.11532868578700728,-1
617,2019[Co][rtl]3[ASR]1,1.15956,2.43002,4.39606,4004.61,0.544,0.469145,1212.556,0.11521537233812928,-1
338,2017[Co][sql]2[ASR]3,1.06296,4.81479,5.75075,4800.59,0.5304,0.498983,1066.818,0.1151479328413958,-1
1274,2023[Sm][pts]3[ASR]1,1.42856,6.2058,7.01618,2789.87,0.5655,0.395852,592.388,0.11485888056783322,-1
942,2020[Sc][nan]3[ASR]1,0.953061,3.86499,7.14846,4372.42,0.5898,0.618848,1144.97,0.11478873359400499,-1
422,2017[Zn][dia]3[ASR]1,1.11292,3.76627,5.45121,4872.69,0.5367,0.482246,2127.64,0.11470401426983456,-1
956,2020[Y][mog]3[ASR]1,1.25566,5.22994,5.84435,3560.89,0.5617,0.447334,498.276,0.11463582502172964,-1
566,2019[Cd][dia]3[ASR]1,1.05613,3.41102,5.38573,4437.67,0.5718,0.541411,2586.476,0.1143361624864001,-1
947,2020[Tb][nan]3[ASR]2,1.27052,6.29629,7.19811,3188.06,0.5911,0.465242,2910.846,0.11409664561335098,-1
808,2020[Cd][sql]2[ASR]1,1.1815,5.60849,7.72728,3919.9,0.5961,0.504527,1093.874,0.11380658649554909,-1
974,2020[Zn][nan]3[ASR]11,1.85988,3.615,3.95343,3244.48,0.4264,0.229263,1100.756,0.11348795867605843,-1
161,2015[Ni][sql]2[ASR]1,1.38292,2.74134,3.57076,5103.2,0.3823,0.276443,1074.402,0.11326615286782071,-1
562,2019[Bi][sra]3[ASR]1,1.13618,5.12255,6.09529,3966.42,0.5742,0.505377,5429.216,0.11276818736551131,-1
785,2019[Zr][scu]3[ASR]4,0.916401,5.04415,10.68249,3890.1,0.637,0.695111,4586.04,0.11274289997808995,-1
56,2011[V][sra]3[ASR]2,1.41408,2.60698,4.08067,3576.4,0.5166,0.365327,807.904,0.11273161234241025,-1
652,2019[Dy][sql]2[ASR]1,1.12346,3.96763,6.05861,4123.76,0.584,0.519824,1026.868,0.11271922186285033,-1
806,2020[Cd][rtl]3[ASR]1,1.3512,2.44305,4.2692,3851.99,0.5364,0.39698,1570.612,0.1123349599072554,-1
37,2007[Zn][nan]3[ASR]2,1.2255,3.08135,4.95649,4098.25,0.5651,0.461116,3848.432,0.11219569652296157,-1
304,2017[Cd][met]3[ASR]1,1.52446,3.92354,6.42627,3317.31,0.5737,0.37633,5964.768,0.1121338561172811,-1
871,2020[Cu][pcu]3[ASR]2,2.16703,3.83901,5.25034,3146.3,0.4062,0.187446,11630.808,0.11193322353604196,-1
1081,2021[Eu][nan]3[ASR]2,1.43096,7.74888,7.87258,3128.51,0.5524,0.386035,3273.32,0.11182434326248147,-1
1151,2022[Cd][nuc]3[ASR]1,1.10193,3.88669,4.92889,4962.18,0.5114,0.464094,3573.256,0.11171450904583513,-1
112,2014[Cu][nan]3[ASR]13,1.13021,4.50633,6.86167,3934.51,0.5951,0.526539,3196.424,0.11158958366304339,-1
1229,2023[Co][nan]3[ASR]1,1.03506,4.93859,7.05766,3913.5,0.595,0.574845,1654.726,0.11158797137877419,-1
743,2019[Zn][mog]3[ASR]1,1.12986,3.54831,4.78136,4944.91,0.5198,0.460059,3101.792,0.11151864088386687,-1
494,2018[Cu][bcu]3[ASR]1,1.30788,3.80322,4.94642,3728.26,0.554,0.423588,829.495,0.1115123157652107,-1
246,2016[Cu][nan]3[ASR]4,1.39796,6.61688,9.02855,3059.44,0.6292,0.450085,8529.528,0.11130746139563596,-1
1158,2022[Co][hxl]2[ASR]1,1.18193,3.71697,5.48977,3752.32,0.5679,0.480484,1480.094,0.11122154681222107,-1
22,0000[Tb][nan]3[ASR]1,1.95241,2.77615,3.29699,3579.14,0.3402,0.174246,2772.996,0.11118555702551824,-1
1030,2021[Cd][pts]3[ASR]2,1.06943,5.28189,5.95163,4598.84,0.5526,0.516724,1602.132,0.11091967479093046,-1
694,2019[Mn][bpq]3[ASR]1,1.18954,5.02932,5.3412,3621.72,0.5568,0.46808,408.142,0.11065921977362758,-1
54,2010[Zn][pts]3[ASR]1,1.25542,3.16837,3.79393,4381.85,0.5515,0.439296,1182.032,0.1101707746592846,-1
1072,2021[Cu][sql]2[ASR]8,1.13227,3.80324,5.7392,5061.8,0.4942,0.436467,1976.04,0.10996380443280662,-1
726,2019[V][bpq]3[ASR]3,1.75338,2.40278,3.15426,3385.31,0.3852,0.21969,598.108,0.10983109720959705,-1
162,2015[PrCo][nan]3[ASR]1,1.04456,5.01053,7.73894,3708.49,0.6107,0.584648,3142.012,0.10935417504583134,-1
247,2016[Cu][nan]3[ASR]5,1.40015,6.66192,9.05479,3068.52,0.6314,0.450951,8529.528,0.10919540102527003,-1
182,2015[Zn][pcu]3[ASR]2,1.47923,3.57978,4.62741,3480.0,0.5369,0.36296,781.834,0.10909995429610553,-1
514,2018[InCu][nan]3[ASR]1,1.25332,3.94822,4.87313,3720.11,0.5556,0.443303,5301.952,0.1089942537609978,-1
767,2019[Zn][sql]2[ASR]8,1.12778,2.17974,4.82279,5055.99,0.5023,0.445387,973.664,0.10888948369678131,-1
1186,2022[Ni][nan]3[ASR]1,1.1092,6.19081,6.8055,4390.28,0.5545,0.499911,1311.808,0.10874690030557699,-1
245,2016[Cu][nan]3[ASR]3,1.47307,6.46579,7.90968,3048.2,0.6068,0.411928,8529.528,0.10874105423969915,-1
36,2007[Zn][nan]3[ASR]1,1.26993,2.40607,4.69949,4037.12,0.5572,0.438765,3848.432,0.10873089203588004,-1
1036,2021[Cd][tfz]3[ASR]4,1.07512,3.62578,5.8322,4289.8,0.5854,0.544495,1506.37,0.10829995271188886,-1
140,2015[CeCo][nan]3[ASR]1,1.03321,5.06278,7.51768,3789.31,0.6068,0.587294,3142.012,0.10817572463620029,-1
252,2016[Ga][nan]3[ASR]3,1.23349,6.97555,7.09041,3173.09,0.583,0.472642,1440.92,0.10817259177253535,-1
1275,2023[Th][nan]3[ASR]1,1.40761,4.33411,4.98521,3329.22,0.5471,0.388674,968.76,0.10811065758800487,-1
651,2019[Dy][pcu]3[ASR]1,1.84481,3.40308,4.11984,3126.99,0.4255,0.230647,1352.832,0.10804524546849703,-1
1146,2022[Cd][crb]3[ASR]1,1.64853,3.52969,4.59063,3186.21,0.5182,0.31434,2204.176,0.10784980627563856,-1
1286,2023[Zn][nan]3[ASR]15,1.43928,7.2751,8.20323,3773.02,0.5225,0.36303,1583.628,0.10776348332833208,-1
1120,2021[Zn][fit]3[ASR]1,1.24334,4.36134,5.78655,3797.57,0.5775,0.464476,1416.95,0.1077547245929511,-1
1055,2021[Cu][bex]2[ASR]1,1.05286,5.05883,6.66742,4653.86,0.5665,0.538057,2681.892,0.10765688836014209,-1
372,2017[Eu][kgd]2[ASR]1,1.05574,4.9909,7.04465,4035.82,0.5986,0.566997,1174.75,0.10760438324841237,-1
853,2020[CuYb][stp]3[ASR]1,2.03966,5.08852,6.99405,2933.68,0.4176,0.20474,1954.32,0.10753654082330555,-1
137,2015[Cd][nan]3[ASR]3,1.99798,2.94653,4.60502,3040.37,0.4611,0.230783,1635.0,0.1074870716609595,-1
1234,2023[CuTi][nan]3[ASR]1,1.11021,4.91034,5.85613,4600.94,0.5647,0.508642,5488.256,0.10722620179175357,-1
1303,2024[CeCu][nan]3[ASR]1,1.75597,4.93687,6.13228,2702.62,0.5135,0.29243,857.154,0.10698705081317272,-1
297,2017[Cd][hcb]2[ASR]1,0.994083,4.05625,6.81139,4462.16,0.5925,0.596027,1211.898,0.10689047620935743,-1
894,2020[Eu][nan]3[ASR]3,1.25383,6.29607,7.18562,3232.01,0.6001,0.478613,2869.08,0.10686413513344561,-1
739,2019[Zn][hcb]2[ASR]1,1.1772,3.80351,4.17002,4477.2,0.5592,0.475024,1158.208,0.10574941074088406,-1
250,2016[Ga][nan]3[ASR]1,1.21033,7.04653,7.15937,3216.11,0.5872,0.485156,1440.92,0.10550545852601112,-1
672,2019[In][bpq]3[ASR]2,1.41086,6.08989,6.68867,3045.09,0.5864,0.415632,2615.448,0.1054832845767999,-1
405,2017[Pr][nan]3[ASR]1,1.93637,3.37191,4.62788,3008.15,0.4313,0.222736,1416.456,0.10543361526459893,-1
1202,2022[Zn][pcu]3[ASR]2,1.16393,5.69554,7.5259,3853.46,0.6032,0.518244,1510.384,0.10540605001855341,-1
686,2019[Lu][pcu]3[ASR]1,1.83876,3.65639,4.41362,3001.16,0.4469,0.243045,2052.7,0.10521101651546916,-1
1169,2022[Eu][cco]3[ASR]1,1.83907,3.60867,5.56527,2784.11,0.4579,0.248984,2779.21,0.10519136736295098,-1
478,2018[Ce][csq]3[ASR]1,0.557854,17.73807,23.51979,3476.89,0.8053,1.44357,5452.68,0.10511993468634229,-1
51,2009[Zn][pcu]3[ASR]2,1.46944,2.85127,6.3573,3487.24,0.5728,0.389809,3819.376,0.10496585445940387,-1
1033,2021[Cd][tfz]3[ASR]1,1.04541,4.51584,6.60193,4297.43,0.5957,0.569824,2780.58,0.10458321650275959,-1
916,2020[Mg][nan]3[ASR]2,0.97996,4.57999,11.52985,4859.28,0.5401,0.551145,21324.552,0.10417133337330298,-1
1101,2021[NiGe][pcu]3[ASR]1,1.81188,3.28853,4.09628,3136.05,0.4053,0.22369,332.861,0.10414117618710472,-1
812,2020[Ce][nan]3[ASR]1,1.41157,4.41475,5.82674,3223.11,0.5746,0.407064,1848.924,0.10390963393855523,-1
1009,2020[Zr][hex]3[ASR]1,1.10193,5.53626,8.89938,2956.61,0.6386,0.579527,3320.064,0.10383161267976493,-1
1068,2021[Cu][sql]2[ASR]4,1.73659,4.16597,4.66581,3362.87,0.5313,0.305944,1314.552,0.10366337077741639,-1
308,2017[Cd][pcu]3[ASR]1,1.22425,3.60205,6.95567,3669.41,0.5997,0.48985,3189.908,0.10360328839929123,-1
391,2017[Mn][sql]2[ASR]3,1.02111,5.10273,6.5807,4815.33,0.5449,0.533636,1693.034,0.10333678476076869,-1
251,2016[Ga][nan]3[ASR]2,1.23553,6.94469,7.05551,3171.72,0.5909,0.478257,720.46,0.10306613990710933,-1
1277,2023[V][sea]3[ASR]1,1.02943,5.01639,5.91852,4074.74,0.5818,0.565165,1376.784,0.10285299762641498,-1
814,2020[Co][cds]3[ASR]1,0.993824,5.50673,7.89703,4510.34,0.5886,0.592258,4739.608,0.10284134767280517,-1
938,2020[Pr][nan]3[ASR]1,1.45065,4.33824,5.71107,3114.65,0.5698,0.392789,1848.924,0.10262899502282452,-1
893,2020[Eu][nan]3[ASR]2,1.49411,4.32517,5.70363,3028.15,0.5657,0.37862,3064.636,0.10229826882157522,-1
1189,2022[Sm][nan]3[ASR]1,1.61459,4.20194,5.5841,2931.7,0.5526,0.342254,750.354,0.10142747235332705,-1
1152,2022[Cd][pcu]3[ASR]1,1.02792,4.35738,6.92977,4858.05,0.5602,0.544984,2948.44,0.10133218612007222,-1
403,2017[PrCu][nan]3[ASR]1,2.15211,4.39895,5.34172,2993.95,0.4201,0.195204,6720.268,0.1012111343685469,-1
319,2017[Co][hcb]2[ASR]1,0.99702,5.22817,6.75522,4765.83,0.554,0.555656,7157.28,0.10102971507362057,-1
712,2019[Pb][nan]2[ASR]1,1.93177,3.68968,4.91422,2937.33,0.4253,0.22016,1112.972,0.10087589797116947,-1
414,2017[V][nan]3[ASR]1,1.11073,7.07801,7.27667,3408.76,0.5912,0.532264,924.228,0.1007891738228468,-1
34,2007[CuEu][nan]3[ASR]1,1.96567,3.85822,4.40951,3202.83,0.3867,0.196727,1879.824,0.10061220620321287,-1
392,2017[Nd][nan]3[ASR]1,1.96606,3.35073,4.57962,2968.61,0.432,0.219729,1416.456,0.10025379778962851,-1
834,2020[Co][nan]3[ASR]6,1.03447,6.11171,8.05301,3697.05,0.6192,0.598565,1084.342,0.0999824066713777,-1
756,2019[Zn][pcu]3[ASR]4,1.17237,5.89259,6.99406,4869.11,0.4982,0.42495,1867.112,0.09993220475390463,-1
68,2012[Zn][bcs]3[ASR]1,1.0177,3.47534,5.57526,4336.33,0.5872,0.576985,5274.76,0.09947790287844716,-1
829,2020[Co][nan]3[ASR]18,1.6268,2.37365,3.2637,3185.71,0.4303,0.264507,2043.333,0.09944201731891145,-1
1085,2021[Fe][bpq]3[ASR]1,1.17541,4.92571,5.3529,3657.0,0.5735,0.487913,473.936,0.09868589743220135,-1
266,2016[ZnFe][nan]2[ASR]1,1.0321,5.86263,6.8367,4320.52,0.5839,0.565741,3127.46,0.09839745614830564,-1
322,2017[Co][nan]3[ASR]13,0.846295,6.81035,13.9685,3799.39,0.68,0.803502,9126.9,0.09797120893377942,-1
1097,2021[Mn][sql]2[ASR]1,0.991129,4.77985,5.88533,4438.91,0.5829,0.588117,2038.992,0.09756488985786893,-1
1054,2021[CuMn][tfz]3[ASR]2,0.986844,5.39916,7.3738,4747.29,0.5629,0.570404,3182.47,0.09756110655375272,-1
1019,2021[Al][nan]3[ASR]23,1.04921,6.82522,6.9967,3664.58,0.5837,0.556322,720.46,0.09695762483071402,-1
389,2017[Mn][sql]2[ASR]1,1.02117,5.0965,6.48596,4816.33,0.5521,0.540655,1697.066,0.09692433978122872,-1
138,2015[Cd][sql]2[ASR]1,1.11534,3.57485,5.2608,4808.48,0.5641,0.505765,921.656,0.09691475729839039,-1
961,2020[Zn][bbf]3[ASR]1,1.25677,3.42918,4.55007,5158.45,0.4569,0.363551,1943.316,0.09690500131802615,-1
543,2018[Zn][sql]2[ASR]3,1.29828,3.40153,5.12746,5186.8,0.4234,0.326123,967.658,0.09679071267496364,-1
958,2020[Y][nan]3[ASR]2,1.84929,2.64112,3.87606,3130.34,0.3968,0.214569,444.21,0.09646998328656564,-1
687,2019[Lu][pcu]3[ASR]2,1.90166,3.40898,4.12942,3007.35,0.4282,0.225172,2052.7,0.09645551495367632,-1
1255,2023[La][pts]3[ASR]1,1.21149,7.50315,8.08695,3001.63,0.6208,0.512427,870.198,0.09630013610173616,-1
972,2020[Zn][nan]3[ASR]1,1.11425,5.06449,8.17629,3925.05,0.6281,0.563696,2257.042,0.0962204012102057,-1
953,2020[V][nan]3[ASR]1,1.11033,6.96931,7.09076,3445.48,0.5939,0.534887,924.228,0.09609675885999769,-1
1140,2021[Zn][sqc]3[ASR]1,1.02219,6.45473,10.24751,4517.12,0.5869,0.574157,2626.32,0.09580335144021768,-1
954,2020[V][nan]3[ASR]2,1.11183,6.98626,7.09203,3441.43,0.5946,0.534793,924.228,0.09545199676260929,-1
955,2020[V][nan]3[ASR]3,1.13183,7.00357,7.18306,3311.52,0.6022,0.53206,1840.392,0.09544897342195902,-1
644,2019[Cu][sql]2[ASR]3,1.00861,2.87932,6.02458,4945.13,0.5531,0.548378,2212.228,0.09542201814397333,-1
383,2017[Mn][hxl]2[ASR]1,1.20785,3.4716,5.4627,3565.35,0.5788,0.479198,1633.94,0.0947668748809054,-1
724,2019[V][bpq]3[ASR]1,1.82841,3.16519,3.4251,3120.95,0.4204,0.229926,619.906,0.09423094735056625,-1
1073,2021[Cu][sql]2[ASR]9,1.14452,4.99366,7.11342,5056.21,0.4888,0.427077,1952.008,0.09395691051293009,-1
828,2020[Co][nan]3[ASR]17,1.6623,2.24189,3.17397,3166.35,0.4174,0.251098,2043.333,0.09358400322264804,-1
627,2019[Cu][mrc]3[ASR]1,1.08887,4.53634,6.3896,3921.92,0.6044,0.55507,3188.04,0.0934134555820112,-1
835,2020[Co][nan]3[ASR]7,1.00593,6.65179,8.44237,3692.87,0.6271,0.623401,1084.342,0.09307350431891548,-1
1044,2021[Co][nan]3[ASR]3,1.07268,7.53646,8.28628,3366.72,0.6223,0.580137,3504.396,0.09294979142168702,-1
673,2019[In][kgd]2[ASR]1,0.915941,4.1424,8.54135,4397.7,0.6198,0.676682,2591.366,0.0924786762139771,-1
434,2017[Zn][nan]2[ASR]5,1.11639,5.89466,8.75197,4873.93,0.5268,0.471878,2143.284,0.09210600017065951,-1
574,2019[Cd][kgd]2[ASR]3,0.973127,3.23146,7.14024,4875.99,0.5745,0.590365,999.442,0.09190299025929871,-1
1018,2021[Ag][nan]3[ASR]1,1.38549,8.74983,9.77195,3114.85,0.6202,0.44764,1185.56,0.09160334688990512,-1
678,2019[In][sql]2[ASR]1,1.05675,3.87702,6.45976,4141.39,0.6085,0.575822,2332.824,0.09148663024477077,-1
124,2014[Ni][gra]3[ASR]1,1.07407,3.21461,5.21245,5110.24,0.5097,0.474551,2909.624,0.09106774111093596,-1
757,2019[Zn][pcu]3[ASR]5,1.17359,5.88543,6.8872,4927.53,0.4937,0.420676,1967.232,0.09101748362369633,-1
321,2017[Co][nan]3[ASR]1,0.898646,3.84459,8.43233,4391.2,0.6186,0.688369,6633.99,0.09064467157494449,-1
1083,2021[Eu][pts]3[ASR]1,1.62579,3.83347,4.62651,2895.59,0.5271,0.324212,3088.876,0.09053278870528692,-1
269,2016[Zn][fgl]3[ASR]1,1.33966,8.63635,9.32756,2951.3,0.6255,0.466909,1949.148,0.09007620761446522,-1
365,2017[Cu][sql]2[ASR]2,1.03066,6.13394,8.68905,4437.56,0.6043,0.586321,8751.6,0.090039201813648,-1
390,2017[Mn][sql]2[ASR]2,1.00193,5.206,6.69457,4842.57,0.5546,0.553533,1693.034,0.08980662334494127,-1
688,2019[Mg][nan]2[ASR]1,0.990973,5.11652,6.1478,4872.76,0.5442,0.549157,1462.217,0.08941173087148746,-1
1051,2021[Co][sql]2[ASR]2,1.00269,5.11966,6.03818,4712.26,0.5688,0.567273,1773.428,0.08921860060493114,-1
1000,2020[Zn][sql]2[ASR]2,1.09315,4.42222,4.99177,4284.83,0.5859,0.535975,1238.334,0.0890169419113298,-1
998,2020[Zn][qtz]3[ASR]1,1.28441,7.05601,7.93137,4564.92,0.5057,0.393721,1018.848,0.08900119198506817,-1
385,2017[Mn][hxl]2[ASR]3,1.08784,3.68839,5.29814,3942.24,0.5895,0.541898,1456.124,0.08863157189831417,-1
1363,2024[Zn][scn]3[ASR]1,1.04474,4.84141,6.79594,4020.73,0.614,0.587708,1579.8,0.08850089097013725,-1
890,2020[Eu][bnn]3[ASR]1,1.26448,2.72095,4.40099,3683.03,0.5596,0.442555,1058.534,0.08843122232273437,-1
64,2012[CuCd][hex]3[ASR]1,1.07794,4.12859,6.18188,4062.83,0.607,0.563111,5310.88,0.08836062010735679,-1
810,2020[Cd][sql]2[ASR]3,1.06706,3.78773,5.62241,5056.7,0.5284,0.495194,2130.796,0.08777441154789045,-1
957,2020[Y][nan]3[ASR]1,1.87426,2.66507,3.77542,3101.41,0.3884,0.207228,444.21,0.08774288270007746,-1
762,2019[Zn][sit]3[ASR]1,1.02207,3.96686,7.35718,5005.61,0.5539,0.541939,4135.148,0.08696418944641215,-1
541,2018[Zn][sql]2[ASR]1,1.00765,3.9361,7.01447,4959.93,0.5622,0.55793,8037.4,0.08658405056062324,-1
803,2020[Cd][pcu]3[ASR]1,1.17602,7.44381,8.04641,4279.94,0.5455,0.463851,5095.324,0.08639514170633689,-1
749,2019[Zn][nan]3[ASR]2,1.11124,5.56812,7.57136,3638.48,0.6306,0.567472,3596.112,0.08612036864543904,-1
548,2018[Zr][nan]3[ASR]1,0.847475,5.25872,12.90854,3510.67,0.6856,0.808991,17797.752,0.08538156291112942,-1
1247,2023[Fe][nan]3[ASR]1,1.2805,3.99379,5.63012,3383.58,0.5924,0.462633,4869.4,0.0850937255830102,-1
281,2017[Ag][sqc]3[ASR]1,1.14094,8.15582,10.30618,3098.2,0.6714,0.58846,2017.8,0.08492497849190328,-1
1188,2022[Sc][qtz]3[ASR]1,1.3921,2.94067,3.39138,3258.16,0.5173,0.371597,528.108,0.08474215937181429,-1
926,2020[Mn][kgd]2[ASR]1,0.970864,5.10877,7.62045,4865.8,0.5661,0.583089,2277.408,0.08446747345983452,-1
1315,2024[Cu][tfz]3[ASR]1,1.65828,7.89447,8.13006,3054.94,0.4567,0.275405,1317.834,0.08409481436458344,-1
1154,2022[Ce][sql]2[ASR]1,1.1113,3.99135,5.72041,4011.07,0.6032,0.542787,676.496,0.0839711935649532,-1
1098,2021[Mo][lvt]3[ASR]1,1.00653,5.72342,6.79293,4246.37,0.6042,0.60028,3275.016,0.08374515504255009,-1
1203,2022[Zn][pcu]3[ASR]3,0.925547,5.29268,8.44344,4302.87,0.6265,0.676897,2482.812,0.0836876630147172,-1
1357,2024[Zn][nan]2[ASR]1,0.965113,4.80121,6.95837,4311.74,0.614,0.636195,2222.06,0.08360416974416629,-1
386,2017[Mn][hxl]2[ASR]4,1.10132,3.42155,5.55602,3913.4,0.5976,0.54262,1456.124,0.0831377386613108,-1
165,2015[Sm][sql]2[ASR]1,1.49163,4.02369,6.71175,2720.34,0.5892,0.395005,750.354,0.08288724204081954,-1
170,2015[Zn][dia]3[ASR]2,1.3408,5.14827,6.32905,5090.81,0.4327,0.322718,1742.98,0.0828531614051522,-1
549,2018[Zr][nan]3[ASR]2,0.833978,5.34156,13.22909,3492.44,0.6897,0.827,17797.752,0.08254185170356632,-1
1322,2024[La][sql]2[ASR]1,1.06969,4.77489,6.33317,3888.95,0.6133,0.573345,1004.38,0.08141710705206195,-1
948,2020[Tb][nan]3[ASR]4,1.6218,6.28333,6.65235,2586.52,0.5674,0.349857,4392.504,0.08075727873126382,-1
718,2019[Tb][nan]3[ASR]2,1.16947,4.32422,6.15169,3382.73,0.6094,0.52109,3777.328,0.08072526773597422,-1
280,2017[Ag][sqc]2[ASR]1,1.11653,9.25829,10.88694,3121.04,0.6651,0.595683,1008.9,0.08056029862286929,-1
1358,2024[Zn][nan]3[ASR]1,1.19228,3.75719,5.1788,3876.06,0.5947,0.498792,1001.97,0.08010063825347746,-1
12,0000[Cu][apo]3[ASR]1,1.10662,3.49272,4.35727,4157.76,0.5847,0.528368,2462.016,0.08005555675879061,-1
971,2020[Zn][nan]2[ASR]2,1.409,6.28404,7.16487,3033.29,0.6263,0.4445,1200.26,0.08004915666197232,-1
1282,2023[Zn][nan]3[ASR]11,1.08378,4.60289,6.78027,3885.71,0.6232,0.575025,2052.08,0.0797186632343232,-1
793,2020[Cd][hcb]2[ASR]1,1.25706,2.65279,4.71211,5254.93,0.4506,0.358454,1602.344,0.07933566880198795,-1
1182,2022[Nd][sql]2[ASR]1,1.12799,3.95942,5.47836,3942.56,0.6023,0.533958,676.496,0.07914671132377094,-1
404,2017[Pr][kgd]2[ASR]1,1.04005,5.15375,6.21738,4019.84,0.6105,0.586993,1933.68,0.07890612784875728,-1
515,2018[Mn][bcu]3[ASR]1,0.922419,5.9032,7.52583,4106.7,0.6179,0.669869,2444.092,0.07888847767521612,-1
1052,2021[Co][svk]3[ASR]1,0.982385,4.34,6.23706,3990.85,0.6117,0.622668,2324.992,0.07888188650121242,-1
476,2018[Cd][sql]2[ASR]1,1.02975,5.95747,7.84304,4534.72,0.603,0.585579,2035.264,0.07885771085297488,-1
1187,2022[Sc][nan]3[ASR]1,1.01537,7.12073,7.26158,3785.61,0.6023,0.59318,720.46,0.07885026914344828,-1
891,2020[Eu][flu]3[ASR]1,1.02537,5.56052,7.12872,3905.03,0.6248,0.609342,1194.654,0.07843599603539086,-1
557,2019[Al][bpq]3[ASR]3,0.969882,6.57536,6.95943,4047.77,0.5996,0.61822,362.246,0.07812356904187379,-1
1160,2022[Co][sql]2[ASR]1,0.964305,7.51941,9.0054,4178.82,0.5993,0.621484,2761.848,0.07798971090953222,-1
1071,2021[Cu][sql]2[ASR]7,0.989302,4.46906,5.80093,4482.76,0.6009,0.607398,1783.896,0.07793012543432631,-1
122,2014[In][nan]3[ASR]1,1.05655,4.80255,7.0626,3828.2,0.6289,0.595238,11930.448,0.07791293878832417,-1
492,2018[Co][sql]2[ASR]1,0.955836,5.68887,7.14429,4792.68,0.5664,0.59257,1821.34,0.07787294482331153,-1
384,2017[Mn][hxl]2[ASR]2,1.1993,3.73634,5.16711,3581.53,0.5909,0.492704,1633.94,0.07776320121429436,-1
833,2020[Co][nan]3[ASR]5,1.04794,7.43378,9.22018,4541.9,0.5446,0.519687,3626.552,0.07717048408301652,-1
1080,2021[Eu][lvt]3[ASR]1,1.08296,5.2026,8.09843,3337.7,0.6516,0.601687,2036.696,0.07661768240607048,-1
1173,2022[Eu][nan]3[ASR]2,1.1317,8.09201,8.67402,3951.07,0.5779,0.510648,2685.62,0.07629184950832246,-1
677,2019[In][nan]3[ASR]2,1.04616,6.51322,6.75073,4219.75,0.5951,0.568842,3683.532,0.07624020960381173,-1
849,2020[CuSb][sql]2[ASR]1,1.25967,8.76669,9.22397,3369.93,0.6197,0.491955,1101.632,0.07596341033841636,-1
1359,2024[Zn][nia]3[ASR]1,0.932478,4.38542,8.54294,4102.11,0.6434,0.689989,2039.644,0.07571196553801518,-1
679,2019[La][nan]3[ASR]1,1.16272,4.79446,6.74457,3284.0,0.6276,0.539771,2505.928,0.07559112702117532,-1
840,2020[Co][nia]3[ASR]1,0.898639,4.51307,8.68123,3969.91,0.6441,0.71675,1994.964,0.0754842645213527,-1
295,2017[Cd][dia]3[ASR]1,1.00531,4.21326,7.09858,4086.71,0.6295,0.626173,3441.572,0.07543386786043049,-1
713,2019[Pr][nan]3[ASR]1,1.11647,4.77676,6.90143,3411.95,0.6304,0.564635,1252.964,0.07524220669669801,-1
774,2019[Zr][bcu]3[ASR]2,0.952429,8.95756,11.33088,3021.69,0.685,0.719214,1532.04,0.07522296758695313,-1
1214,2022[Zr][lvt]3[ASR]1,1.0669,6.93493,9.83426,2836.58,0.6733,0.631079,5783.264,0.07507197312292924,-1
160,2015[Ni][nan]3[ASR]1,1.05682,2.20734,9.03942,5163.33,0.5256,0.497339,3463.626,0.07506393943966594,-1
1355,2024[Zn][hex]3[ASR]1,0.944033,4.32408,6.7635,4401.71,0.6171,0.653685,4297.768,0.07503253299369228,-1
653,2019[Er][hcb]2[ASR]1,1.69558,3.14517,5.09588,2818.55,0.5486,0.323548,620.886,0.07459505859332416,-1
596,2019[Co][hex]3[ASR]1,0.928459,4.86936,6.85186,4402.18,0.6143,0.661634,4550.62,0.07439874218573972,-1
650,2019[Dy][nan]3[ASR]1,1.14845,4.73691,6.69524,3344.32,0.6276,0.546477,2505.928,0.07422196810880766,-1
433,2017[Zn][nan]2[ASR]2,0.980922,4.58686,6.62075,4917.83,0.5704,0.581494,4026.884,0.07345713500537654,-1
841,2020[Co][nia]3[ASR]2,0.897519,4.51054,8.64781,3967.04,0.6453,0.718982,1994.964,0.0734081146001313,-1
964,2020[Zn][dia]3[ASR]1,1.04759,3.8424,5.10958,4571.36,0.5975,0.570354,1358.464,0.07320134537315237,-1
647,2019[Cu][tbo]3[ASR]2,0.886546,6.78058,13.28372,3301.42,0.7177,0.809547,2419.488,0.07298077702460426,-1
97,2014[Cd][rtl]3[ASR]1,0.921866,3.72709,7.73666,4810.89,0.5993,0.650094,3137.552,0.0728583329838377,-1
1213,2022[Zn][sql]2[ASR]7,1.20811,3.41765,4.79095,5245.3,0.4624,0.382748,943.644,0.07275445417397797,-1
1305,2024[Co][nan]3[ASR]2,0.997151,4.85825,6.22456,3881.62,0.6162,0.61796,2044.788,0.07270468876665981,-1
680,2019[La][nan]3[ASR]2,1.10281,4.38818,5.93339,3654.66,0.6133,0.556126,3617.168,0.07257513035223662,-1
884,2020[Cu][tbo]3[ASR]3,0.887233,6.78569,13.27585,3295.08,0.718,0.809257,2419.488,0.07256081743151799,-1
378,2017[Gd][mog]3[ASR]1,2.03205,2.58561,4.66458,2799.89,0.4181,0.205753,504.262,0.07238650482184306,-1
1100,2021[Nd][lvt]3[ASR]1,1.04871,5.16224,7.87822,3438.31,0.65,0.619807,2857.68,0.0723189641516846,-1
659,2019[Eu][nan]3[ASR]3,1.11531,4.66962,6.54031,3460.23,0.6257,0.561008,3721.64,0.07226702482581326,-1
719,2019[Tb][nan]3[ASR]3,1.1567,4.44398,5.90587,3476.94,0.613,0.529958,3777.328,0.07213731729915773,-1
79,2013[Mn][nan]3[ASR]3,1.09749,3.80539,4.57307,3805.74,0.5871,0.534947,2096.44,0.07206812168650556,-1
646,2019[Cu][tbo]3[ASR]1,0.886045,6.68715,13.15744,3330.13,0.7168,0.808989,2419.488,0.07199826767398543,-1
984,2020[Zn][nan]3[ASR]20,1.02488,6.32129,8.78178,3873.73,0.6527,0.636857,1138.25,0.07196908711468719,-1
115,2014[Cu][tbo]3[ASR]3,0.886331,6.79616,13.28651,3295.67,0.7186,0.810758,2419.488,0.07189007574060091,-1
561,2019[Bi][gra]2[ASR]1,1.31024,4.15865,5.56109,3278.68,0.6033,0.46045,2258.416,0.0716480955764216,-1
61,2012[Cd][uoc]3[ASR]1,1.06856,6.18728,7.19339,4778.0,0.5643,0.528096,4550.944,0.07152656586928918,-1
1278,2023[Zn][eta]3[ASR]1,1.07529,5.95423,7.51287,4245.52,0.6249,0.581143,7716.648,0.07142864664017567,-1
648,2019[Cu][tbo]3[ASR]3,0.883033,6.76269,13.18078,3328.13,0.7177,0.812767,2419.488,0.0713510175929517,-1
1011,2020[Zr][nan]3[ASR]2,0.907894,6.11302,8.22493,3742.86,0.6437,0.709004,3733.701,0.07114815162400268,-1
1201,2022[Zn][pcu]3[ASR]1,0.967358,3.57844,5.39172,4567.68,0.5998,0.620039,2015.1,0.07098505064125571,-1
885,2020[Cu][tbo]3[ASR]4,0.881994,6.70666,13.18109,3342.28,0.7176,0.813611,2419.488,0.07097339461268226,-1
886,2020[Cu][tbo]3[ASR]5,0.881994,6.70666,13.18109,3349.02,0.7176,0.813611,2419.488,0.0709719520916623,-1
970,2020[Zn][nan]2[ASR]1,0.935651,4.67007,6.10347,4656.67,0.5952,0.636135,1847.118,0.07082135013958735,-1
316,2017[Ce][sql]2[ASR]1,1.13175,4.79885,5.35095,3679.91,0.6031,0.53289,1285.056,0.07080569520928592,-1
1328,2024[Ni][nan]3[ASR]1,0.894638,4.98863,9.13946,4532.5,0.6298,0.703972,1539.303,0.07069663998856357,-1
168,2015[V][bpq]3[ASR]1,1.03024,6.38971,6.69555,3689.98,0.6178,0.599667,1856.52,0.07063967620508715,-1
715,2019[Sm][nan]3[ASR]2,1.08613,4.96448,7.0252,3467.21,0.6367,0.586209,1252.964,0.07047612458741037,-1
1137,2021[Zn][nan]3[ASR]8,0.966907,5.20827,9.4584,4041.22,0.662,0.684658,1613.104,0.07046300290974528,-1
668,2019[Gd][nan]3[ASR]1,1.15112,4.77618,6.72549,3317.65,0.6316,0.548684,3825.368,0.07042556477859852,-1
1004,2020[Zn][tfz]3[ASR]2,0.95221,6.54298,9.63082,4630.38,0.5972,0.627173,9993.504,0.07023965831666845,-1
1259,2023[Sc][bpq]3[ASR]1,0.951349,5.34971,5.81948,4623.92,0.5856,0.615547,1124.972,0.07020505288118684,-1
93,2013[Zn][nan]3[ASR]8,1.12902,6.07675,7.43364,3501.21,0.6428,0.569343,3726.24,0.07016270700073446,-1
116,2014[Cu][tbo]3[ASR]4,0.882932,6.80767,13.2781,3311.71,0.7198,0.815238,9677.952,0.0700424694648385,-1
593,2019[Co][apo]3[ASR]1,1.05942,3.6671,4.54762,3946.25,0.5906,0.557472,2425.112,0.06998480525255912,-1
1206,2022[Zn][pts]3[ASR]2,1.14329,5.59193,6.67531,3572.42,0.6294,0.550516,2785.504,0.06972872830859189,-1
52,2010[Cr][bpq]3[ASR]1,1.02131,7.08769,7.24753,3618.12,0.6219,0.608923,464.222,0.06966310532521724,-1
460,2018[Ag][sql]2[ASR]2,1.26516,5.30391,6.92442,3438.7,0.6354,0.502229,1073.46,0.06955197525594436,-1
615,2019[Co][pcu]3[ASR]1,0.956026,5.4487,6.02974,4671.61,0.5835,0.610339,2261.628,0.0694694851638662,-1
117,2014[Cu][tbo]3[ASR]5,0.885,6.71145,13.18974,3327.91,0.7191,0.812542,9677.952,0.06944736371965332,-1
14,0000[Cu][tbo]3[ASR]2,0.888494,6.65523,13.20142,3310.85,0.7192,0.80946,9677.952,0.06929357519210333,-1
430,2017[Zn][hcb]2[ASR]3,0.893598,3.42602,10.02552,4329.03,0.6466,0.723592,5061.808,0.06922893219432069,-1
1210,2022[Zn][pts]3[ASR]6,1.14226,5.60544,6.66919,3575.76,0.6298,0.551365,2785.504,0.06903978854962078,-1
45,2007[Zn][srs]3[ASR]9,1.23149,6.75539,8.59914,3286.98,0.6644,0.53951,12657.888,0.06892513639452447,-1
1208,2022[Zn][pts]3[ASR]4,1.14153,5.61956,6.67456,3580.34,0.6299,0.551804,2785.504,0.06890411395440732,-1
611,2019[Co][nan]3[ASR]6,0.994093,3.91144,5.14458,5031.4,0.5459,0.549144,3218.724,0.06857780129453439,-1
1209,2022[Zn][pts]3[ASR]5,1.13981,5.63155,6.67811,3576.85,0.6303,0.552987,2785.504,0.06853663720279468,-1
461,2018[Ag][sql]2[ASR]3,1.25975,5.36051,6.95497,3436.09,0.6371,0.505736,1073.46,0.06835299431520658,-1
965,2020[Zn][fgl]3[ASR]1,1.01045,5.8044,8.61383,4033.58,0.6525,0.645749,1479.186,0.06826796989262918,-1
1356,2024[Zn][lig]3[ASR]1,1.13029,3.9554,7.58763,3715.75,0.643,0.568881,1475.896,0.06807678903508485,-1
1155,2022[CoMn][sql]2[ASR]1,0.953476,7.54394,9.05169,4213.33,0.6106,0.640394,2745.868,0.06802361627032316,-1
1056,2021[Cu][dia]3[ASR]1,1.06374,3.36613,4.58508,5149.15,0.5176,0.486586,1687.88,0.06748744300455334,-1
883,2020[Cu][tbo]3[ASR]2,0.878222,6.75663,13.21587,3353.72,0.7206,0.820522,2419.488,0.06743494191691113,-1
1205,2022[Zn][pts]3[ASR]1,1.13491,5.63995,6.69644,3591.04,0.6315,0.556431,2785.504,0.06739485560860259,-1
118,2014[Cu][tbo]3[ASR]6,0.878777,6.78455,13.20057,3346.27,0.7208,0.820231,9677.952,0.06725231133085119,-1
899,2020[Fe][nan]3[ASR]1,0.929682,7.35488,9.07325,3841.17,0.6464,0.695292,1895.76,0.06723677884916524,-1
658,2019[Eu][nan]2[ASR]1,2.04542,2.30309,3.00234,3370.32,0.3193,0.156105,1872.836,0.06710858695388677,-1
1046,2021[Co][nan]3[ASR]5,1.8299,3.05608,3.77911,2890.76,0.3988,0.217936,1082.042,0.06682313356030245,-1
887,2020[Cu][tbo]3[ASR]6,0.881994,6.70647,13.18091,3347.26,0.7208,0.817239,2419.488,0.06676503103697384,-1
716,2019[Sm][sqc]3[ASR]1,1.59006,4.14275,4.91789,2860.65,0.5731,0.360426,342.168,0.06657457461897165,-1
698,2019[Nd][nan]3[ASR]1,1.09106,4.79,6.72656,3489.57,0.6345,0.581545,2505.928,0.06603679112827043,-1
491,2018[Co][nia]3[ASR]1,0.872025,4.68406,8.91438,4021.56,0.6517,0.747341,1994.964,0.06585053856847356,-1
462,2018[Ag][sql]2[ASR]4,1.25216,5.43218,6.98692,3438.62,0.6401,0.511197,1073.46,0.06560897564126411,-1
882,2020[Cu][tbo]3[ASR]1,0.868078,6.78307,13.27801,3376.38,0.722,0.831723,2419.488,0.0653590952000358,-1
350,2017[Cu][hcb]2[ASR]2,1.14721,3.56887,4.24981,5195.11,0.4961,0.432439,1727.756,0.06525332735744405,-1
1238,2023[Cu][nan]3[ASR]4,0.944758,4.58493,6.85707,4392.92,0.6256,0.66218,2958.54,0.06514663495506401,-1
710,2019[Ni][pcu]3[ASR]1,1.05315,3.553,5.9155,3778.13,0.6161,0.585007,2222.864,0.06452280271555644,-1
197,2016[Cd][kgd]2[ASR]1,1.0597,5.44523,6.35549,5072.95,0.5146,0.48561,975.364,0.06399270819282221,-1
791,2020[Cd][apo]3[ASR]1,1.22093,5.78235,6.54851,3307.54,0.6341,0.519357,2556.248,0.06376204357468573,-1
39,2007[Zn][srs]3[ASR]10,1.23146,6.77259,8.60968,3271.27,0.6693,0.5435,12657.888,0.06373823800392753,-1
670,2019[Ho][nan]3[ASR]1,1.07981,4.54715,6.29131,3653.49,0.6284,0.581952,3617.168,0.06281546911548563,-1
42,2007[Zn][srs]3[ASR]13,1.20596,7.09618,8.73075,3288.07,0.6705,0.555988,12657.888,0.06254782187743135,-1
589,2019[Ce][nan]3[ASR]1,1.08396,4.51188,6.31211,3615.84,0.629,0.580281,2505.928,0.06240641927405055,-1
1307,2024[Co][sql]2[ASR]1,0.999745,3.76937,5.74995,5181.93,0.5187,0.518832,3267.28,0.062211370533175936,-1
656,2019[Er][nan]3[ASR]1,1.08763,4.49388,6.28799,3603.18,0.6288,0.57814,2505.928,0.062087892420002344,-1
691,2019[Mg][nan]3[ASR]2,0.912446,10.73041,12.01944,3357.04,0.6481,0.710289,4368.744,0.06201546414769332,-1
1276,2023[U][nan]2[ASR]1,1.06552,5.2856,7.98544,3435.19,0.6611,0.620449,4084.404,0.061915916887587574,-1
592,2019[CoMg][hex]3[ASR]1,0.905268,4.62255,6.68369,4594.79,0.6122,0.676264,4412.108,0.06184912031823386,-1
463,2018[Ag][sql]2[ASR]5,1.24315,5.52972,7.05962,3439.58,0.6449,0.518765,1073.46,0.06158871198549898,-1
912,2020[In][nan]3[ASR]1,1.80152,4.92871,6.67097,2478.1,0.5725,0.317787,1720.786,0.061246054989239296,-1
40,2007[Zn][srs]3[ASR]11,1.22695,7.15145,8.64577,3285.13,0.6693,0.545499,12657.888,0.06096226095782642,-1
464,2018[Ag][sql]2[ASR]6,1.23333,5.58913,7.14563,3435.57,0.6479,0.525328,1073.46,0.06008972242374799,-1
516,2018[Mn][bcu]3[ASR]2,0.884009,6.19384,8.2634,4095.01,0.6416,0.725784,2444.092,0.05979289457813319,-1
78,2013[La][nan]3[ASR]3,0.920261,5.37102,7.71573,4147.0,0.6425,0.698171,5627.128,0.05960110258478779,-1
21,0000[Lu][lcy]3[ASR]1,0.89958,7.28263,13.22023,3152.69,0.7283,0.8096,13758.368,0.059417567752380496,-1
1149,2022[Cd][nan]2[ASR]2,1.14817,5.50156,6.73321,5144.02,0.4781,0.416402,3789.56,0.059246414117595236,-1
43,2007[Zn][srs]3[ASR]14,1.23467,7.01593,8.40821,3269.63,0.6679,0.540955,12657.888,0.059150724856845915,-1
792,2020[Cd][fes]2[ASR]1,1.09274,4.43894,5.66875,3874.53,0.6216,0.568844,1590.5,0.05901657861734866,-1
41,2007[Zn][srs]3[ASR]12,1.21042,6.8958,8.47518,3291.54,0.6705,0.553938,12657.888,0.058827508151537033,-1
1037,2021[Ce][flu]3[ASR]1,0.896589,4.17323,8.48584,3914.73,0.6534,0.728762,984.878,0.0586595771026277,-1
531,2018[Ni][sql]2[ASR]2,0.963414,5.65582,7.08035,4911.05,0.5679,0.589466,1820.38,0.05789585954347576,-1
689,2019[Mg][nan]2[ASR]2,0.962945,5.48781,5.831,4911.17,0.5576,0.579057,1462.217,0.057804444126843046,-1
1333,2024[Tb][sql]2[ASR]1,1.10199,4.52606,6.15996,3648.16,0.6309,0.57251,3729.36,0.05735128909734266,-1
1207,2022[Zn][pts]3[ASR]3,1.14276,5.61007,6.66672,3570.78,0.6403,0.56031,2785.504,0.05732970282337546,-1
306,2017[Cd][nan]3[ASR]4,0.955031,5.43937,6.78804,4238.1,0.6304,0.660083,3746.168,0.05702275366510556,-1
553,2018[Zr][nan]3[ASR]6,0.753337,7.02099,12.91193,3600.32,0.7048,0.935571,4809.858,0.0568341948529576,-1
540,2018[Zn][pcu]3[ASR]3,0.965805,5.30943,7.84786,3994.82,0.6533,0.676431,4665.696,0.056793406332344754,-1
1310,2024[Cu][nan]3[ASR]1,1.03168,5.95029,7.23539,3612.84,0.6488,0.628878,2888.092,0.05650406970367472,-1
896,2020[Eu][pcu]3[ASR]1,1.19567,4.29642,6.42008,3183.68,0.6339,0.530162,1784.54,0.05633396002058122,-1
721,2019[Tb][sqc]3[ASR]1,1.63759,4.18476,4.97698,2742.16,0.5752,0.351247,660.018,0.05608055326826755,-1
497,2018[Cu][nan]2[ASR]1,1.01468,3.47283,5.72932,5157.86,0.5403,0.532482,4536.82,0.05555696747735239,-1
356,2017[Cu][nan]3[ASR]8,0.979009,4.96481,9.41088,3574.2,0.6815,0.696112,2481.62,0.05510777411340895,-1
906,2020[Gd][pcu]3[ASR]1,1.21247,4.29546,6.40935,3133.16,0.6342,0.523066,1176.684,0.05488773882551112,-1
508,2018[Eu][nan]3[ASR]1,0.895347,8.15613,10.38976,3759.04,0.6741,0.752892,5087.104,0.05450003222705302,-1
949,2020[Tb][pcu]3[ASR]1,1.22059,4.29203,6.40957,3105.09,0.6342,0.519586,1812.384,0.05427061579150161,-1
363,2017[Cu][rtl]3[ASR]2,1.10472,3.2429,4.22242,3993.64,0.5988,0.542039,1174.9,0.05411790678094763,-1
28,0000[Zn][srs]3[ASR]1,1.22499,7.83619,8.53797,3281.84,0.6656,0.543353,12657.888,0.053831037891218125,-1
98,2014[Co][ant]3[ASR]1,0.930114,5.28624,7.47916,3656.9,0.6507,0.699592,3004.852,0.05367376438173177,-1
275,2016[Zn][nan]3[ASR]15,0.908716,5.03657,12.11623,3934.65,0.6987,0.768887,9702.528,0.053559750664363026,-1
95,2013[Zn][pcu]3[ASR]3,0.928568,5.55694,7.27195,4531.5,0.6232,0.671141,5018.208,0.0534800200309129,-1
1156,2022[Co][bcg]3[ASR]1,0.944958,5.53341,6.6772,3899.34,0.6358,0.672834,1666.526,0.0527562543115796,-1
1368,2024[Zn][sra]3[ASR]1,1.00542,4.83588,7.28441,5071.48,0.56,0.556982,4103.0,0.052585707722686115,-1
1260,2023[Sc][bpq]3[ASR]2,0.933059,5.46835,5.71201,4665.62,0.5932,0.635758,1124.972,0.05252008103345429,-1
15,0000[Er][lcy]3[ASR]1,0.840959,7.45164,13.4706,3315.52,0.7338,0.872575,8159.424,0.05251412558881752,-1
1233,2023[CuSc][flu]3[ASR]1,0.911797,5.59778,11.05323,3713.98,0.7008,0.768593,3949.176,0.05214270708922819,-1
914,2020[La][pts]3[ASR]1,1.52957,5.40146,5.66023,2574.34,0.5856,0.382853,1428.068,0.05147015527360432,-1
490,2018[Co][nan]3[ASR]9,1.18539,9.94509,10.96437,2479.68,0.6273,0.529194,2807.676,0.051454973609365684,-1
692,2019[Mg][nan]3[ASR]3,0.929735,10.84174,11.55168,3324.49,0.6519,0.701168,728.124,0.05113707154040714,-1
44,2007[Zn][srs]3[ASR]15,1.22175,7.06521,8.38192,3280.19,0.6741,0.551751,12657.888,0.05105098876142633,-1
813,2020[Ce][pts]3[ASR]1,1.54829,5.3979,5.6336,2530.22,0.5763,0.372217,872.448,0.05077341138722469,-1
472,2018[Cd][nan]3[ASR]6,0.933546,5.91333,8.14266,4008.24,0.6576,0.704411,4342.652,0.05068354773416339,-1
237,2016[Co][sql]2[ASR]5,0.957785,4.44166,6.30658,3906.34,0.6344,0.662361,1488.354,0.05029685890507385,-1
186,2015[Zn][sql]2[ASR]1,0.958222,4.90468,6.21817,4842.71,0.5937,0.619585,1083.664,0.05024814932761035,-1
690,2019[Mg][nan]3[ASR]1,0.910088,10.82488,11.61605,3343.52,0.6557,0.72048,728.124,0.050201035624432455,-1
733,2019[Zn][bcg]3[ASR]1,0.967943,4.88122,6.92066,4186.13,0.6436,0.664915,1705.208,0.050080486244408196,-1
487,2018[Co][nan]3[ASR]6,1.17315,10.10911,11.06432,2528.58,0.6375,0.543408,935.892,0.04992138399508961,-1
847,2020[Co][tfz]3[ASR]1,0.8825,6.83273,8.29384,4147.01,0.6398,0.724986,2513.312,0.049522816321496244,-1
586,2019[Cd][tfz]3[ASR]2,0.939663,4.84271,6.44414,4274.4,0.6337,0.674391,1648.68,0.049463921518781984,-1
786,2019[Zr][sjt]3[ASR]1,0.586065,12.73503,19.8152,3548.22,0.7816,1.33364,20291.994,0.049297496162729715,-1
1219,2023[Cd][fes]2[ASR]1,0.972281,6.36846,7.60521,4767.22,0.5894,0.606203,3148.112,0.04912737479812601,-1
915,2020[Mg][nan]3[ASR]1,0.912549,10.89789,11.67288,3346.79,0.6548,0.71755,728.124,0.04895820636474091,-1
748,2019[Zn][nan]3[ASR]11,0.956305,9.7296,11.76139,3591.2,0.6843,0.715566,3223.776,0.048921404184400386,-1
1136,2021[Zn][nan]3[ASR]7,0.953025,5.69069,8.64255,4316.98,0.6575,0.689908,1605.2,0.04792228007597399,-1
452,2017[Zn][unc]3[ASR]1,0.993165,5.49683,5.87971,4583.39,0.6107,0.614903,978.316,0.047424872054800726,-1
410,2017[Tb][nan]3[ASR]3,1.78672,5.09952,5.48341,2434.34,0.5308,0.297081,1416.124,0.04742432168045685,-1
243,2016[Cu][hcb]2[ASR]1,0.985614,6.44141,6.99619,4731.29,0.5888,0.597394,1799.652,0.04670962113314059,-1
443,2017[Zn][nbo]3[ASR]1,0.85444,4.73604,10.03104,4327.59,0.6659,0.779341,2031.864,0.04640823454239462,-1
187,2015[Zn][sql]2[ASR]2,0.958171,4.82447,6.21847,4843.06,0.5986,0.624732,1083.664,0.04593584491026603,-1
1126,2021[Zn][nan]3[ASR]10,0.909021,5.62669,8.60943,4204.83,0.6615,0.727706,1701.32,0.04585768312359906,-1
32,2006[Cd][nan]3[ASR]4,1.26346,5.81593,6.97647,3086.67,0.6577,0.520556,4284.028,0.04580514706049055,-1
30,2003[Er][tcs]3[ASR]1,1.71981,3.8733,4.80184,2664.46,0.5675,0.329979,684.336,0.04539063759903672,-1
1301,2024[Cd][nia]3[ASR]1,0.920364,4.97016,9.37488,3915.35,0.6808,0.739707,2321.848,0.04527093354791001,-1
100,2014[Co][nan]2[ASR]2,1.02464,4.55032,6.07203,5167.1,0.5368,0.523894,2142.116,0.044509928368327456,-1
369,2017[Cu][sqp]2[ASR]1,0.920981,3.44737,7.21493,4903.73,0.6074,0.659514,4064.44,0.04427728144500698,-1
1090,2021[In][nan]3[ASR]2,0.851114,5.60775,10.07495,4000.57,0.682,0.801303,5401.836,0.04426446284726504,-1
166,2015[Th][nan]3[ASR]2,2.12456,2.34591,3.02154,2881.72,0.4013,0.188887,656.464,0.044228586675442605,-1
120,2014[FeAu][nan]3[ASR]1,1.96131,3.53951,4.40815,2632.96,0.5357,0.273134,1104.423,0.04413403830329621,-1
484,2018[Co][nan]3[ASR]3,1.18457,9.86058,10.9929,2485.51,0.6448,0.544334,935.892,0.04400834652764041,-1
301,2017[Cd][kgd]2[ASR]3,0.989946,7.52799,8.4504,4022.58,0.6471,0.653672,5216.232,0.04365103709032492,-1
181,2015[Zn][pcu]3[ASR]1,1.07923,4.43693,5.33411,4033.6,0.6293,0.583103,1624.896,0.043269351913407306,-1
599,2019[Co][jaj]3[ASR]1,0.938994,4.76305,7.18655,3750.51,0.6537,0.696171,2680.54,0.043022580308682556,-1
132,2014[Zr][fcu]3[ASR]1,0.793444,6.15574,12.20585,3608.6,0.7117,0.896976,9250.56,0.04273203349510202,-1
1138,2021[Zn][nan]3[ASR]9,0.934417,5.61011,9.08794,3988.18,0.6792,0.72687,1709.224,0.04272015626980363,-1
323,2017[Co][nan]3[ASR]14,1.19054,9.9543,10.9968,2483.93,0.6428,0.539921,935.892,0.042694293462824495,-1
1003,2020[Zn][tfz]3[ASR]1,0.872302,6.30347,9.63054,4571.73,0.637,0.730252,11898.768,0.04169805123261061,-1
488,2018[Co][nan]3[ASR]7,1.18395,9.95624,11.06071,2494.74,0.648,0.547321,935.892,0.041673113319891986,-1
479,2018[Ce][nan]3[ASR]3,2.16361,2.52943,3.53741,2753.4,0.418,0.193196,1008.3,0.04164998015861787,-1
485,2018[Co][nan]3[ASR]4,1.18395,9.96153,11.0634,2494.01,0.6482,0.547489,935.892,0.04130897248216803,-1
995,2020[Zn][nbo]3[ASR]1,0.901032,4.68639,10.18079,3579.94,0.6929,0.769007,1370.928,0.04113440574610605,-1
1179,2022[In][nan]3[ASR]2,1.31754,6.47203,6.98033,2723.74,0.6473,0.491293,975.46,0.04105900495507653,-1
188,2015[Zn][sql]2[ASR]3,0.911355,5.37104,7.81305,4955.5,0.5863,0.643327,3128.688,0.04072063275138604,-1
486,2018[Co][nan]3[ASR]5,1.18386,9.96065,11.06314,2489.21,0.6482,0.547533,935.892,0.04055377265885829,-1
940,2020[Pr][pts]3[ASR]1,1.57041,5.34196,5.58764,2497.17,0.5816,0.370348,872.448,0.040240999816601786,-1
26,0000[Zn][nan]3[ASR]3,0.886402,3.81766,9.7373,4034.65,0.676,0.762634,12280.44,0.03957572958597688,-1
315,2017[Ce][pts]3[ASR]1,1.09349,4.77068,6.4801,3418.06,0.6513,0.595616,1052.644,0.03937058740022992,-1
598,2019[Co][hxl]2[ASR]1,0.895584,4.63886,5.84399,4305.38,0.6284,0.701665,1794.882,0.03924697598338378,-1
257,2016[Mn][nan]3[ASR]1,1.02928,11.0617,12.01682,2730.03,0.668,0.648998,2016.576,0.03877698978057831,-1
270,2016[Zn][hcb]2[ASR]1,0.90919,6.11236,7.74318,4572.0,0.6284,0.691165,11949.968,0.03826645029059805,-1
708,2019[Ni][nan]3[ASR]3,1.20772,10.80261,11.52538,2612.72,0.6486,0.537043,934.452,0.03798764552978273,-1
631,2019[Cu][nan]3[ASR]4,0.846448,6.92729,10.29616,3859.07,0.692,0.817534,2870.016,0.03788810908036844,-1
309,2017[Cd][pts]3[ASR]1,1.09891,5.8846,6.65178,3484.68,0.6565,0.597409,2868.608,0.03756204212577696,-1
1304,2024[Co][nan]3[ASR]1,1.24756,9.25347,9.66687,3852.69,0.5028,0.403027,2129.004,0.037416751014425875,-1
751,2019[Zn][nan]3[ASR]4,0.887986,3.80357,9.74379,4025.75,0.6778,0.7633,12280.44,0.03732456815112939,-1
261,2016[Ni][neb]3[ASR]4,1.11832,5.80296,6.79813,5145.77,0.5153,0.460778,1524.052,0.03683713902862662,-1
1246,2023[Fe][nan]2[ASR]1,0.865488,4.61511,7.21975,4745.82,0.6207,0.717167,5919.5,0.03638098092420505,-1
1174,2022[Eu][pts]3[ASR]1,1.12353,5.06538,6.54792,3231.59,0.6566,0.584406,1660.5,0.03547038504562061,-1
406,2017[Rh][sql]2[ASR]1,1.13119,3.52965,5.38505,3722.27,0.6309,0.557733,676.544,0.03512396069453483,-1
1131,2021[Zn][nan]3[ASR]2,1.21695,10.87758,11.64853,2679.28,0.6618,0.543818,974.574,0.03470705581492961,-1
1125,2021[Zn][nan]3[ASR]1,1.21914,10.83931,11.62733,2677.51,0.6633,0.544071,974.574,0.03433534942508665,-1
355,2017[Cu][nan]3[ASR]7,0.747785,6.70309,15.46971,3725.38,0.7399,0.989456,12848.752,0.0343059342440899,-1
381,2017[In][sea]3[ASR]1,0.873391,5.50836,8.21487,3959.09,0.6693,0.766324,1050.406,0.0339561622557798,-1
148,2015[Cu][nan]3[ASR]3,0.834663,10.84307,15.30883,3773.68,0.7218,0.86478,11742.732,0.033488488785333725,-1
407,2017[Sc][nan]3[ASR]1,0.885831,5.0736,6.03816,4298.06,0.6327,0.714245,1453.14,0.03341050432785986,-1
1128,2021[Zn][nan]3[ASR]12,0.901398,6.32449,9.37408,4216.38,0.6748,0.748615,3402.64,0.0330409720895628,-1
848,2020[CuGd][nan]2[ASR]1,1.14679,5.8836,6.96146,3322.34,0.668,0.582497,1113.518,0.032843594105208096,-1
129,2014[Zn][nan]3[ASR]3,0.834367,4.84913,10.39542,4411.86,0.6713,0.804562,2950.296,0.032385006081061984,-1
706,2019[Ni][nan]3[ASR]1,1.19871,10.96497,11.60677,2614.7,0.6518,0.543751,934.452,0.03228107017979198,-1
1178,2022[In][nan]3[ASR]1,1.31584,6.47311,6.99137,2719.88,0.655,0.497781,975.46,0.031804281814531654,-1
1244,2023[Eu][nan]3[ASR]1,1.00282,9.61262,11.19496,4055.78,0.6069,0.605195,7268.632,0.031123884110506372,-1
1192,2022[Tb][umc]3[ASR]1,1.20491,4.56506,7.19243,2901.56,0.6616,0.549087,1464.168,0.030856352246638963,-1
604,2019[Co][nan]3[ASR]13,1.18431,10.78007,11.53528,2483.25,0.6336,0.534996,935.892,0.030682173305963456,-1
966,2020[Zn][fgl]3[ASR]2,1.00528,7.98061,8.61802,3843.33,0.6652,0.661706,1395.024,0.030391904154563276,-1
923,2020[Mg][nia]3[ASR]3,0.809765,4.37801,8.55274,4603.75,0.6424,0.793317,1787.196,0.02911899668206397,-1
544,2018[Zn][sql]2[ASR]6,0.962909,5.65901,7.56109,4968.47,0.5917,0.614492,1847.128,0.029026705430384325,-1
943,2020[SiZr][scu]3[ASR]1,0.850747,7.96273,10.19342,3433.06,0.7064,0.830329,3456.66,0.028946025308194345,-1
1329,2024[Ni][sql]2[ASR]1,0.886769,4.07252,6.47966,4828.69,0.6163,0.694995,1887.996,0.028759353132323806,-1
330,2017[Co][nan]3[ASR]7,1.17979,10.79044,11.60621,2471.56,0.6351,0.538318,2807.676,0.0286886025482036,-1
640,2019[Cu][rtl]3[ASR]1,1.11521,5.26074,6.26378,3305.69,0.6577,0.589757,1500.984,0.027948964297809686,-1
782,2019[Zr][scu]3[ASR]1,0.888944,8.87746,9.23797,3675.96,0.6678,0.751228,3953.064,0.02777269157068485,-1
370,2017[Er][bey]2[ASR]1,0.888995,8.23795,9.79409,3967.72,0.673,0.757035,826.722,0.027676241840497218,-1
759,2019[Zn][pts]3[ASR]1,0.978504,3.97201,5.52196,4156.66,0.6408,0.654878,727.196,0.027544489269713868,-1
979,2020[Zn][nan]3[ASR]16,1.2148,11.00713,11.71958,2699.02,0.6697,0.551283,974.574,0.027543362132742777,-1
331,2017[Co][nan]3[ASR]8,1.17528,10.85848,11.65036,2498.23,0.6423,0.546509,935.892,0.027445901490515956,-1
551,2018[Zr][nan]3[ASR]4,0.70707,6.67955,13.74408,3632.35,0.7225,1.02182,4857.902,0.02688303135448189,-1
605,2019[Co][nan]3[ASR]14,1.17266,10.91867,11.6947,2486.15,0.6376,0.543723,935.892,0.026728235864280858,-1
1195,2022[Zn][nan]3[ASR]2,0.962116,8.51203,13.36303,4415.35,0.6314,0.656262,8102.972,0.02659628233244482,-1
60,2012[Cd][nan]3[ASR]5,0.864641,6.02391,8.00821,4140.37,0.6639,0.767834,1971.076,0.02652654447401237,-1
595,2019[Co][hcb]2[ASR]1,0.961571,6.36755,6.67043,5004.71,0.5529,0.574997,972.832,0.02599299748468953,-1
577,2019[Cd][nan]3[ASR]3,1.04515,4.3478,6.52883,3481.74,0.6589,0.630433,2680.572,0.025469555033061253,-1
911,2020[In][hcb]2[ASR]1,1.03046,7.14786,8.42452,3124.74,0.6954,0.674843,850.522,0.025384185040439933,-1
1104,2021[Pb][llj]2[ASR]1,2.29138,2.51314,3.52066,2759.21,0.3865,0.168676,920.716,0.025372079561849725,-1
324,2017[Co][nan]3[ASR]15,1.18753,10.77074,11.55785,2468.46,0.6409,0.539693,935.892,0.024913692591163494,-1
440,2017[Zn][nan]3[ASR]4,0.974976,4.16232,5.54884,3950.36,0.6418,0.658272,2304.3,0.024887506526292125,-1
602,2019[Co][nan]3[ASR]1,1.17375,10.90185,11.63097,2486.28,0.6422,0.547134,935.892,0.023990133785813494,-1
537,2018[Zn][pcu]3[ASR]1,0.899946,4.24797,6.38251,4503.66,0.6433,0.714821,2665.088,0.023743171748258574,-1
606,2019[Co][nan]3[ASR]15,1.17224,10.88216,11.69824,2479.83,0.6437,0.549118,935.892,0.02363223265533576,-1
276,2016[Zn][nan]3[ASR]7,0.951977,5.57065,6.92787,4967.64,0.5928,0.622704,3758.448,0.023596222134381284,-1
1017,2021[Ag][nan]2[ASR]1,1.30559,11.28189,11.71954,3277.82,0.5939,0.45489,1741.644,0.023171368332081554,-1
583,2019[Cd][pts]3[ASR]1,0.984578,6.02273,6.70051,3799.28,0.6618,0.672166,3172.936,0.022857464230338964,-1
106,2014[Cu][bcu]3[ASR]2,0.950428,4.66815,5.93777,4230.24,0.6483,0.682113,1718.424,0.02272396747017491,-1
489,2018[Co][nan]3[ASR]8,1.18297,10.97893,11.68073,2486.62,0.6417,0.542449,3743.568,0.022195345018756862,-1
654,2019[Er][hcb]2[ASR]2,1.34705,3.75656,5.61819,2913.74,0.6334,0.470211,1241.772,0.02198533509995859,-1
1135,2021[Zn][nan]3[ASR]6,1.08756,8.90649,9.23943,3672.1,0.6746,0.620289,3686.848,0.02094668398850752,-1
318,2017[Co][gra]3[ASR]1,1.03874,7.39369,8.08564,4968.98,0.5157,0.496468,6622.128,0.0209144807650421,-1
352,2017[Cu][nan]3[ASR]4,1.02953,9.30306,11.01739,4032.58,0.6578,0.638934,2890.716,0.020344207987306184,-1
329,2017[Co][nan]3[ASR]6,1.17257,10.86547,11.65774,2472.44,0.6472,0.551952,935.892,0.020341433454594382,-1
607,2019[Co][nan]3[ASR]2,1.18734,11.08091,11.62577,2488.0,0.6376,0.537,935.892,0.020277819071457204,-1
545,2018[Zn][sql]2[ASR]7,0.95214,5.76264,8.16609,4989.73,0.5974,0.627429,1847.128,0.02003161014060728,-1
861,2020[Cu][lvt]3[ASR]1,0.857596,4.52575,7.09146,4382.92,0.6539,0.76248,3162.744,0.01948573993166436,-1
263,2016[Tb][fcu]3[ASR]1,0.804274,6.94679,13.37735,3094.29,0.741,0.921327,2530.89,0.019313147025730393,-1
507,2018[Er][nan]3[ASR]1,1.96126,2.75591,4.46249,2525.0,0.5355,0.273039,968.39,0.01913394633573251,-1
459,2017[Zr][nan]3[ASR]1,0.811156,7.12418,11.99121,3514.93,0.7354,0.906607,4231.772,0.01891241944348354,-1
59,2011[Zn][sod]3[ASR]3,0.924167,3.46146,11.81446,4863.12,0.6448,0.697709,1365.456,0.01866839628238348,-1
341,2017[CrMn][qtz]3[ASR]1,1.03133,5.33957,6.2194,3500.01,0.6619,0.641791,8244.456,0.01827470856471569,-1
342,2017[CrMn][qtz]3[ASR]2,1.03133,5.33298,6.2241,3489.42,0.6624,0.642276,8244.456,0.017729256266461935,-1
260,2016[Ni][neb]3[ASR]3,1.11327,5.47053,6.5166,5249.42,0.5127,0.460537,1532.116,0.017413743601279785,-1
343,2017[CuAsMo][nan]2[ASR]1,1.87096,3.6369,4.77774,2437.84,0.5476,0.292684,497.772,0.016991451809006852,-1
396,2017[Ni][nan]3[ASR]1,0.798725,5.40255,11.72238,4102.18,0.706,0.883909,15114.888,0.01671909796232529,-1
313,2017[Cd][sql]2[ASR]4,0.898524,5.48121,7.32949,4918.88,0.6094,0.678224,824.104,0.015910848720840587,-1
210,2016[Co][pts]3[ASR]6,0.846693,8.06979,9.28335,3974.88,0.6748,0.796983,606.274,0.015580912583691209,-1
1370,2024[Zn][srs]3[ASR]2,1.13862,3.90119,4.44679,3689.57,0.6299,0.553215,737.948,0.015552571402799087,-1
477,2018[CeZn][she]3[ASR]1,0.548192,14.59463,23.2696,3134.28,0.8241,1.50331,6693.096,0.01534012726307954,-1
1015,2020[Zr][sqc]3[ASR]2,0.852953,7.14182,9.29295,3279.54,0.7044,0.825837,3576.616,0.015300255907232163,-1
1014,2020[Zr][sqc]3[ASR]1,0.84795,7.21012,9.30717,3320.76,0.7042,0.830473,3584.68,0.015202956333414175,-1
920,2020[Mg][nan]3[ASR]6,0.841078,8.21561,9.78294,4369.48,0.638,0.75855,1178.666,0.01519176870258132,-1
157,2015[Mn][nan]3[ASR]3,0.988654,2.20659,9.90635,5287.09,0.5489,0.555199,3441.096,0.01462559193080315,-1
922,2020[Mg][nia]3[ASR]2,0.797815,4.46326,8.64653,4649.26,0.6476,0.811717,1787.196,0.014329126949941262,-1
1059,2021[Cu][nan]3[ASR]1,0.912308,7.36291,8.51364,3648.37,0.6926,0.759173,1813.232,0.014064351269563513,-1
702,2019[Ni][fcu]3[ASR]1,0.740836,5.29046,14.72219,3807.17,0.7293,0.984429,1814.882,0.012925075248738427,-1
191,2015[Zr][fcu]3[ASR]2,0.755193,5.60661,12.59507,3549.9,0.7251,0.960152,8482.608,0.011818176273619363,-1
1300,2024[Cd][nan]3[ASR]6,0.840714,7.16286,9.929,4465.85,0.6604,0.785523,12988.8,0.011538627262386969,-1
919,2020[Mg][nan]3[ASR]5,0.834085,8.2007,9.67582,4390.42,0.6376,0.764431,2357.332,0.011356132873035607,-1
1290,2023[Zn][pcu]3[ASR]1,0.891096,6.06437,9.40709,3497.37,0.7123,0.799353,6671.408,0.01128389441612665,-1
921,2020[Mg][nia]3[ASR]1,0.791044,4.31377,8.53784,4672.33,0.6459,0.816516,1781.268,0.010956390301993801,-1
349,2017[Cu][hcb]2[ASR]1,0.970064,8.45898,9.58251,4526.12,0.6106,0.629443,3841.664,0.010506359028913836,-1
1335,2024[Tb][tfz]3[ASR]1,1.01079,8.8743,9.7381,2791.54,0.7059,0.698364,4693.076,0.010060378157987104,-1
534,2018[Zn][nan]3[ASR]1,0.867685,5.68763,7.98999,4939.08,0.609,0.701868,3299.346,0.009988086999836332,-1
1142,2021[Zn][sql]2[ASR]3,0.832399,6.44485,9.51483,4582.82,0.6558,0.787844,2010.344,0.009537708200764605,-1
1088,2021[Ho][nan]3[ASR]1,2.24294,2.67901,3.8789,2591.47,0.3991,0.177936,762.06,0.009417345287416445,-1
1118,2021[ZnSi][kgd]2[ASR]1,0.85351,5.65507,8.00076,4197.78,0.6756,0.791555,1050.19,0.009277382337981699,-1
421,2017[Zn][crb]3[ASR]1,0.87931,8.24234,9.00373,4088.27,0.6664,0.757867,2452.64,0.009092080240415967,-1
1111,2021[Tb][nan]3[ASR]2,2.24501,2.68255,3.88711,2585.37,0.3999,0.178129,762.06,0.008777817001450972,-1
130,2014[Zn][pcu]3[ASR]10,0.995074,5.19047,10.8089,3092.39,0.7277,0.731302,1215.47,0.008190880055557903,-1
444,2017[Zn][pcu]3[ASR]1,0.845633,6.58598,8.64973,4549.42,0.6517,0.770665,1814.956,0.008051508838819332,-1
185,2015[Zn][sod]3[ASR]1,0.933117,3.55331,11.72398,4970.28,0.6368,0.682444,1365.456,0.007418221532756508,-1
1249,2023[Hf][hcp]3[ASR]1,0.837949,8.99991,15.48228,2813.47,0.7588,0.905544,9772.188,0.006745139439045422,-1
760,2019[Zn][pts]3[ASR]2,0.904611,5.65115,6.59247,4298.42,0.6597,0.729264,2796.664,0.00655336920145011,-1
82,2013[Y][nan]3[ASR]1,0.801467,5.40543,8.32625,4378.64,0.6665,0.8316,2257.944,0.006343168447089376,-1
1369,2024[Zn][srs]3[ASR]1,1.13409,3.91591,4.46614,3705.98,0.6375,0.562127,737.948,0.006207803562119363,-1
608,2019[Co][nan]3[ASR]3,0.766859,6.35015,9.89062,4432.9,0.6661,0.868609,5595.822,0.005731212611618464,-1
831,2020[Co][nan]3[ASR]3,0.964058,9.68236,10.62807,4249.53,0.6008,0.623199,4582.602,0.005109297471577401,-1
458,2017[Zr][fcu]3[ASR]1,0.692178,13.01406,19.182,3988.92,0.7433,1.07386,6586.464,0.004581718499139686,-1
448,2017[Zn][sql]2[ASR]2,0.951715,4.87008,6.21655,5170.98,0.5717,0.600705,1512.278,0.004057875972286018,-1
1087,2021[Hf][sqc]3[ASR]1,1.13298,6.99108,9.19603,2551.58,0.695,0.613427,4639.936,0.003563498710028812,-1
255,2016[Mg][hcb]2[ASR]1,0.937448,3.95253,5.23271,4069.14,0.6501,0.693478,625.328,0.0024909245974518157,-1
1200,2022[Zn][nan]3[ASR]7,0.885418,10.53136,11.38026,3650.94,0.7039,0.794992,2023.748,0.002456952230279086,-1
1198,2022[Zn][nan]3[ASR]5,0.884379,10.53611,11.38744,3653.52,0.7043,0.796378,2023.748,0.0019306729045880378,-1
1199,2022[Zn][nan]3[ASR]6,0.88444,10.53272,11.37826,3658.81,0.7044,0.796436,2023.748,0.0012918680671591964,-1
412,2017[Tm][nan]3[ASR]1,0.833314,8.54079,9.97026,3721.19,0.7091,0.850939,2130.016,0.0004583691978183868,-1
371,2017[Er][nan]3[ASR]1,0.816123,8.63528,10.20219,3751.68,0.7086,0.868252,2130.016,0.0003979257217576748,-1
1078,2021[Eu][fcu]3[ASR]2,0.789282,7.21484,14.75035,3040.2,0.7609,0.964041,2504.772,0.0003762154351818481,-1
1279,2023[Zn][hmc]3[ASR]1,0.744623,6.1297,14.34584,3615.46,0.752,1.00991,6753.64,6.741047264369193e-05,-1
83,2013[ZnCr][lon]3[ASR]1,0.794772,6.39302,11.75677,3609.86,0.7384,0.929071,5509.914,1.0159253476249575e-05,-1
1291,2023[Zr][hcp]3[ASR]1,0.647064,9.03897,15.61742,3621.93,0.7612,1.17639,7677.804,-0.0003562571402586645,-1
1184,2022[Ni][kgd]2[ASR]1,0.827768,3.23317,9.75366,5090.78,0.6082,0.734747,945.721,-0.0007168111488657924,-1
90,2013[ZnMn][nan]3[ASR]1,0.817121,5.01687,8.38928,4138.82,0.6847,0.837942,1058.456,-0.0007800925494685362,-1
1341,2024[Zn][crb]3[ASR]13,0.935738,5.01995,6.22311,4576.15,0.6551,0.700089,3192.352,-0.0011990939766590714,-1
119,2014[Eu][esg]3[ASR]1,0.925759,4.49916,6.06564,3811.97,0.6654,0.718762,2373.452,-0.0012106785482988158,-1
424,2017[Zn][dia]3[ASR]4,1.0858,8.25093,8.91351,4829.86,0.5486,0.505249,3312.476,-0.00136349025205873,-1
249,2016[Fe][hcb]2[ASR]1,1.0999,3.95494,5.27197,3296.43,0.6524,0.593146,751.488,-0.001418760905665506,-1
1344,2024[Zn][crb]3[ASR]16,0.935738,5.02102,6.20073,4580.14,0.6549,0.699876,3192.352,-0.0016748646794650934,-1
1349,2024[Zn][crb]3[ASR]6,0.935738,5.01986,6.20574,4578.3,0.6551,0.700089,3192.352,-0.0017013283972455717,-1
1339,2024[Zn][crb]3[ASR]11,0.935738,5.01908,6.21809,4579.68,0.6552,0.700196,3192.352,-0.00172594834025519,-1
1346,2024[Zn][crb]3[ASR]3,0.935738,5.02281,6.2026,4580.36,0.655,0.699983,3192.352,-0.0018202552419335216,-1
1340,2024[Zn][crb]3[ASR]12,0.935738,5.02076,6.20679,4578.15,0.6552,0.700196,3192.352,-0.0018216436177445061,-1
918,2020[Mg][nan]3[ASR]4,0.827764,8.43917,9.8991,4405.16,0.645,0.779208,1178.666,-0.001835069706676018,-1
1338,2024[Zn][crb]3[ASR]10,0.935738,5.03152,6.23956,4562.77,0.6565,0.701586,3192.352,-0.0019070667302614197,-1
742,2019[Zn][lvt]3[ASR]1,0.977105,3.60732,4.75652,5239.36,0.5617,0.574861,7549.088,-0.0019276674764228119,-1
1352,2024[Zn][crb]3[ASR]9,0.935738,5.0342,6.24345,4560.14,0.6567,0.701799,3192.352,-0.0019338605411383103,-1
1343,2024[Zn][crb]3[ASR]15,0.935738,5.03067,6.22493,4566.9,0.6561,0.701158,3192.352,-0.0019348349245655871,-1
1350,2024[Zn][crb]3[ASR]7,0.935738,5.03032,6.21871,4568.52,0.6561,0.701158,3192.352,-0.0021810072604637742,-1
1197,2022[Zn][nan]3[ASR]4,0.867138,9.15483,10.21089,4103.54,0.6726,0.775655,2885.576,-0.0022541649393357233,-1
1337,2024[Zn][crb]3[ASR]1,0.935738,5.03119,6.22847,4562.4,0.6568,0.701906,3192.352,-0.0025120246523337997,-1
1342,2024[Zn][crb]3[ASR]14,0.935738,5.02946,6.22587,4564.19,0.6567,0.701799,3192.352,-0.0025461127168187048,-1
1347,2024[Zn][crb]3[ASR]4,0.935738,5.08238,6.35017,4437.34,0.6642,0.709814,3192.352,-0.0026340412638992117,-1
982,2020[Zn][nan]3[ASR]19,0.909023,8.18257,8.49085,4289.33,0.6546,0.720114,1857.42,-0.0027763632213941847,-1
1351,2024[Zn][crb]3[ASR]8,0.935738,5.07871,6.37155,4448.55,0.6643,0.709921,3192.352,-0.0029985929588334237,-1
364,2017[Cu][sql]2[ASR]1,0.910783,7.00637,7.53333,4071.16,0.6773,0.743646,1875.276,-0.0032389929583209742,-1
1348,2024[Zn][crb]3[ASR]5,0.935738,5.04233,6.08912,4560.72,0.6555,0.700517,3192.352,-0.0032411748381024896,-1
1345,2024[Zn][crb]3[ASR]2,0.935738,5.0331,6.09129,4564.29,0.6555,0.700517,3192.352,-0.003395377273020639,-1
1075,2021[Dy][nan]3[ASR]2,2.2759,2.69144,3.86725,2539.26,0.3971,0.174481,444.21,-0.0036395488833116385,-1
1256,2023[Mn][nan]3[ASR]1,0.84824,12.38999,12.59668,3096.41,0.7047,0.830779,1224.162,-0.0038722843270881935,-1
917,2020[Mg][nan]3[ASR]3,0.813906,8.81354,10.09972,4358.26,0.641,0.78756,2357.332,-0.003997556596181395,-1
1354,2024[Zn][fsc]3[ASR]1,0.819168,4.58114,6.73275,4407.62,0.6585,0.803864,2478.328,-0.004168549300100022,-1
423,2017[Zn][dia]3[ASR]3,1.07479,8.59358,10.02166,4770.14,0.5449,0.506981,3312.476,-0.005742561668170776,-1
202,2016[Cd][nan]3[ASR]7,0.754034,6.46187,10.7636,4286.56,0.6941,0.920516,6634.072,-0.00774039219510847,-1
655,2019[Er][hcb]2[ASR]3,1.29893,4.03133,5.22803,2905.08,0.6511,0.501259,620.886,-0.008768972101743211,-1
344,2017[CuEu][sql]2[ASR]1,1.13764,5.36566,6.7779,3108.26,0.6921,0.608364,1297.248,-0.009161145187069897,-1
127,2014[Zn][nan]3[ASR]1,0.878608,5.25809,6.54685,3834.0,0.676,0.769399,2224.352,-0.009358666630451262,-1
645,2019[Cu][ssa]3[ASR]1,0.792792,4.74984,10.54897,3881.87,0.7148,0.901624,3362.544,-0.009970982473740841,-1
1010,2020[Zr][nan]3[ASR]1,0.77024,9.98215,11.14273,3421.87,0.7271,0.943992,3132.981,-0.011316887572328183,-1
1089,2021[Ho][nan]3[ASR]2,2.30192,2.63913,3.85114,2508.9,0.3961,0.172074,774.07,-0.012148693358094764,-1
1074,2021[Dy][nan]3[ASR]1,2.30749,2.65099,3.84744,2508.27,0.3945,0.170965,444.21,-0.013429046125130517,-1
597,2019[Co][hex]3[ASR]2,0.838175,5.44881,6.63089,4073.25,0.6731,0.803054,3525.452,-0.014070505791773824,-1
425,2017[Zn][dia]3[ASR]5,1.06105,8.58831,9.54271,4799.0,0.56,0.527781,3312.476,-0.014167363234655506,-1
1133,2021[Zn][nan]3[ASR]4,0.813435,7.6745,9.88194,3791.73,0.7222,0.887839,3454.56,-0.01569263033755197,-1
705,2019[Ni][hcb]2[ASR]1,0.939898,6.26661,7.09445,5117.93,0.5788,0.615811,1004.414,-0.016019179075229095,-1
533,2018[Zn][bcu]3[ASR]1,0.676953,8.1967,16.5233,4061.34,0.7546,1.1147,2800.728,-0.016464562900689206,-1
1113,2021[Th][fcu]3[ASR]2,1.58348,4.31767,9.53216,2202.7,0.6407,0.404615,1112.688,-0.01725181715162516,-1
46,2008[Cd][nbo]3[ASR]1,0.998925,9.46658,11.28354,4533.16,0.5882,0.588833,5066.928,-0.017468101301088446,-1
1112,2021[Th][fcu]3[ASR]1,0.901998,7.11938,13.67888,2709.38,0.7526,0.83437,1569.276,-0.017964487318071765,-1
1185,2022[Ni][kgd]2[ASR]2,0.815754,3.34396,9.93786,5067.52,0.6251,0.766285,945.721,-0.01817984539110884,-1
626,2019[Cu][lvt]3[ASR]1,0.831356,4.88835,6.93702,3920.25,0.6813,0.819504,1435.008,-0.018836555547328215,-1
571,2019[Cd][ins]3[ASR]1,0.89021,8.25475,9.2342,4453.17,0.6614,0.742971,2155.304,-0.019592205649629157,-1
198,2016[Cd][nan]2[ASR]1,2.53681,2.30192,4.01372,2631.35,0.354,0.139545,1903.922,-0.020762107073587055,-1
807,2020[Cd][sod]3[ASR]1,0.834782,10.12509,14.17223,4303.62,0.6791,0.813505,2608.452,-0.022348790763533577,-1
941,2020[Sc][ceq]3[ASR]1,0.70807,9.57472,12.54203,3982.56,0.7202,1.01713,2089.383,-0.02271432029890197,-1
357,2017[Cu][nbo]3[ASR]1,0.730864,5.29469,11.59061,3948.54,0.7225,0.988556,1738.398,-0.022936579424752246,-1
158,2015[Mn][sql]2[ASR]1,0.847701,5.77983,7.62243,5085.91,0.6015,0.709567,6133.024,-0.024177457472636776,-1
752,2019[Zn][nan]3[ASR]5,0.796242,6.83067,9.5711,4037.97,0.7142,0.896963,4804.636,-0.024225291000244287,-1
1077,2021[Er][nan]3[ASR]2,2.33605,2.62307,3.83433,2466.13,0.3928,0.168147,444.21,-0.025397760100890343,-1
732,2019[Zn][bbf]3[ASR]1,0.920894,3.99424,5.51098,4178.31,0.6729,0.730703,1194.172,-0.02669403224990674,-1
634,2019[Cu][nbo]3[ASR]1,0.754762,6.42534,10.86778,3700.95,0.7366,0.975937,3549.06,-0.027882167251199297,-1
1110,2021[Tb][nan]3[ASR]1,2.34369,2.61117,3.79984,2459.22,0.3921,0.1673,444.21,-0.028406468244416283,-1
1076,2021[Er][nan]3[ASR]1,2.38678,2.65263,4.24082,2532.74,0.3615,0.151459,792.085,-0.028783671780420406,-1
351,2017[Cu][nan]3[ASR]3,1.01975,8.81925,9.73002,4700.89,0.6105,0.598674,2843.388,-0.03001030189835241,-1
29,2001[Cu][nan]3[ASR]3,0.720658,5.14847,17.01761,4414.67,0.7063,0.980076,4245.84,-0.030136709804460482,-1
933,2020[Ni][bey]2[ASR]1,0.863322,5.6192,7.09304,5091.84,0.6072,0.70333,1336.598,-0.030520851640650104,-1
1114,2021[Tm][nan]3[ASR]1,2.344,2.61541,3.53346,2467.6,0.3927,0.167534,444.21,-0.031059869136839335,-1
509,2018[Eu][umc]3[ASR]1,0.781314,5.97255,9.95645,3584.91,0.731,0.935603,2037.044,-0.03135783419221494,-1
904,2020[Gd][nan]2[ASR]1,2.49094,2.31287,2.984,2684.84,0.3469,0.139265,1184.1,-0.03254573197376254,-1
524,2018[Ni][fmz]3[ASR]7,0.751391,3.94115,9.85444,4450.39,0.6893,0.917365,7301.364,-0.03255129918843891,-1
348,2017[Cu][fog]3[ASR]1,0.663423,8.56719,15.78565,4079.0,0.7559,1.13939,6377.064,-0.03299514628116973,-1
207,2016[Co][pts]3[ASR]3,0.781607,9.55684,9.75298,3874.63,0.7009,0.896742,1212.548,-0.03383053674857539,-1
855,2020[Cu][bcs]3[ASR]1,0.965779,5.74455,6.39943,3525.95,0.6994,0.724182,7870.08,-0.034423097850008855,-1
340,2017[Co][tfz]3[ASR]2,0.75846,8.88161,9.49114,4030.89,0.692,0.912375,3345.72,-0.034939999529561616,-1
795,2020[Cd][kgd]2[ASR]1,0.777562,7.03636,8.71332,4414.86,0.6819,0.876972,1574.484,-0.03654317379867256,-1
84,2013[ZnCr][lon]3[ASR]2,0.648977,10.13849,15.04954,3870.2,0.7699,1.18633,4442.694,-0.03801193391611535,-1
397,2017[Ni][nan]3[ASR]3,0.754862,4.5461,8.68471,4836.67,0.6547,0.867311,1374.778,-0.03841401550110701,-1
1093,2021[Mn][dia]3[ASR]1,0.736026,5.36649,10.29679,4787.59,0.6621,0.89956,3543.208,-0.03891898627157886,-1
1115,2021[Tm][nan]3[ASR]2,2.40909,2.60886,3.7014,2498.43,0.3677,0.15263,462.225,-0.04083528508082879,-1
878,2020[Cu][sql]2[ASR]4,0.791477,5.32419,7.86712,4719.21,0.6681,0.844118,3183.176,-0.04162554960728604,-1
453,2017[Zr][bcu]3[ASR]2,0.674915,13.9519,14.79057,3564.27,0.7557,1.1197,3496.816,-0.041931383421876744,-1
747,2019[Zn][nan]3[ASR]10,1.2847,13.50348,13.99981,3062.07,0.644,0.501286,3922.488,-0.04269039369606642,-1
179,2015[Zn][nan]2[ASR]3,0.776235,5.60304,8.67761,4607.23,0.682,0.8786,2358.156,-0.04285913097580041,-1
779,2019[Zr][csq]3[ASR]3,0.459784,28.66113,30.4579,3454.3,0.8347,1.81542,6097.92,-0.04288665559343818,-1
1372,2024[Zr][flu]3[ASR]1,0.850103,5.39536,8.48729,3183.75,0.721,0.848133,3536.496,-0.044279078939946315,-1
777,2019[Zr][csq]3[ASR]1,0.457711,28.66711,30.5063,3456.66,0.8351,1.82451,6097.92,-0.04518411161346936,-1
298,2017[Cd][hcb]2[ASR]2,0.806632,8.46391,11.67122,4595.42,0.6759,0.837929,1204.778,-0.04545114362682612,-1
493,2018[CuZr][she]3[ASR]1,0.455109,14.45381,25.91254,3289.3,0.8464,1.85977,7791.06,-0.04580736296748289,-1
552,2018[Zr][nan]3[ASR]5,0.67153,9.64292,12.55429,3501.31,0.7579,1.12862,4089.216,-0.045828692818983496,-1
629,2019[Cu][nan]3[ASR]2,0.711262,6.24215,11.00178,3948.59,0.7317,1.02873,3260.598,-0.04678815079361187,-1
1159,2022[Co][nan]3[ASR]1,0.733345,6.91851,8.59564,4010.47,0.7019,0.957122,5807.316,-0.04679601740960182,-1
87,2013[ZnCr][lon]3[ASR]5,0.735801,8.48352,11.00598,4010.93,0.7316,0.994291,5103.126,-0.047113780096791014,-1
772,2019[Zn][utp]3[ASR]1,0.885577,7.31346,8.57244,4989.52,0.6178,0.697624,4071.152,-0.04729229407905167,-1
666,2019[GaCu][agw]3[ASR]1,0.639629,9.9845,14.26665,3633.46,0.7755,1.21242,4193.13,-0.04752723793081037,-1
1253,2023[In][neb]3[ASR]3,0.745389,6.99464,9.71655,4666.62,0.667,0.894834,3330.288,-0.047717453941983234,-1
722,2019[Tb][urx]3[ASR]1,0.782532,10.47616,15.9169,2707.23,0.7749,0.990247,10652.346,-0.04880132202942722,-1
775,2019[Zr][bcu]3[ASR]3,2.18918,2.46068,4.2846,2358.67,0.3862,0.176413,2615.192,-0.049214066407070045,-1
865,2020[Cu][nan]3[ASR]2,0.69055,6.56588,12.20765,3855.85,0.7465,1.08102,3176.436,-0.04996350517392234,-1
35,2007[In][ctn]3[ASR]1,0.921299,5.48176,6.56544,3401.24,0.7078,0.768263,4691.688,-0.05032185387491084,-1
768,2019[Zn][sql]2[ASR]9,0.837466,3.73826,6.36001,5113.45,0.6263,0.747851,1947.328,-0.050492653828562384,-1
572,2019[Cd][ins]3[ASR]2,0.774713,6.41379,9.08543,4482.33,0.697,0.899687,2211.412,-0.051480053488149546,-1
20,0000[In][ctn]3[ASR]1,0.917254,5.5106,6.54879,3412.04,0.7087,0.772632,4691.688,-0.05249954564250048,-1
456,2017[Zr][csq]3[ASR]3,0.463974,29.15594,30.53451,3519.87,0.8354,1.80053,5989.836,-0.05304463139939353,-1
131,2014[Zn][sql]2[ASR]1,0.882708,3.76979,5.08449,5126.98,0.62,0.702384,1807.2,-0.0531371729488227,-1
89,2013[ZnCr][lon]3[ASR]7,0.708658,6.19792,11.54376,4119.42,0.7329,1.03421,4923.474,-0.05316953631482979,-1
770,2019[Zn][sra]3[ASR]1,0.797028,6.83006,7.70839,4012.95,0.7073,0.887422,2800.728,-0.05371083248279651,-1
778,2019[Zr][csq]3[ASR]2,0.456762,28.92149,30.78209,3484.21,0.8354,1.82896,6097.92,-0.05420612146139214,-1
676,2019[In][nan]3[ASR]1,0.975636,14.53396,14.79531,3126.97,0.7083,0.725988,1769.598,-0.05495618981057071,-1
539,2018[Zn][pcu]3[ASR]2,0.79115,8.00479,9.45746,4521.79,0.6823,0.862416,2969.21,-0.05560580560474471,-1
305,2017[Cd][nan]3[ASR]3,1.38141,11.60045,12.48867,2307.38,0.679,0.491526,1256.778,-0.05624364416637251,-1
113,2014[Cu][nan]3[ASR]2,0.786824,6.54569,8.0218,3805.76,0.7185,0.913165,2209.68,-0.0565543897891535,-1
480,2018[Ce][scu]3[ASR]1,0.669755,8.70141,12.44211,3490.81,0.7629,1.13907,1817.56,-0.05663010901071708,-1
150,2015[Cu][sql]2[ASR]1,0.859717,5.73094,7.78812,5212.03,0.6037,0.702208,6201.888,-0.05675331668530359,-1
1012,2020[Zr][scu]3[ASR]1,0.662288,10.24814,12.39913,3454.26,0.758,1.14452,2032.64,-0.0568228081892187,-1
86,2013[ZnCr][lon]3[ASR]4,0.687816,7.06185,12.36549,4037.1,0.7455,1.08387,4743.342,-0.05747121363022556,-1
1361,2024[Zn][pcu]3[ASR]2,0.648133,9.45871,14.54859,4027.88,0.7617,1.17522,12506.322,-0.05825461200413107,-1
997,2020[Zn][pcu]3[ASR]2,1.0131,8.38551,9.16655,5098.19,0.5451,0.538053,2335.7,-0.06315456574737499,-1
1139,2021[Zn][scu]3[ASR]1,0.658118,6.27339,13.72333,4017.22,0.7494,1.1387,2484.732,-0.06343946140734646,-1
436,2017[Zn][nan]3[ASR]12,0.743423,16.14558,16.20251,3273.58,0.7575,1.01894,1202.868,-0.06441448589233922,-1
437,2017[Zn][nan]3[ASR]13,0.717192,16.89619,16.95365,3305.31,0.7677,1.07043,1202.868,-0.06464938588837954,-1
128,2014[Zn][nan]3[ASR]2,0.77094,6.45391,8.02521,3873.73,0.7196,0.933406,2224.352,-0.06501169951449648,-1
454,2017[Zr][csq]3[ASR]1,0.46979,29.28279,30.94298,3423.09,0.8329,1.77292,6277.812,-0.06514530117319806,-1
1298,2024[Cd][nan]3[ASR]4,0.772912,15.36258,16.38665,3731.58,0.7394,0.956642,6515.388,-0.06519264190244256,-1
468,2018[Cd][nan]3[ASR]2,0.888712,10.17943,13.31328,4593.58,0.6298,0.708666,5175.88,-0.06597964203544116,-1
1084,2021[Fe][acs]3[ASR]1,0.758444,7.7883,8.23392,3666.42,0.7218,0.951685,1351.764,-0.06628834584658239,-1
69,2012[Zn][nan]3[ASR]9,0.713223,17.44104,17.497,3296.34,0.769,1.0782,1202.868,-0.06655023506562263,-1
1227,2023[Co][ato]3[ASR]2,0.782894,10.83327,11.73744,4300.19,0.6714,0.857588,2287.278,-0.06765910400157038,-1
1164,2022[Cu][sql]2[ASR]3,0.76565,6.06782,9.71096,3671.11,0.747,0.975642,5533.568,-0.06782944906865718,-1
587,2019[Cd][tfz]3[ASR]3,0.720926,8.89371,10.95547,3935.45,0.7462,1.03506,5000.056,-0.06895410252496426,-1
442,2017[Zn][nan]3[ASR]6,0.768967,17.0711,17.57634,3258.94,0.7568,0.984177,1202.868,-0.07052160345815528,-1
536,2018[Zn][nan]3[ASR]5,0.725095,16.82095,16.87394,3247.65,0.7719,1.06455,1202.868,-0.07055375227966487,-1
88,2013[ZnCr][lon]3[ASR]6,0.688549,9.14708,11.82924,3998.8,0.7469,1.08474,4767.246,-0.07128183734531612,-1
125,2014[Zn][bcs]3[ASR]1,0.88298,6.23546,6.95347,5311.7,0.5705,0.646107,13224.576,-0.07174952994552675,-1
535,2018[Zn][nan]3[ASR]4,0.72676,16.87738,16.92978,3230.44,0.7709,1.06074,1202.868,-0.07210385741187786,-1
1252,2023[In][neb]3[ASR]2,0.737421,7.088,9.84935,4655.99,0.6858,0.929998,3330.288,-0.07331732689535453,-1
935,2020[Ni][kgd]2[ASR]1,0.77079,4.78496,8.72752,5156.15,0.6311,0.81877,1067.887,-0.07351690130747635,-1
339,2017[Co][tfz]3[ASR]1,0.688299,8.12371,10.12414,4154.68,0.7165,1.04097,4358.284,-0.07539891237848861,-1
265,2016[ZnCo][pcu]3[ASR]1,0.64452,11.01743,13.54262,3401.65,0.7849,1.21781,7312.148,-0.07545391813696134,-1
1167,2022[Cu][sql]2[ASR]6,0.753447,6.39758,9.77674,3676.82,0.752,0.998079,5533.568,-0.07656561780238935,-1
1254,2023[In][neb]3[ASR]4,0.734468,7.04302,9.80699,4696.68,0.6823,0.928971,3330.288,-0.07678483851132789,-1
510,2018[Eu][umc]3[ASR]2,0.656783,7.87098,12.28229,3601.0,0.7656,1.16568,2037.044,-0.07720910989289753,-1
1180,2022[Mg][nan]3[ASR]1,0.711622,5.43436,11.09168,4751.2,0.6895,0.968914,4339.088,-0.07738001941936479,-1
521,2018[Ni][fmz]3[ASR]4,0.701722,5.24428,10.35645,4570.94,0.7014,0.999541,6888.06,-0.07740282969081957,-1
511,2018[Fe][hcb]2[ASR]1,0.772429,5.82939,7.7129,3836.0,0.7243,0.937691,704.28,-0.07970935564120096,-1
522,2018[Ni][fmz]3[ASR]5,0.698914,5.00818,11.26978,4599.22,0.705,1.00871,6858.09,-0.07997763470943575,-1
556,2018[Zr][scu]3[ASR]3,0.6302,10.30205,13.01952,3488.39,0.7746,1.22913,3925.1,-0.08047847947921227,-1
936,2020[Ni][nan]3[ASR]3,0.676112,4.60513,18.13404,4431.84,0.7196,1.06432,4740.612,-0.08059252842220177,-1
1116,2021[Y][pcu]3[ASR]1,0.668328,6.49595,11.50729,3689.96,0.7537,1.12774,1665.27,-0.0829025880376949,-1
85,2013[ZnCr][lon]3[ASR]3,0.677748,7.62193,11.66654,4174.72,0.7423,1.09524,4731.486,-0.08527875392773931,-1
780,2019[Zr][flu]3[ASR]1,0.647932,9.04013,11.25719,3786.36,0.7476,1.15383,2337.032,-0.08593329865928856,-1
638,2019[Cu][pts]3[ASR]1,2.49229,4.56069,6.22554,2026.51,0.5787,0.232196,7031.128,-0.08657360167250339,-1
189,2015[Zn][sql]2[ASR]4,0.856826,8.36218,9.16744,5056.95,0.5994,0.699559,1564.344,-0.08736461430532061,-1
1145,2021[Zn][zst]3[ASR]1,0.994822,10.34801,10.89068,4698.16,0.5836,0.586638,4206.632,-0.0885372439290606,-1
1165,2022[Cu][sql]2[ASR]4,0.73336,6.5336,9.98296,3674.14,0.7579,1.03346,5533.568,-0.0887884831474901,-1
1027,2021[Cd][pcu]3[ASR]2,0.756721,6.42666,8.01925,4286.64,0.7176,0.948302,2051.072,-0.08929430539135574,-1
457,2017[Zr][csq]3[ASR]4,0.458643,29.56547,31.30998,3422.38,0.8364,1.82364,5989.548,-0.08930368309877201,-1
783,2019[Zr][scu]3[ASR]2,0.603775,11.69536,13.93085,3461.12,0.7861,1.30198,3925.1,-0.08987619406744096,-1
934,2020[Ni][dia]3[ASR]1,0.805392,7.05303,8.26266,5085.12,0.6284,0.780241,2120.94,-0.089936765665102,-1
842,2020[Co][pts]3[ASR]1,0.75059,5.94895,6.95463,4137.87,0.7085,0.943924,1540.596,-0.09024804480394155,-1
1163,2022[Cu][sql]2[ASR]2,0.734411,6.47801,10.00176,3687.43,0.759,1.03348,5533.568,-0.09040161471172936,-1
208,2016[Co][pts]3[ASR]4,0.70214,9.56631,10.27952,4192.03,0.7132,1.01575,1068.628,-0.09041454659244741,-1
455,2017[Zr][csq]3[ASR]2,0.444258,29.4358,30.98177,3552.73,0.8419,1.89507,6001.644,-0.09043305444654692,-1
1251,2023[In][neb]3[ASR]1,0.714631,6.7826,8.43343,4483.51,0.6977,0.976308,3101.824,-0.09175597824549953,-1
838,2020[Co][nbo]3[ASR]1,0.908128,10.48012,11.21785,4678.29,0.5964,0.656736,1366.005,-0.09185503591497679,-1
866,2020[Cu][nbo]3[ASR]1,0.979363,10.00815,10.63307,4824.56,0.5746,0.586708,1379.844,-0.09223108616220765,-1
1168,2022[Cu][sql]2[ASR]7,0.734269,6.26323,10.04347,3669.64,0.7598,1.03477,5533.568,-0.0925950345553318,-1
1006,2020[Zr][flu]3[ASR]1,0.648009,8.31077,11.8156,3541.0,0.767,1.18363,2064.544,-0.09302245248378727,-1
1166,2022[Cu][sql]2[ASR]5,0.728598,6.43923,10.11943,3670.46,0.7615,1.04516,5533.568,-0.09460436398580585,-1
368,2017[Cu][sql]2[ASR]6,0.784156,3.56342,6.19896,5181.07,0.634,0.808512,3007.376,-0.09638713913524677,-1
367,2017[Cu][sql]2[ASR]4,0.793068,3.45944,6.17614,5162.35,0.6399,0.806867,1503.688,-0.09765534321317226,-1
114,2014[Cu][tbo]3[ASR]2,0.51525,9.8929,20.37685,3545.21,0.8276,1.60621,15061.824,-0.0984978126977949,-1
1132,2021[Zn][nan]3[ASR]3,0.750209,7.33401,8.39434,4298.11,0.7215,0.961732,2700.608,-0.09923848346857567,-1
205,2016[Co][nan]3[ASR]1,0.705297,8.33335,9.5622,4550.09,0.6884,0.976043,2996.15,-0.10078009637227558,-1
773,2019[Zr][bcu]3[ASR]1,0.728995,8.944,11.00215,2971.97,0.768,1.05351,1532.04,-0.10115265772443582,-1
1143,2021[Zn][srs]3[ASR]1,0.837968,4.88047,5.89453,4021.65,0.7177,0.856477,921.936,-0.1014935920600516,-1
560,2019[Al][fon]3[ASR]2,0.671413,7.21655,10.11649,4293.81,0.7231,1.07698,5035.352,-0.10203854296713033,-1
1226,2023[Co][ato]3[ASR]1,0.7669,11.57788,12.79502,4384.6,0.6802,0.886947,2287.278,-0.10355823654013652,-1
75,2013[Cd][rtl]3[ASR]2,0.695322,8.64512,9.94107,3899.25,0.7505,1.07936,1582.516,-0.10450769225962997,-1
1007,2020[Zr][flu]3[ASR]2,0.626397,9.42998,11.84332,3811.61,0.7611,1.21504,2465.024,-0.10602792307979403,-1
1194,2022[Zn][kgd]2[ASR]1,0.763129,4.97677,9.27343,5252.56,0.6336,0.830266,1074.574,-0.10760604646330851,-1
856,2020[Cu][dia]3[ASR]3,0.821251,9.85928,11.14562,4777.39,0.6435,0.783561,1808.628,-0.10810601935499475,-1
547,2018[Zr][bcu]3[ASR]1,0.822188,8.44133,10.26406,2698.64,0.7616,0.926309,1235.712,-0.10840180522475695,-1
57,2011[Zn][pcu]3[ASR]8,0.609156,7.89264,14.89039,3659.83,0.7984,1.31067,1539.734,-0.10888923234038339,-1
376,2017[Fe][kag]3[ASR]1,0.799776,13.61044,15.13602,4155.09,0.674,0.842736,1800.306,-0.10891803661593069,-1
864,2020[Cu][nan]2[ASR]3,0.783586,3.71343,6.17681,5177.16,0.6458,0.82416,1695.864,-0.11431712314421594,-1
603,2019[Co][nan]3[ASR]12,2.1984,3.36229,3.79823,2229.37,0.3603,0.163892,434.893,-0.11625827459366223,-1
550,2018[Zr][nan]3[ASR]3,0.565002,7.63799,15.54455,3803.5,0.7811,1.38247,2561.112,-0.11948256461805251,-1
121,2014[FeZr][soc]3[ASR]1,0.50204,14.39603,17.09766,3439.59,0.822,1.63732,17154.636,-0.12005971340015098,-1
146,2015[CrMn][nod]3[ASR]1,0.738263,7.52711,9.02632,3234.51,0.7624,1.03269,5935.808,-0.12042972713353428,-1
881,2020[Cu][sql]2[ASR]7,0.766394,3.55294,6.3821,5158.87,0.6519,0.850607,1695.864,-0.1229041343440862,-1
639,2019[Cu][pts]3[ASR]2,0.686124,5.48011,9.06415,4577.72,0.7123,1.03815,3759.5,-0.12343425919669782,-1
787,2020[Ag][nbo]3[ASR]1,0.978977,14.18871,14.60252,3926.65,0.6835,0.698178,1081.374,-0.12509994243352274,-1
523,2018[Ni][fmz]3[ASR]6,0.683544,5.50486,9.06169,4612.5,0.7109,1.04002,6737.862,-0.12766410162662578,-1
1162,2022[Cu][sql]2[ASR]1,0.660714,7.25892,10.80829,3676.98,0.7735,1.1707,5533.568,-0.12902751388404543,-1
38,2007[Zn][pcu]3[ASR]3,0.595037,8.20898,15.04033,3622.91,0.8092,1.35992,1539.734,-0.12991851242759067,-1
439,2017[Zn][nan]3[ASR]3,0.622394,8.99335,12.11113,4079.45,0.7632,1.22623,2800.728,-0.13172833541511475,-1
134,2015[Ag][nan]2[ASR]1,2.71981,2.27603,2.92976,2689.1,0.2649,0.0973965,968.572,-0.13237550875562532,-1
908,2020[Hf][flu]3[ASR]1,0.606164,8.20993,19.21939,2993.11,0.8213,1.35491,6577.86,-0.13367926961387955,-1
447,2017[Zn][sql]2[ASR]1,0.652027,6.02132,10.34037,4143.47,0.7481,1.14735,2892.944,-0.1364729667537925,-1
184,2015[Zn][pcu]3[ASR]7,0.663582,9.14814,10.96002,4117.56,0.7614,1.14741,1998.338,-0.13692798556174135,-1
723,2019[Th][bcu]3[ASR]1,0.903901,14.39286,15.26833,2599.9,0.7717,0.853744,2402.128,-0.13696170271564545,-1
289,2017[Al][skl]3[ASR]6,0.632101,6.51334,10.86344,4503.88,0.7226,1.14317,4716.256,-0.14242468584320345,-1
23,0000[U][bcu]3[ASR]1,0.909255,14.13895,15.22231,2554.96,0.7755,0.852896,2402.128,-0.14409930319566522,-1
284,2017[Al][skl]3[ASR]1,0.633677,6.4126,10.57915,4506.42,0.7218,1.13907,4716.256,-0.14436981849909658,-1
288,2017[Al][skl]3[ASR]5,0.629512,6.82335,10.93726,4496.34,0.7235,1.1493,4716.256,-0.14446379985433555,-1
264,2016[Ti][srs]3[ASR]1,0.748874,4.43359,6.24453,3747.6,0.7271,0.970924,4658.352,-0.14470261225071168,-1
711,2019[Np][shp]3[ASR]1,1.56151,6.17137,11.80821,1916.33,0.7029,0.450142,2257.488,-0.14618788609983424,-1
1022,2021[Cd][kag]3[ASR]1,0.580835,14.42961,18.49829,4381.15,0.7786,1.34048,3076.608,-0.14668678247361433,-1
411,2017[Th][bcu]3[ASR]1,0.794986,14.01621,15.55311,2628.09,0.7937,0.998382,2402.128,-0.14780727951163308,-1
183,2015[Zn][pcu]3[ASR]6,0.665684,8.93222,10.17492,4134.47,0.758,1.13868,3992.644,-0.14981713854453593,-1
287,2017[Al][skl]3[ASR]4,0.629989,6.71784,10.51065,4503.71,0.7237,1.14875,4716.256,-0.1519148116658916,-1
285,2017[Al][skl]3[ASR]2,0.654724,7.09639,8.52757,4452.39,0.7162,1.0939,4716.256,-0.15257491526706157,-1
413,2017[U][bcu]3[ASR]1,0.875557,14.007,15.13285,2547.14,0.7835,0.894858,2402.128,-0.15419101160896986,-1
286,2017[Al][skl]3[ASR]3,0.646098,7.49154,9.02129,4481.13,0.7184,1.11191,4716.256,-0.16017701544096608,-1
180,2015[Zn][nan]3[ASR]6,0.681965,14.81673,16.80153,4346.61,0.7239,1.06149,6341.832,-0.16119651021615122,-1
837,2020[Co][nan]3[ASR]9,0.700823,5.11667,6.53405,4752.6,0.7007,0.999824,3217.984,-0.1618691840628217,-1
520,2018[Ni][fmz]3[ASR]3,0.636492,5.62966,11.37857,4585.94,0.7322,1.15037,6245.514,-0.16220070642941864,-1
1102,2021[NiW][hcb]2[ASR]1,1.68701,10.53464,14.72844,1873.61,0.6827,0.40468,11345.86,-0.1640826754237501,-1
876,2020[Cu][sql]2[ASR]11,0.701661,4.22333,7.27434,4990.9,0.6884,0.981101,2728.592,-0.16679041252778914,-1
292,2017[Al][skl]3[ASR]9,0.641294,7.59212,9.07584,4448.78,0.7239,1.12881,4716.256,-0.16739500324639078,-1
633,2019[Cu][nan]3[ASR]8,0.613806,11.18376,12.56126,4203.31,0.7686,1.25219,4232.952,-0.17053403103361808,-1
950,2020[Ti][srs]3[ASR]1,0.641889,4.1592,9.47492,4310.09,0.735,1.14506,3194.544,-0.1705605587406931,-1
519,2018[Ni][fmz]3[ASR]2,0.590083,5.38751,14.03896,4063.67,0.7723,1.3088,5680.104,-0.1717562616114292,-1
290,2017[Al][skl]3[ASR]7,0.632497,7.78859,9.39612,4478.65,0.7242,1.14499,4716.256,-0.17456581979060737,-1
291,2017[Al][skl]3[ASR]8,0.634587,7.68858,9.207,4477.28,0.7251,1.14263,4716.256,-0.1768489501411934,-1
469,2018[Cd][nan]3[ASR]3,0.700989,11.03686,11.83106,4632.65,0.7041,1.00444,5175.88,-0.17904624280940096,-1
94,2013[Zn][nan]3[ASR]9,0.396669,19.56277,24.50866,4135.15,0.8477,2.13704,28518.984,-0.18247560050124767,-1
731,2019[Zn][ant]3[ASR]1,0.575121,11.56311,13.76018,4222.53,0.7776,1.35206,5418.62,-0.18313227884816907,-1
375,2017[Fe][fmz]3[ASR]1,0.561601,5.45549,14.65302,4062.02,0.7696,1.37037,5412.96,-0.18808640918296227,-1
632,2019[Cu][nan]3[ASR]7,0.600777,11.06282,12.29824,4207.87,0.772,1.285,4101.336,-0.18841447422610236,-1
345,2017[CuSi][pcu]3[ASR]1,0.765355,10.29832,10.43276,4948.49,0.6606,0.863128,1476.388,-0.19431013521421658,-1
347,2017[Cu][fjh]3[ASR]1,0.606791,8.3726,11.29001,3673.84,0.8002,1.31874,10051.976,-0.1948270202698057,-1
126,2014[Zn][nan]2[ASR]3,0.870248,11.37417,11.94829,4934.58,0.616,0.707844,4139.18,-0.19835017888994666,-1
518,2018[Ni][fmz]3[ASR]1,0.56951,5.40588,14.45825,4129.38,0.7747,1.36029,5464.224,-0.19857000564338922,-1
513,2018[Hf][scu]3[ASR]1,0.571209,12.32894,15.77552,2930.73,0.8306,1.45411,2556.236,-0.1993508172300288,-1
133,2014[Zr][fcu]3[ASR]2,0.493165,8.97273,17.52745,4002.05,0.8067,1.63576,10308.96,-0.2057881275068284,-1
665,2019[Fe][fmz]3[ASR]1,0.564564,5.39377,13.97976,4046.4,0.776,1.37451,5412.96,-0.2058926262387556,-1
993,2020[Zn][nan]3[ASR]8,0.511629,10.45475,16.87479,4271.15,0.7982,1.56011,6485.764,-0.20994360792076816,-1
763,2019[Zn][snz]3[ASR]1,0.693667,13.75598,15.60093,4550.23,0.7276,1.04892,2091.978,-0.2100911020552425,-1
449,2017[Zn][sql]2[ASR]3,0.727537,4.36617,7.76573,5390.78,0.6607,0.908132,2792.4,-0.21017032452843687,-1
620,2019[Cr][acs]3[ASR]1,0.517089,13.60266,14.55008,4146.2,0.7869,1.52179,1140.913,-0.21096091029914743,-1
664,2019[Fe][acs]3[ASR]1,0.51226,13.5624,14.74444,4151.56,0.7874,1.53711,1152.46,-0.21118590718945907,-1
441,2017[Zn][nan]3[ASR]5,0.820062,8.81418,9.1693,5322.1,0.6291,0.767137,2692.076,-0.21331351950286936,-1
1309,2024[Cu][lvt]3[ASR]1,0.629812,7.06339,9.72422,4605.07,0.7417,1.17765,6221.52,-0.2140510453137644,-1
145,2015[CrMn][noa]3[ASR]1,0.621509,8.21137,10.58889,3370.78,0.8035,1.29282,2967.904,-0.21418395620061015,-1
1065,2021[Cu][pcu]3[ASR]3,0.621353,9.30371,11.65883,4649.18,0.7369,1.18596,3519.152,-0.21579197025061192,-1
860,2020[Cu][lil]3[ASR]1,0.611163,10.8024,11.94369,4441.66,0.7579,1.24009,4365.96,-0.21909649943994214,-1
282,2017[Al][fon]3[ASR]1,0.593343,8.07582,10.22463,4439.4,0.7456,1.25661,4115.536,-0.22058958810180052,-1
1105,2021[Pb][nan]3[ASR]1,3.13877,2.82581,3.14223,2184.66,0.3018,0.0961524,1484.772,-0.22086798077550562,-1
1008,2020[Zr][flu]3[ASR]3,0.507379,7.65839,17.32074,3590.06,0.8218,1.6197,5530.668,-0.22354284079457798,-1
559,2019[Al][fon]3[ASR]1,0.58658,8.24844,10.38394,4457.94,0.7481,1.27536,4115.536,-0.23207021750707824,-1
902,2020[Fe][tbo]3[ASR]1,0.450439,8.92157,21.24709,3989.67,0.824,1.82933,2764.416,-0.24073133018633053,-1
377,2017[Fe][nan]3[ASR]1,0.557505,10.59444,14.63467,4539.81,0.7684,1.37828,4123.06,-0.2418384354203733,-1
903,2020[Fe][tbo]3[ASR]2,0.449851,8.90867,21.31123,4001.19,0.8276,1.83972,2764.416,-0.24910013272402276,-1
393,2017[NiCo][qtz]3[ASR]1,0.723045,14.73657,15.0078,4552.19,0.7146,0.98832,2936.961,-0.2493162294998722,-1
951,2020[U][hcb]2[ASR]2,1.58284,3.91558,5.53669,2059.63,0.7228,0.456647,528.108,-0.253753447149763,-1
1061,2021[Cu][nbo]3[ASR]1,0.554504,11.88721,17.15952,4676.47,0.7637,1.37727,6426.828,-0.25376909361249145,-1
952,2020[U][hcb]2[ASR]3,1.5717,4.02165,5.5795,2045.95,0.7255,0.461601,528.108,-0.2591996540906235,-1
1211,2022[Zn][rtl]3[ASR]1,0.537621,9.88295,12.00114,4012.02,0.8064,1.49994,4104.7,-0.2697102829895045,-1
555,2018[Zr][scu]3[ASR]2,0.459317,12.22532,15.5599,3688.6,0.8312,1.80964,2032.64,-0.27112089204406997,-1
790,2020[Al][fmz]3[ASR]1,0.526238,5.23707,14.47097,4387.98,0.7667,1.45695,4407.75,-0.28069997726056384,-1
446,2017[Zn][sod]3[ASR]1,0.684243,5.21481,14.89793,5461.47,0.6743,0.985469,5606.712,-0.28327636710736903,-1
171,2015[Zn][hea]3[ASR]1,0.548186,9.36857,12.05221,4387.9,0.7854,1.43273,8764.062,-0.2858385657688093,-1
554,2018[Zr][scu]3[ASR]1,0.429176,13.67336,16.55771,3689.37,0.8386,1.95398,2032.64,-0.2960553639535931,-1
1096,2021[Mn][nan]3[ASR]2,0.615226,14.2697,15.84844,4761.61,0.7154,1.16282,5480.232,-0.29638859489362135,-1
675,2019[In][mmt]3[ASR]1,0.546774,9.5265,11.56372,4526.46,0.7682,1.40497,6588.0,-0.30204359054450547,-1
173,2015[Zn][ith]3[ASR]2,0.494223,7.31618,19.49225,4508.36,0.7992,1.61708,7996.248,-0.30978372310209645,-1
1326,2024[Ni][etb]3[ASR]1,0.627285,6.60182,11.34734,5297.59,0.7127,1.13617,1992.192,-0.322007196664055,-1
172,2015[Zn][ith]3[ASR]1,0.452533,7.80283,21.77624,4271.75,0.8285,1.83081,7322.952,-0.3256907725436684,-1
175,2015[Zn][ith]3[ASR]4,0.543377,5.88107,16.7062,4789.7,0.7721,1.42093,8669.544,-0.3261756519922009,-1
24,0000[Zn][ith]3[ASR]1,0.543673,5.96446,16.25601,4780.16,0.7741,1.42383,8669.544,-0.32780140731867735,-1
438,2017[Zn][nan]3[ASR]2,0.462869,15.45739,17.63962,4551.38,0.8151,1.76097,5909.07,-0.3336854912789162,-1
174,2015[Zn][ith]3[ASR]3,0.540663,5.79323,16.40548,4798.96,0.7726,1.42899,8669.544,-0.3355392184629984,-1
875,2020[Cu][sql]2[ASR]1,0.578816,5.59047,8.85794,4898.43,0.7507,1.29696,1623.808,-0.34800348448145324,-1
1107,2021[Sc][nan]3[ASR]1,0.714532,20.20069,20.65705,4471.3,0.6915,0.967766,5591.028,-0.35130754172568734,-1
913,2020[In][nuc]3[ASR]1,0.471215,8.09761,14.76213,3681.71,0.8316,1.7648,5309.172,-0.35252852419887726,-1
258,2016[NiZr][ftw]3[ASR]1,0.420413,8.84486,21.37941,4224.45,0.8272,1.96759,4122.843,-0.35838959243555635,-1
1360,2024[Zn][pcu]3[ASR]1,0.466253,10.64638,14.37106,4158.16,0.8298,1.77972,5479.256,-0.3631396891348896,-1
1239,2023[Cu][sql]2[ASR]1,0.599993,5.46009,8.07436,5313.02,0.7243,1.20718,1888.04,-0.38733373042263375,-1
222,2016[Co][sql]2[ASR]2,0.606579,7.62721,7.94229,5328.3,0.7161,1.18055,735.749,-0.39860935800566377,-1
192,2015[Zr][ftw]3[ASR]1,0.458587,8.47189,17.85523,4687.82,0.7928,1.72879,3965.148,-0.40888549190209267,-1
193,2015[Zr][ftw]3[ASR]2,0.403686,8.6537,21.35584,4425.86,0.8247,2.04292,3952.812,-0.45041526800601783,-1
278,2016[Zr][buh]3[ASR]1,0.389439,10.77877,18.84439,4187.6,0.8366,2.14822,27325.632,-0.45433546744596254,-1
432,2017[Zn][muo]3[ASR]1,0.343786,25.1026,26.74314,4195.81,0.8738,2.5417,6517.17,-0.4848684729464543,-1
1013,2020[Zr][sod]3[ASR]1,0.345229,21.21992,38.91559,4317.51,0.8606,2.49284,17483.328,-0.5025728336389232,-1
1245,2023[Eu][nan]3[ASR]2,0.777976,29.74608,30.3514,4106.09,0.6927,0.890388,8850.66,-0.5080011750677482,-1
900,2020[Fe][nuc]3[ASR]1,0.408405,7.94712,15.02966,4210.27,0.8315,2.03597,4601.496,-0.5366790337687626,-1
1236,2023[Cu][ctn]3[ASR]1,0.505831,7.56799,9.35477,5115.72,0.7781,1.53826,3745.692,-0.5411385745889852,-1
55,2010[Zn][pyr]3[ASR]1,0.408029,8.38682,13.81112,4329.58,0.8451,2.07118,4977.436,-0.5940061936967684,-1
996,2020[Zn][nbo]3[ASR]3,0.330726,12.12454,22.41586,4333.68,0.8668,2.6209,18896.784,-0.6718688156706423,-1
869,2020[Cu][nbo]3[ASR]4,0.328096,12.15893,22.56317,4300.16,0.8706,2.65349,18808.752,-0.6833692820361489,-1
839,2020[Co][nbo]3[ASR]2,0.323808,12.16772,22.51791,4302.02,0.8657,2.6735,18587.328,-0.6935455334966132,-1
868,2020[Cu][nbo]3[ASR]3,0.323188,12.55234,22.78188,4312.33,0.8719,2.69781,18808.752,-0.7010986204157794,-1
867,2020[Cu][nbo]3[ASR]2,0.320875,12.81334,22.95364,4314.86,0.8712,2.71508,18808.752,-0.7051275789682677,-1
18,0000[Fe][nbo]3[ASR]1,0.319335,12.32727,22.61205,4346.82,0.8664,2.71314,18439.104,-0.7174108678452884,-1
937,2020[Ni][nbo]3[ASR]1,0.31856,12.83641,22.80759,4351.32,0.8694,2.72916,18575.808,-0.7183647987775702,-1
929,2020[Mn][nbo]3[ASR]1,0.317955,12.16855,22.45958,4400.98,0.8626,2.71296,18395.568,-0.7278325323792556,-1
1062,2021[Cu][nbo]3[ASR]2,0.312648,13.16055,23.7754,4310.99,0.8747,2.79772,18808.752,-0.7364698256064965,-1
1070,2021[Cu][sql]2[ASR]6,0.358334,7.90551,12.24169,5217.53,0.8303,2.31711,2112.472,-0.8585919137164976,-1
194,2015[Zr][ftw]3[ASR]3,0.291153,10.49686,25.25819,4624.66,0.8722,2.99568,4241.076,-0.8732237688274347,-1
256,2016[Mg][stp]3[ASR]2,0.284192,26.5894,28.05599,4801.7,0.8755,3.08066,2538.096,-0.888426024960365,-1
898,2020[Fe][hcb]2[ASR]2,0.175207,15.58313,22.94791,4287.68,0.9308,5.31257,792.207,-1.0398576580339776,-1
