Serial,Name,Density,PLD,LCD,GSA,Void_Fraction,Pore_Volume,UnitCell_MW_g_mol,score_svm,label_svm
1214,2022[Zr][lvt]3[ASR]1,1.0669,6.93493,9.83426,2836.58,0.6733,0.631079,5783.264,1.4364099716081666,1
774,2019[Zr][bcu]3[ASR]2,0.952429,8.95756,11.33088,3021.69,0.685,0.719214,1532.04,1.4249289909208709,1
21,0000[Lu][lcy]3[ASR]1,0.89958,7.28263,13.22023,3152.69,0.7283,0.8096,13758.368,1.4214433401501296,1
263,2016[Tb][fcu]3[ASR]1,0.804274,6.94679,13.37735,3094.29,0.741,0.921327,2530.89,1.4090274815043942,1
1335,2024[Tb][tfz]3[ASR]1,1.01079,8.8743,9.7381,2791.54,0.7059,0.698364,4693.076,1.4015657497851064,1
281,2017[Ag][sqc]3[ASR]1,1.14094,8.15582,10.30618,3098.2,0.6714,0.58846,2017.8,1.3934378327342585,1
1078,2021[Eu][fcu]3[ASR]2,0.789282,7.21484,14.75035,3040.2,0.7609,0.964041,2504.772,1.3926220892026249,1
130,2014[Zn][pcu]3[ASR]10,0.995074,5.19047,10.8089,3092.39,0.7277,0.731302,1215.47,1.3888412211608119,1
1178,2022[In][nan]3[ASR]1,1.31584,6.47311,6.99137,2719.88,0.655,0.497781,975.46,1.3828056077745179,1
280,2017[Ag][sqc]2[ASR]1,1.11653,9.25829,10.88694,3121.04,0.6651,0.595683,1008.9,1.3810333720539967,1
1179,2022[In][nan]3[ASR]2,1.31754,6.47203,6.98033,2723.74,0.6473,0.491293,975.46,1.3804980486612923,1
115,2014[Cu][tbo]3[ASR]3,0.886331,6.79616,13.28651,3295.67,0.7186,0.810758,2419.488,1.375761012870594,1
884,2020[Cu][tbo]3[ASR]3,0.887233,6.78569,13.27585,3295.08,0.718,0.809257,2419.488,1.3757519701578245,1
1087,2021[Hf][sqc]3[ASR]1,1.13298,6.99108,9.19603,2551.58,0.695,0.613427,4639.936,1.3736215566300995,1
647,2019[Cu][tbo]3[ASR]2,0.886546,6.78058,13.28372,3301.42,0.7177,0.809547,2419.488,1.373192874563413,1
1009,2020[Zr][hex]3[ASR]1,1.10193,5.53626,8.89938,2956.61,0.6386,0.579527,3320.064,1.3721674148151661,1
15,0000[Er][lcy]3[ASR]1,0.840959,7.45164,13.4706,3315.52,0.7338,0.872575,8159.424,1.3711914814371604,1
116,2014[Cu][tbo]3[ASR]4,0.882932,6.80767,13.2781,3311.71,0.7198,0.815238,9677.952,1.3693858561269572,1
1249,2023[Hf][hcp]3[ASR]1,0.837949,8.99991,15.48228,2813.47,0.7588,0.905544,9772.188,1.368289649069694,1
1112,2021[Th][fcu]3[ASR]1,0.901998,7.11938,13.67888,2709.38,0.7526,0.83437,1569.276,1.3677777534326372,1
14,0000[Cu][tbo]3[ASR]2,0.888494,6.65523,13.20142,3310.85,0.7192,0.80946,9677.952,1.3671186031821543,1
269,2016[Zn][fgl]3[ASR]1,1.33966,8.63635,9.32756,2951.3,0.6255,0.466909,1949.148,1.3623469903165035,1
911,2020[In][hcb]2[ASR]1,1.03046,7.14786,8.42452,3124.74,0.6954,0.674843,850.522,1.3608581984519266,1
648,2019[Cu][tbo]3[ASR]3,0.883033,6.76269,13.18078,3328.13,0.7177,0.812767,2419.488,1.360677323464666,1
117,2014[Cu][tbo]3[ASR]5,0.885,6.71145,13.18974,3327.91,0.7191,0.812542,9677.952,1.3605077662011327,1
257,2016[Mn][nan]3[ASR]1,1.02928,11.0617,12.01682,2730.03,0.668,0.648998,2016.576,1.3596152415950797,1
646,2019[Cu][tbo]3[ASR]1,0.886045,6.68715,13.15744,3330.13,0.7168,0.808989,2419.488,1.358487652887355,1
885,2020[Cu][tbo]3[ASR]4,0.881994,6.70666,13.18109,3342.28,0.7176,0.813611,2419.488,1.3536197252636888,1
118,2014[Cu][tbo]3[ASR]6,0.878777,6.78455,13.20057,3346.27,0.7208,0.820231,9677.952,1.3536099360988805,1
887,2020[Cu][tbo]3[ASR]6,0.881994,6.70647,13.18091,3347.26,0.7208,0.817239,2419.488,1.3520607188826712,1
886,2020[Cu][tbo]3[ASR]5,0.881994,6.70666,13.18109,3349.02,0.7176,0.813611,2419.488,1.3506304182367952,1
883,2020[Cu][tbo]3[ASR]2,0.878222,6.75663,13.21587,3353.72,0.7206,0.820522,2419.488,1.3500147314812585,1
1192,2022[Tb][umc]3[ASR]1,1.20491,4.56506,7.19243,2901.56,0.6616,0.549087,1464.168,1.3499253617248097,1
1125,2021[Zn][nan]3[ASR]1,1.21914,10.83931,11.62733,2677.51,0.6633,0.544071,974.574,1.3497603233357995,1
979,2020[Zn][nan]3[ASR]16,1.2148,11.00713,11.71958,2699.02,0.6697,0.551283,974.574,1.3496199782088452,1
1131,2021[Zn][nan]3[ASR]2,1.21695,10.87758,11.64853,2679.28,0.6618,0.543818,974.574,1.3488703071223722,1
882,2020[Cu][tbo]3[ASR]1,0.868078,6.78307,13.27801,3376.38,0.722,0.831723,2419.488,1.3402413998461191,1
1256,2023[Mn][nan]3[ASR]1,0.84824,12.38999,12.59668,3096.41,0.7047,0.830779,1224.162,1.3372591123079238,1
773,2019[Zr][bcu]3[ASR]1,0.728995,8.944,11.00215,2971.97,0.768,1.05351,1532.04,1.3320076955993316,1
708,2019[Ni][nan]3[ASR]3,1.20772,10.80261,11.52538,2612.72,0.6486,0.537043,934.452,1.331319374780064,1
1255,2023[La][pts]3[ASR]1,1.21149,7.50315,8.08695,3001.63,0.6208,0.512427,870.198,1.3271849184288735,1
706,2019[Ni][nan]3[ASR]1,1.19871,10.96497,11.60677,2614.7,0.6518,0.543751,934.452,1.3266465788622,1
487,2018[Co][nan]3[ASR]6,1.17315,10.10911,11.06432,2528.58,0.6375,0.543408,935.892,1.326208282510561,1
246,2016[Cu][nan]3[ASR]4,1.39796,6.61688,9.02855,3059.44,0.6292,0.450085,8529.528,1.3249234424897505,1
247,2016[Cu][nan]3[ASR]5,1.40015,6.66192,9.05479,3068.52,0.6314,0.450951,8529.528,1.3247743661861717,1
488,2018[Co][nan]3[ASR]7,1.18395,9.95624,11.06071,2494.74,0.648,0.547321,935.892,1.3193299120528565,1
485,2018[Co][nan]3[ASR]4,1.18395,9.96153,11.0634,2494.01,0.6482,0.547489,935.892,1.318866148801015,1
484,2018[Co][nan]3[ASR]3,1.18457,9.86058,10.9929,2485.51,0.6448,0.544334,935.892,1.318672168091478,1
486,2018[Co][nan]3[ASR]5,1.18386,9.96065,11.06314,2489.21,0.6482,0.547533,935.892,1.3169854884958956,1
1372,2024[Zr][flu]3[ASR]1,0.850103,5.39536,8.48729,3183.75,0.721,0.848133,3536.496,1.316469462555398,1
547,2018[Zr][bcu]3[ASR]1,0.822188,8.44133,10.26406,2698.64,0.7616,0.926309,1235.712,1.3160014102982833,1
323,2017[Co][nan]3[ASR]14,1.19054,9.9543,10.9968,2483.93,0.6428,0.539921,935.892,1.314787734591838,1
1015,2020[Zr][sqc]3[ASR]2,0.852953,7.14182,9.29295,3279.54,0.7044,0.825837,3576.616,1.314078610761716,1
490,2018[Co][nan]3[ASR]9,1.18539,9.94509,10.96437,2479.68,0.6273,0.529194,2807.676,1.3114184636167798,1
948,2020[Tb][nan]3[ASR]4,1.6218,6.28333,6.65235,2586.52,0.5674,0.349857,4392.504,1.3051603517386756,1
914,2020[La][pts]3[ASR]1,1.52957,5.40146,5.66023,2574.34,0.5856,0.382853,1428.068,1.304460760489361,1
344,2017[CuEu][sql]2[ASR]1,1.13764,5.36566,6.7779,3108.26,0.6921,0.608364,1297.248,1.30183307729898,1
1018,2021[Ag][nan]3[ASR]1,1.38549,8.74983,9.77195,3114.85,0.6202,0.44764,1185.56,1.3007351362809914,1
912,2020[In][nan]3[ASR]1,1.80152,4.92871,6.67097,2478.1,0.5725,0.317787,1720.786,1.298630658429756,1
165,2015[Sm][sql]2[ASR]1,1.49163,4.02369,6.71175,2720.34,0.5892,0.395005,750.354,1.2984414657614374,1
940,2020[Pr][pts]3[ASR]1,1.57041,5.34196,5.58764,2497.17,0.5816,0.370348,872.448,1.29429454910046,1
1014,2020[Zr][sqc]3[ASR]1,0.84795,7.21012,9.30717,3320.76,0.7042,0.830473,3584.68,1.2937701483294854,1
813,2020[Ce][pts]3[ASR]1,1.54829,5.3979,5.6336,2530.22,0.5763,0.372217,872.448,1.2937363186468782,1
32,2006[Cd][nan]3[ASR]4,1.26346,5.81593,6.97647,3086.67,0.6577,0.520556,4284.028,1.2933760055848265,1
331,2017[Co][nan]3[ASR]8,1.17528,10.85848,11.65036,2498.23,0.6423,0.546509,935.892,1.2893924488951793,1
146,2015[CrMn][nod]3[ASR]1,0.738263,7.52711,9.02632,3234.51,0.7624,1.03269,5935.808,1.288636610426607,1
971,2020[Zn][nan]2[ASR]2,1.409,6.28404,7.16487,3033.29,0.6263,0.4445,1200.26,1.2850119135845084,1
604,2019[Co][nan]3[ASR]13,1.18431,10.78007,11.53528,2483.25,0.6336,0.534996,935.892,1.2848949465243233,1
602,2019[Co][nan]3[ASR]1,1.17375,10.90185,11.63097,2486.28,0.6422,0.547134,935.892,1.282816102858866,1
1274,2023[Sm][pts]3[ASR]1,1.42856,6.2058,7.01618,2789.87,0.5655,0.395852,592.388,1.2822904987921007,1
676,2019[In][nan]3[ASR]1,0.975636,14.53396,14.79531,3126.97,0.7083,0.725988,1769.598,1.282275348213352,1
605,2019[Co][nan]3[ASR]14,1.17266,10.91867,11.6947,2486.15,0.6376,0.543723,935.892,1.28177271432382,1
606,2019[Co][nan]3[ASR]15,1.17224,10.88216,11.69824,2479.83,0.6437,0.549118,935.892,1.28121070217036,1
330,2017[Co][nan]3[ASR]7,1.17979,10.79044,11.60621,2471.56,0.6351,0.538318,2807.676,1.280243182450594,1
324,2017[Co][nan]3[ASR]15,1.18753,10.77074,11.55785,2468.46,0.6409,0.539693,935.892,1.28010256795553,1
489,2018[Co][nan]3[ASR]8,1.18297,10.97893,11.68073,2486.62,0.6417,0.542449,3743.568,1.2797760011436303,1
747,2019[Zn][nan]3[ASR]10,1.2847,13.50348,13.99981,3062.07,0.644,0.501286,3922.488,1.2791362222985267,1
329,2017[Co][nan]3[ASR]6,1.17257,10.86547,11.65774,2472.44,0.6472,0.551952,935.892,1.2787267476948774,1
722,2019[Tb][urx]3[ASR]1,0.782532,10.47616,15.9169,2707.23,0.7749,0.990247,10652.346,1.2786747768918845,1
607,2019[Co][nan]3[ASR]2,1.18734,11.08091,11.62577,2488.0,0.6376,0.537,935.892,1.2754900362372503,1
655,2019[Er][hcb]2[ASR]3,1.29893,4.03133,5.22803,2905.08,0.6511,0.501259,620.886,1.2739345489491218,1
692,2019[Mg][nan]3[ASR]3,0.929735,10.84174,11.55168,3324.49,0.6519,0.701168,728.124,1.2734124044502424,1
1010,2020[Zr][nan]3[ASR]1,0.77024,9.98215,11.14273,3421.87,0.7271,0.943992,3132.981,1.2714458214382314,1
690,2019[Mg][nan]3[ASR]1,0.910088,10.82488,11.61605,3343.52,0.6557,0.72048,728.124,1.2708022458756028,1
915,2020[Mg][nan]3[ASR]1,0.912549,10.89789,11.67288,3346.79,0.6548,0.71755,728.124,1.267854101817388,1
39,2007[Zn][srs]3[ASR]10,1.23146,6.77259,8.60968,3271.27,0.6693,0.5435,12657.888,1.2645094614435946,1
42,2007[Zn][srs]3[ASR]13,1.20596,7.09618,8.73075,3288.07,0.6705,0.555988,12657.888,1.2636853845786928,1
245,2016[Cu][nan]3[ASR]3,1.47307,6.46579,7.90968,3048.2,0.6068,0.411928,8529.528,1.2632582328586703,1
691,2019[Mg][nan]3[ASR]2,0.912446,10.73041,12.01944,3357.04,0.6481,0.710289,4368.744,1.263136367045898,1
44,2007[Zn][srs]3[ASR]15,1.22175,7.06521,8.38192,3280.19,0.6741,0.551751,12657.888,1.262965585767253,1
40,2007[Zn][srs]3[ASR]11,1.22695,7.15145,8.64577,3285.13,0.6693,0.545499,12657.888,1.2613508727482514,1
43,2007[Zn][srs]3[ASR]14,1.23467,7.01593,8.40821,3269.63,0.6679,0.540955,12657.888,1.260805459381656,1
28,0000[Zn][srs]3[ASR]1,1.22499,7.83619,8.53797,3281.84,0.6656,0.543353,12657.888,1.259888525199751,1
943,2020[SiZr][scu]3[ASR]1,0.850747,7.96273,10.19342,3433.06,0.7064,0.830329,3456.66,1.258714968238794,1
654,2019[Er][hcb]2[ASR]2,1.34705,3.75656,5.61819,2913.74,0.6334,0.470211,1241.772,1.2572399661852989,1
41,2007[Zn][srs]3[ASR]12,1.21042,6.8958,8.47518,3291.54,0.6705,0.553938,12657.888,1.2521090892457478,1
190,2015[Zr][fcu]3[ASR]1,1.22102,4.07165,8.57883,2985.21,0.594,0.486477,1664.064,1.2508474116185573,1
459,2017[Zr][nan]3[ASR]1,0.811156,7.12418,11.99121,3514.93,0.7354,0.906607,4231.772,1.2497193398331388,1
45,2007[Zn][srs]3[ASR]9,1.23149,6.75539,8.59914,3286.98,0.6644,0.53951,12657.888,1.246874631713055,1
1113,2021[Th][fcu]3[ASR]2,1.58348,4.31767,9.53216,2202.7,0.6407,0.404615,1112.688,1.2438325720474335,1
721,2019[Tb][sqc]3[ASR]1,1.63759,4.18476,4.97698,2742.16,0.5752,0.351247,660.018,1.2311013881751383,1
30,2003[Er][tcs]3[ASR]1,1.71981,3.8733,4.80184,2664.46,0.5675,0.329979,684.336,1.2286040975818724,1
410,2017[Tb][nan]3[ASR]3,1.78672,5.09952,5.48341,2434.34,0.5308,0.297081,1416.124,1.2285756094457783,1
1012,2020[Zr][scu]3[ASR]1,0.662288,10.24814,12.39913,3454.26,0.758,1.14452,2032.64,1.2249303597273105,1
480,2018[Ce][scu]3[ASR]1,0.669755,8.70141,12.44211,3490.81,0.7629,1.13907,1817.56,1.2225042874923682,1
552,2018[Zr][nan]3[ASR]5,0.67153,9.64292,12.55429,3501.31,0.7579,1.12862,4089.216,1.2187712033013363,1
343,2017[CuAsMo][nan]2[ASR]1,1.87096,3.6369,4.77774,2437.84,0.5476,0.292684,497.772,1.2165360788171116,1
549,2018[Zr][nan]3[ASR]2,0.833978,5.34156,13.22909,3492.44,0.6897,0.827,17797.752,1.2153189674664853,1
328,2017[Co][nan]3[ASR]5,1.38138,5.76311,7.69686,2945.36,0.5597,0.405175,1103.976,1.2152884653392024,1
265,2016[ZnCo][pcu]3[ASR]1,0.64452,11.01743,13.54262,3401.65,0.7849,1.21781,7312.148,1.2043671333740678,1
1215,2022[Zr][she]3[ASR]1,0.533204,16.86206,28.48033,3338.07,0.8174,1.533,13546.512,1.202406904192785,1
949,2020[Tb][pcu]3[ASR]1,1.22059,4.29203,6.40957,3105.09,0.6342,0.519586,1812.384,1.2006694931809825,1
191,2015[Zr][fcu]3[ASR]2,0.755193,5.60661,12.59507,3549.9,0.7251,0.960152,8482.608,1.1961670047734938,1
908,2020[Hf][flu]3[ASR]1,0.606164,8.20993,19.21939,2993.11,0.8213,1.35491,6577.86,1.1942430345007813,1
1279,2023[Zn][hmc]3[ASR]1,0.744623,6.1297,14.34584,3615.46,0.752,1.00991,6753.64,1.1930703856101874,1
436,2017[Zn][nan]3[ASR]12,0.743423,16.14558,16.20251,3273.58,0.7575,1.01894,1202.868,1.1911744040012093,1
548,2018[Zr][nan]3[ASR]1,0.847475,5.25872,12.90854,3510.67,0.6856,0.808991,17797.752,1.1906043167580405,1
672,2019[In][bpq]3[ASR]2,1.41086,6.08989,6.68867,3045.09,0.5864,0.415632,2615.448,1.1897785364533549,1
442,2017[Zn][nan]3[ASR]6,0.768967,17.0711,17.57634,3258.94,0.7568,0.984177,1202.868,1.1866537917964637,1
553,2018[Zr][nan]3[ASR]6,0.753337,7.02099,12.91193,3600.32,0.7048,0.935571,4809.858,1.1847393453998774,1
1291,2023[Zr][hcp]3[ASR]1,0.647064,9.03897,15.61742,3621.93,0.7612,1.17639,7677.804,1.184732013349577,1
906,2020[Gd][pcu]3[ASR]1,1.21247,4.29546,6.40935,3133.16,0.6342,0.523066,1176.684,1.182534652414079,1
1174,2022[Eu][pts]3[ASR]1,1.12353,5.06538,6.54792,3231.59,0.6566,0.584406,1660.5,1.1810551398861067,1
556,2018[Zr][scu]3[ASR]3,0.6302,10.30205,13.01952,3488.39,0.7746,1.22913,3925.1,1.1808949717824724,1
1290,2023[Zn][pcu]3[ASR]1,0.891096,6.06437,9.40709,3497.37,0.7123,0.799353,6671.408,1.1805728579334958,1
716,2019[Sm][sqc]3[ASR]1,1.59006,4.14275,4.91789,2860.65,0.5731,0.360426,342.168,1.1777092700650509,1
748,2019[Zn][nan]3[ASR]11,0.956305,9.7296,11.76139,3591.2,0.6843,0.715566,3223.776,1.1767648299665123,1
1303,2024[CeCu][nan]3[ASR]1,1.75597,4.93687,6.13228,2702.62,0.5135,0.29243,857.154,1.1755289851334465,1
83,2013[ZnCr][lon]3[ASR]1,0.794772,6.39302,11.75677,3609.86,0.7384,0.929071,5509.914,1.17423721149972,1
1006,2020[Zr][flu]3[ASR]1,0.648009,8.31077,11.8156,3541.0,0.767,1.18363,2064.544,1.172866753568457,1
507,2018[Er][nan]3[ASR]1,1.96126,2.75591,4.46249,2525.0,0.5355,0.273039,968.39,1.1719927149283753,1
551,2018[Zr][nan]3[ASR]4,0.70707,6.67955,13.74408,3632.35,0.7225,1.02182,4857.902,1.1717235961702526,1
1017,2021[Ag][nan]2[ASR]1,1.30559,11.28189,11.71954,3277.82,0.5939,0.45489,1741.644,1.1706322459799339,1
120,2014[FeAu][nan]3[ASR]1,1.96131,3.53951,4.40815,2632.96,0.5357,0.273134,1104.423,1.1682478668170688,1
477,2018[CeZn][she]3[ASR]1,0.548192,14.59463,23.2696,3134.28,0.8241,1.50331,6693.096,1.1675141662438813,1
848,2020[CuGd][nan]2[ASR]1,1.14679,5.8836,6.96146,3322.34,0.668,0.582497,1113.518,1.1664879282408636,1
1016,2020[Zr][sql]2[ASR]1,1.07971,6.2937,9.09416,3317.4,0.6271,0.580802,3490.41,1.1653238142203066,1
535,2018[Zn][nan]3[ASR]4,0.72676,16.87738,16.92978,3230.44,0.7709,1.06074,1202.868,1.1645287189642206,1
536,2018[Zn][nan]3[ASR]5,0.725095,16.82095,16.87394,3247.65,0.7719,1.06455,1202.868,1.163177701771709,1
786,2019[Zr][sjt]3[ASR]1,0.586065,12.73503,19.8152,3548.22,0.7816,1.33364,20291.994,1.1622765096179415,1
132,2014[Zr][fcu]3[ASR]1,0.793444,6.15574,12.20585,3608.6,0.7117,0.896976,9250.56,1.160559562908967,1
437,2017[Zn][nan]3[ASR]13,0.717192,16.89619,16.95365,3305.31,0.7677,1.07043,1202.868,1.1573893246118,1
145,2015[CrMn][noa]3[ASR]1,0.621509,8.21137,10.58889,3370.78,0.8035,1.29282,2967.904,1.1555978057161218,1
148,2015[Cu][nan]3[ASR]3,0.834663,10.84307,15.30883,3773.68,0.7218,0.86478,11742.732,1.155448377749072,1
305,2017[Cd][nan]3[ASR]3,1.38141,11.60045,12.48867,2307.38,0.679,0.491526,1256.778,1.154586471655203,1
510,2018[Eu][umc]3[ASR]2,0.656783,7.87098,12.28229,3601.0,0.7656,1.16568,2037.044,1.1535771791050742,1
355,2017[Cu][nan]3[ASR]7,0.747785,6.70309,15.46971,3725.38,0.7399,0.989456,12848.752,1.1512329431370414,1
896,2020[Eu][pcu]3[ASR]1,1.19567,4.29642,6.42008,3183.68,0.6339,0.530162,1784.54,1.1471160661496216,1
69,2012[Zn][nan]3[ASR]9,0.713223,17.44104,17.497,3296.34,0.769,1.0782,1202.868,1.146076015654547,1
1080,2021[Eu][lvt]3[ASR]1,1.08296,5.2026,8.09843,3337.7,0.6516,0.601687,2036.696,1.1457480768583177,1
35,2007[In][ctn]3[ASR]1,0.921299,5.48176,6.56544,3401.24,0.7078,0.768263,4691.688,1.14545043947072,1
1200,2022[Zn][nan]3[ASR]7,0.885418,10.53136,11.38026,3650.94,0.7039,0.794992,2023.748,1.143995666210029,1
1198,2022[Zn][nan]3[ASR]5,0.884379,10.53611,11.38744,3653.52,0.7043,0.796378,2023.748,1.1427643033750658,1
783,2019[Zr][scu]3[ASR]2,0.603775,11.69536,13.93085,3461.12,0.7861,1.30198,3925.1,1.142350502777438,1
453,2017[Zr][bcu]3[ASR]2,0.674915,13.9519,14.79057,3564.27,0.7557,1.1197,3496.816,1.1415484256320527,1
1199,2022[Zn][nan]3[ASR]6,0.88444,10.53272,11.37826,3658.81,0.7044,0.796436,2023.748,1.139152032628034,1
20,0000[In][ctn]3[ASR]1,0.917254,5.5106,6.54879,3412.04,0.7087,0.772632,4691.688,1.1390456429653584,1
251,2016[Ga][nan]3[ASR]2,1.23553,6.94469,7.05551,3171.72,0.5909,0.478257,720.46,1.1390367318767682,1
1191,2022[Tb][nan]3[ASR]1,1.07791,4.57498,16.5065,3494.27,0.6423,0.595878,6902.478,1.138492991356087,1
666,2019[GaCu][agw]3[ASR]1,0.639629,9.9845,14.26665,3633.46,0.7755,1.21242,4193.13,1.1379385222112772,1
509,2018[Eu][umc]3[ASR]1,0.781314,5.97255,9.95645,3584.91,0.731,0.935603,2037.044,1.1376088467541763,1
827,2020[Co][nan]3[ASR]12,1.37675,5.54203,6.76639,2950.25,0.5381,0.390847,1062.074,1.1368631539257439,1
849,2020[CuSb][sql]2[ASR]1,1.25967,8.76669,9.22397,3369.93,0.6197,0.491955,1101.632,1.1315139671444456,1
653,2019[Er][hcb]2[ASR]1,1.69558,3.14517,5.09588,2818.55,0.5486,0.323548,620.886,1.1307575070573088,1
723,2019[Th][bcu]3[ASR]1,0.903901,14.39286,15.26833,2599.9,0.7717,0.853744,2402.128,1.1265659834030772,1
638,2019[Cu][pts]3[ASR]1,2.49229,4.56069,6.22554,2026.51,0.5787,0.232196,7031.128,1.125446505273044,1
826,2020[Co][nan]3[ASR]11,1.39318,5.51288,6.79448,2946.85,0.5325,0.382219,1062.074,1.1250636723925689,1
640,2019[Cu][rtl]3[ASR]1,1.11521,5.26074,6.26378,3305.69,0.6577,0.589757,1500.984,1.1241531275726917,1
252,2016[Ga][nan]3[ASR]3,1.23349,6.97555,7.09041,3173.09,0.583,0.472642,1440.92,1.1201071747211988,1
947,2020[Tb][nan]3[ASR]2,1.27052,6.29629,7.19811,3188.06,0.5911,0.465242,2910.846,1.1199475802353591,1
411,2017[Th][bcu]3[ASR]1,0.794986,14.01621,15.55311,2628.09,0.7937,0.998382,2402.128,1.1194955776689535,1
1189,2022[Sm][nan]3[ASR]1,1.61459,4.20194,5.5841,2931.7,0.5526,0.342254,750.354,1.1159397727342486,1
1044,2021[Co][nan]3[ASR]3,1.07268,7.53646,8.28628,3366.72,0.6223,0.580137,3504.396,1.1114774827839078,1
23,0000[U][bcu]3[ASR]1,0.909255,14.13895,15.22231,2554.96,0.7755,0.852896,2402.128,1.1113241766005697,1
894,2020[Eu][nan]3[ASR]3,1.25383,6.29607,7.18562,3232.01,0.6001,0.478613,2869.08,1.106542065997758,1
413,2017[U][bcu]3[ASR]1,0.875557,14.007,15.13285,2547.14,0.7835,0.894858,2402.128,1.100629422295098,1
250,2016[Ga][nan]3[ASR]1,1.21033,7.04653,7.15937,3216.11,0.5872,0.485156,1440.92,1.1002421935731286,1
478,2018[Ce][csq]3[ASR]1,0.557854,17.73807,23.51979,3476.89,0.8053,1.44357,5452.68,1.0988808644861574,1
513,2018[Hf][scu]3[ASR]1,0.571209,12.32894,15.77552,2930.73,0.8306,1.45411,2556.236,1.0953130616922528,1
1081,2021[Eu][nan]3[ASR]2,1.43096,7.74888,7.87258,3128.51,0.5524,0.386035,3273.32,1.0945892855103283,1
791,2020[Cd][apo]3[ASR]1,1.22093,5.78235,6.54851,3307.54,0.6341,0.519357,2556.248,1.0931033532190353,1
1298,2024[Cd][nan]3[ASR]4,0.772912,15.36258,16.38665,3731.58,0.7394,0.956642,6515.388,1.092837291418485,1
1166,2022[Cu][sql]2[ASR]5,0.728598,6.43923,10.11943,3670.46,0.7615,1.04516,5533.568,1.0909353619641802,1
1168,2022[Cu][sql]2[ASR]7,0.734269,6.26323,10.04347,3669.64,0.7598,1.03477,5533.568,1.0886602056064363,1
1165,2022[Cu][sql]2[ASR]4,0.73336,6.5336,9.98296,3674.14,0.7579,1.03346,5533.568,1.0883070271046922,1
621,2019[Cu][gar]3[ASR]1,1.25702,5.79853,8.37218,3322.48,0.6137,0.488216,11575.32,1.0877076996566388,1
893,2020[Eu][nan]3[ASR]2,1.49411,4.32517,5.70363,3028.15,0.5657,0.37862,3064.636,1.0870923606397234,1
634,2019[Cu][nbo]3[ASR]1,0.754762,6.42534,10.86778,3700.95,0.7366,0.975937,3549.06,1.08615683403106,1
1116,2021[Y][pcu]3[ASR]1,0.668328,6.49595,11.50729,3689.96,0.7537,1.12774,1665.27,1.0846276028413304,1
1276,2023[U][nan]2[ASR]1,1.06552,5.2856,7.98544,3435.19,0.6611,0.620449,4084.404,1.0843735129078849,1
1167,2022[Cu][sql]2[ASR]6,0.753447,6.39758,9.77674,3676.82,0.752,0.998079,5533.568,1.0837606620667346,1
679,2019[La][nan]3[ASR]1,1.16272,4.79446,6.74457,3284.0,0.6276,0.539771,2505.928,1.0808593717425605,1
1164,2022[Cu][sql]2[ASR]3,0.76565,6.06782,9.71096,3671.11,0.747,0.975642,5533.568,1.0807909964794284,1
1163,2022[Cu][sql]2[ASR]2,0.734411,6.47801,10.00176,3687.43,0.759,1.03348,5533.568,1.0796281309603801,1
1162,2022[Cu][sql]2[ASR]1,0.660714,7.25892,10.80829,3676.98,0.7735,1.1707,5533.568,1.077925832538567,1
57,2011[Zn][pcu]3[ASR]8,0.609156,7.89264,14.89039,3659.83,0.7984,1.31067,1539.734,1.0761114830520455,1
995,2020[Zn][nbo]3[ASR]1,0.901032,4.68639,10.18079,3579.94,0.6929,0.769007,1370.928,1.073530851884348,1
38,2007[Zn][pcu]3[ASR]3,0.595037,8.20898,15.04033,3622.91,0.8092,1.35992,1539.734,1.063526992903222,1
955,2020[V][nan]3[ASR]3,1.13183,7.00357,7.18306,3311.52,0.6022,0.53206,1840.392,1.0618488539628026,1
910,2020[InTb][nan]3[ASR]1,1.14162,6.29302,8.80596,3370.99,0.6087,0.533189,3130.976,1.0616558552225226,1
668,2019[Gd][nan]3[ASR]1,1.15112,4.77618,6.72549,3317.65,0.6316,0.548684,3825.368,1.0600839724316276,1
412,2017[Tm][nan]3[ASR]1,0.833314,8.54079,9.97026,3721.19,0.7091,0.850939,2130.016,1.059890074954594,1
727,2019[V][bpq]3[ASR]4,1.39001,5.55808,6.75373,3132.25,0.5612,0.403737,1239.812,1.056009788196727,1
897,2020[Fe][hcb]2[ASR]1,1.26567,6.59237,7.94542,3301.94,0.593,0.468528,3922.132,1.0553092251127698,1
951,2020[U][hcb]2[ASR]2,1.58284,3.91558,5.53669,2059.63,0.7228,0.456647,528.108,1.0526975113116832,1
1100,2021[Nd][lvt]3[ASR]1,1.04871,5.16224,7.87822,3438.31,0.65,0.619807,2857.68,1.0504225905251139,1
1084,2021[Fe][acs]3[ASR]1,0.758444,7.7883,8.23392,3666.42,0.7218,0.951685,1351.764,1.0491903717389208,1
249,2016[Fe][hcb]2[ASR]1,1.0999,3.95494,5.27197,3296.43,0.6524,0.593146,751.488,1.0471259036521574,1
1083,2021[Eu][pts]3[ASR]1,1.62579,3.83347,4.62651,2895.59,0.5271,0.324212,3088.876,1.0462908403931535,1
702,2019[Ni][fcu]3[ASR]1,0.740836,5.29046,14.72219,3807.17,0.7293,0.984429,1814.882,1.044791068118508,1
356,2017[Cu][nan]3[ASR]8,0.979009,4.96481,9.41088,3574.2,0.6815,0.696112,2481.62,1.0441277688791262,1
952,2020[U][hcb]2[ASR]3,1.5717,4.02165,5.5795,2045.95,0.7255,0.461601,528.108,1.0426695054224049,1
855,2020[Cu][bcs]3[ASR]1,0.965779,5.74455,6.39943,3525.95,0.6994,0.724182,7870.08,1.0425966890632952,1
371,2017[Er][nan]3[ASR]1,0.816123,8.63528,10.20219,3751.68,0.7086,0.868252,2130.016,1.0416502619191221,1
1059,2021[Cu][nan]3[ASR]1,0.912308,7.36291,8.51364,3648.37,0.6926,0.759173,1813.232,1.0366206270708915,1
1319,2024[Hf][pcu]3[ASR]1,1.28757,5.82912,6.72699,3215.95,0.5776,0.448598,3096.804,1.0359339232060427,1
1233,2023[CuSc][flu]3[ASR]1,0.911797,5.59778,11.05323,3713.98,0.7008,0.768593,3949.176,1.0311425611122087,1
938,2020[Pr][nan]3[ASR]1,1.45065,4.33824,5.71107,3114.65,0.5698,0.392789,1848.924,1.0282402444914545,1
464,2018[Ag][sql]2[ASR]6,1.23333,5.58913,7.14563,3435.57,0.6479,0.525328,1073.46,1.0272653536285883,1
650,2019[Dy][nan]3[ASR]1,1.14845,4.73691,6.69524,3344.32,0.6276,0.546477,2505.928,1.0242168630672244,1
322,2017[Co][nan]3[ASR]13,0.846295,6.81035,13.9685,3799.39,0.68,0.803502,9126.9,1.0236904726010476,1
347,2017[Cu][fjh]3[ASR]1,0.606791,8.3726,11.29001,3673.84,0.8002,1.31874,10051.976,1.0236006810024691,1
780,2019[Zr][flu]3[ASR]1,0.647932,9.04013,11.25719,3786.36,0.7476,1.15383,2337.032,1.0231478827254556,1
1135,2021[Zn][nan]3[ASR]6,1.08756,8.90649,9.23943,3672.1,0.6746,0.620289,3686.848,1.0210235529406326,1
84,2013[ZnCr][lon]3[ASR]2,0.648977,10.13849,15.04954,3870.2,0.7699,1.18633,4442.694,1.0165547400179937,1
463,2018[Ag][sql]2[ASR]5,1.24315,5.52972,7.05962,3439.58,0.6449,0.518765,1073.46,1.0110315792926192,1
315,2017[Ce][pts]3[ASR]1,1.09349,4.77068,6.4801,3418.06,0.6513,0.595616,1052.644,1.0097798544343477,1
458,2017[Zr][fcu]3[ASR]1,0.692178,13.01406,19.182,3988.92,0.7433,1.07386,6586.464,1.009756271946316,1
1133,2021[Zn][nan]3[ASR]4,0.813435,7.6745,9.88194,3791.73,0.7222,0.887839,3454.56,1.0092555395109821,1
711,2019[Np][shp]3[ASR]1,1.56151,6.17137,11.80821,1916.33,0.7029,0.450142,2257.488,1.0082799977225787,1
1288,2023[Zn][nan]3[ASR]17,1.85614,6.36678,7.38612,3005.45,0.5005,0.269646,2132.352,1.008273801982568,1
782,2019[Zr][scu]3[ASR]1,0.888944,8.87746,9.23797,3675.96,0.6678,0.751228,3953.064,1.0070057012643343,1
825,2020[Co][nan]3[ASR]10,1.48421,4.87145,6.08066,2962.37,0.5027,0.3387,1062.074,1.0035537346911891,1
309,2017[Cd][pts]3[ASR]1,1.09891,5.8846,6.65178,3484.68,0.6565,0.597409,2868.608,1.0002209809642313,1
1007,2020[Zr][flu]3[ASR]2,0.626397,9.42998,11.84332,3811.61,0.7611,1.21504,2465.024,0.9990324913073256,1
325,2017[Co][nan]3[ASR]2,1.51985,4.766,5.99534,2947.57,0.4968,0.326873,1066.106,0.9941252591497574,1
462,2018[Ag][sql]2[ASR]4,1.25216,5.43218,6.98692,3438.62,0.6401,0.511197,1073.46,0.9938970555558844,1
865,2020[Cu][nan]3[ASR]2,0.69055,6.56588,12.20765,3855.85,0.7465,1.08102,3176.436,0.9928972792787458,1
493,2018[CuZr][she]3[ASR]1,0.455109,14.45381,25.91254,3289.3,0.8464,1.85977,7791.06,0.9890190721154355,1
461,2018[Ag][sql]2[ASR]3,1.25975,5.36051,6.95497,3436.09,0.6371,0.505736,1073.46,0.9848331988553698,1
93,2013[Zn][nan]3[ASR]8,1.12902,6.07675,7.43364,3501.21,0.6428,0.569343,3726.24,0.9818710907658617,1
342,2017[CrMn][qtz]3[ASR]2,1.03133,5.33298,6.2241,3489.42,0.6624,0.642276,8244.456,0.9815796011776368,1
707,2019[Ni][nan]3[ASR]2,1.42689,3.85272,9.29282,3157.26,0.5376,0.376763,2241.312,0.9809475369123462,1
114,2014[Cu][tbo]3[ASR]2,0.51525,9.8929,20.37685,3545.21,0.8276,1.60621,15061.824,0.9784264552967601,1
508,2018[Eu][nan]3[ASR]1,0.895347,8.15613,10.38976,3759.04,0.6741,0.752892,5087.104,0.977605672689617,1
713,2019[Pr][nan]3[ASR]1,1.11647,4.77676,6.90143,3411.95,0.6304,0.564635,1252.964,0.9773157180606009,1
460,2018[Ag][sql]2[ASR]2,1.26516,5.30391,6.92442,3438.7,0.6354,0.502229,1073.46,0.9747231751626291,1
550,2018[Zr][nan]3[ASR]3,0.565002,7.63799,15.54455,3803.5,0.7811,1.38247,2561.112,0.9738460982341672,1
1169,2022[Eu][cco]3[ASR]1,1.83907,3.60867,5.56527,2784.11,0.4579,0.248984,2779.21,0.97173623903825,1
341,2017[CrMn][qtz]3[ASR]1,1.03133,5.33957,6.2194,3500.01,0.6619,0.641791,8244.456,0.97071281804499,1
787,2020[Ag][nbo]3[ASR]1,0.978977,14.18871,14.60252,3926.65,0.6835,0.698178,1081.374,0.9664449827914792,1
577,2019[Cd][nan]3[ASR]3,1.04515,4.3478,6.52883,3481.74,0.6589,0.630433,2680.572,0.9581412556265498,1
561,2019[Bi][gra]2[ASR]1,1.31024,4.15865,5.56109,3278.68,0.6033,0.46045,2258.416,0.957533770514019,1
715,2019[Sm][nan]3[ASR]2,1.08613,4.96448,7.0252,3467.21,0.6367,0.586209,1252.964,0.9524730241302957,1
812,2020[Ce][nan]3[ASR]1,1.41157,4.41475,5.82674,3223.11,0.5746,0.407064,1848.924,0.9471291369711037,1
414,2017[V][nan]3[ASR]1,1.11073,7.07801,7.27667,3408.76,0.5912,0.532264,924.228,0.9441871331898799,1
978,2020[Zn][nan]3[ASR]15,1.43309,5.39065,6.72341,3250.91,0.5634,0.393138,2209.576,0.9436271976322086,1
587,2019[Cd][tfz]3[ASR]3,0.720926,8.89371,10.95547,3935.45,0.7462,1.03506,5000.056,0.9413398217343205,1
75,2013[Cd][rtl]3[ASR]2,0.695322,8.64512,9.94107,3899.25,0.7505,1.07936,1582.516,0.9357988429664659,1
121,2014[FeZr][soc]3[ASR]1,0.50204,14.39603,17.09766,3439.59,0.822,1.63732,17154.636,0.9322256635007347,1
775,2019[Zr][bcu]3[ASR]3,2.18918,2.46068,4.2846,2358.67,0.3862,0.176413,2615.192,0.9305067904635089,1
1008,2020[Zr][flu]3[ASR]3,0.507379,7.65839,17.32074,3590.06,0.8218,1.6197,5530.668,0.9299841997382865,1
533,2018[Zn][bcu]3[ASR]1,0.676953,8.1967,16.5233,4061.34,0.7546,1.1147,2800.728,0.9270703362389745,1
1334,2024[Tb][sql]2[ASR]2,1.54132,5.68466,6.89087,3210.5,0.5409,0.350932,1628.374,0.9245082108178759,1
941,2020[Sc][ceq]3[ASR]1,0.70807,9.57472,12.54203,3982.56,0.7202,1.01713,2089.383,0.9226568964220205,1
207,2016[Co][pts]3[ASR]3,0.781607,9.55684,9.75298,3874.63,0.7009,0.896742,1212.548,0.9222669874654699,1
976,2020[Zn][nan]3[ASR]13,1.46035,5.38692,6.81178,3245.17,0.553,0.378677,2209.576,0.9193603559941352,1
1077,2021[Er][nan]3[ASR]2,2.33605,2.62307,3.83433,2466.13,0.3928,0.168147,444.21,0.9154574689079173,1
1332,2024[Sm][sql]2[ASR]1,1.40987,5.78192,7.19965,3318.33,0.5681,0.402946,920.614,0.9153138782458636,1
1110,2021[Tb][nan]3[ASR]1,2.34369,2.61117,3.79984,2459.22,0.3921,0.1673,444.21,0.9150056702575224,1
113,2014[Cu][nan]3[ASR]2,0.786824,6.54569,8.0218,3805.76,0.7185,0.913165,2209.68,0.914867671401141,1
954,2020[V][nan]3[ASR]2,1.11183,6.98626,7.09203,3441.43,0.5946,0.534793,924.228,0.9129972134450226,1
1089,2021[Ho][nan]3[ASR]2,2.30192,2.63913,3.85114,2508.9,0.3961,0.172074,774.07,0.910085518378311,1
154,2015[Eu][nan]3[ASR]2,1.4765,5.75162,7.46222,3184.96,0.521,0.352862,1436.556,0.9090138260679033,1
1114,2021[Tm][nan]3[ASR]1,2.344,2.61541,3.53346,2467.6,0.3927,0.167534,444.21,0.9088119916818882,1
1361,2024[Zn][pcu]3[ASR]2,0.648133,9.45871,14.54859,4027.88,0.7617,1.17522,12506.322,0.9077552230340451,1
1074,2021[Dy][nan]3[ASR]1,2.30749,2.65099,3.84744,2508.27,0.3945,0.170965,444.21,0.9071536239221993,1
698,2019[Nd][nan]3[ASR]1,1.09106,4.79,6.72656,3489.57,0.6345,0.581545,2505.928,0.9070563922155712,1
953,2020[V][nan]3[ASR]1,1.11033,6.96931,7.09076,3445.48,0.5939,0.534887,924.228,0.9062899238458766,1
88,2013[ZnCr][lon]3[ASR]6,0.688549,9.14708,11.82924,3998.8,0.7469,1.08474,4767.246,0.9034769090825421,1
718,2019[Tb][nan]3[ASR]2,1.16947,4.32422,6.15169,3382.73,0.6094,0.52109,3777.328,0.903310365688407,1
631,2019[Cu][nan]3[ASR]4,0.846448,6.92729,10.29616,3859.07,0.692,0.817534,2870.016,0.9030957923312919,1
1075,2021[Dy][nan]3[ASR]2,2.2759,2.69144,3.86725,2539.26,0.3971,0.174481,444.21,0.9029059261065229,1
659,2019[Eu][nan]3[ASR]3,1.11531,4.66962,6.54031,3460.23,0.6257,0.561008,3721.64,0.8995292978008251,1
348,2017[Cu][fog]3[ASR]1,0.663423,8.56719,15.78565,4079.0,0.7559,1.13939,6377.064,0.8991391611272666,1
283,2017[Al][nan]3[ASR]4,1.06466,6.4311,8.33017,3482.01,0.5935,0.557457,2901.378,0.8987775364219541,1
857,2020[Cu][eea]3[ASR]1,1.17921,5.0948,7.83209,3450.96,0.6026,0.511018,1467.894,0.8954900252014404,1
1102,2021[NiW][hcb]2[ASR]1,1.68701,10.53464,14.72844,1873.61,0.6827,0.40468,11345.86,0.8933299942054931,1
603,2019[Co][nan]3[ASR]12,2.1984,3.36229,3.79823,2229.37,0.3603,0.163892,434.893,0.8916708422113717,1
1111,2021[Tb][nan]3[ASR]2,2.24501,2.68255,3.88711,2585.37,0.3999,0.178129,762.06,0.8904915812493608,1
629,2019[Cu][nan]3[ASR]2,0.711262,6.24215,11.00178,3948.59,0.7317,1.02873,3260.598,0.8864845123424916,1
1088,2021[Ho][nan]3[ASR]1,2.24294,2.67901,3.8789,2591.47,0.3991,0.177936,762.06,0.8858888459673155,1
1047,2021[Co][nan]3[ASR]6,1.59196,4.53798,5.18904,2952.56,0.4684,0.294229,1082.042,0.8853543596636877,1
1139,2021[Zn][scu]3[ASR]1,0.658118,6.27339,13.72333,4017.22,0.7494,1.1387,2484.732,0.8852035113075349,1
1310,2024[Cu][nan]3[ASR]1,1.03168,5.95029,7.23539,3612.84,0.6488,0.628878,2888.092,0.8835898631142203,1
87,2013[ZnCr][lon]3[ASR]5,0.735801,8.48352,11.00598,4010.93,0.7316,0.994291,5103.126,0.8774809860496602,1
645,2019[Cu][ssa]3[ASR]1,0.792792,4.74984,10.54897,3881.87,0.7148,0.901624,3362.544,0.8732870151915642,1
511,2018[Fe][hcb]2[ASR]1,0.772429,5.82939,7.7129,3836.0,0.7243,0.937691,704.28,0.8721406116011516,1
1315,2024[Cu][tfz]3[ASR]1,1.65828,7.89447,8.13006,3054.94,0.4567,0.275405,1317.834,0.8708331665284634,1
86,2013[ZnCr][lon]3[ASR]4,0.687816,7.06185,12.36549,4037.1,0.7455,1.08387,4743.342,0.8702258684146555,1
357,2017[Cu][nbo]3[ASR]1,0.730864,5.29469,11.59061,3948.54,0.7225,0.988556,1738.398,0.869268993213353,1
1207,2022[Zn][pts]3[ASR]3,1.14276,5.61007,6.66672,3570.78,0.6403,0.56031,2785.504,0.8631245876234288,1
264,2016[Ti][srs]3[ASR]1,0.748874,4.43359,6.24453,3747.6,0.7271,0.970924,4658.352,0.8583496367236263,1
128,2014[Zn][nan]3[ASR]2,0.77094,6.45391,8.02521,3873.73,0.7196,0.933406,2224.352,0.8580254820181032,1
275,2016[Zn][nan]3[ASR]15,0.908716,5.03657,12.11623,3934.65,0.6987,0.768887,9702.528,0.853090673281834,1
1115,2021[Tm][nan]3[ASR]2,2.40909,2.60886,3.7014,2498.43,0.3677,0.15263,462.225,0.8523066878432746,1
304,2017[Cd][met]3[ASR]1,1.52446,3.92354,6.42627,3317.31,0.5737,0.37633,5964.768,0.8433511570028818,1
98,2014[Co][ant]3[ASR]1,0.930114,5.28624,7.47916,3656.9,0.6507,0.699592,3004.852,0.8377670621292654,1
1076,2021[Er][nan]3[ASR]1,2.38678,2.65263,4.24082,2532.74,0.3615,0.151459,792.085,0.8373752770410652,1
52,2010[Cr][bpq]3[ASR]1,1.02131,7.08769,7.24753,3618.12,0.6219,0.608923,464.222,0.8294163836986421,1
1206,2022[Zn][pts]3[ASR]2,1.14329,5.59193,6.67531,3572.42,0.6294,0.550516,2785.504,0.827803176276404,1
1209,2022[Zn][pts]3[ASR]5,1.13981,5.63155,6.67811,3576.85,0.6303,0.552987,2785.504,0.8275494596495896,1
1210,2022[Zn][pts]3[ASR]6,1.14226,5.60544,6.66919,3575.76,0.6298,0.551365,2785.504,0.825786030970254,1
479,2018[Ce][nan]3[ASR]3,2.16361,2.52943,3.53741,2753.4,0.418,0.193196,1008.3,0.8248177986004825,1
1208,2022[Zn][pts]3[ASR]4,1.14153,5.61956,6.67456,3580.34,0.6299,0.551804,2785.504,0.8219390755485041,1
378,2017[Gd][mog]3[ASR]1,2.03205,2.58561,4.66458,2799.89,0.4181,0.205753,504.262,0.8192394091385586,1
1317,2024[Eu][sql]2[ASR]1,1.49548,5.74843,7.1422,3315.47,0.5397,0.360888,1600.53,0.8191071656217472,1
1205,2022[Zn][pts]3[ASR]1,1.13491,5.63995,6.69644,3591.04,0.6315,0.556431,2785.504,0.8175164395896939,1
901,2020[Fe][pts]3[ASR]1,1.20742,3.89191,7.09034,3368.85,0.5722,0.473904,5361.384,0.8170265487792989,1
439,2017[Zn][nan]3[ASR]3,0.622394,8.99335,12.11113,4079.45,0.7632,1.22623,2800.728,0.8152992271833674,1
1247,2023[Fe][nan]3[ASR]1,1.2805,3.99379,5.63012,3383.58,0.5924,0.462633,4869.4,0.8143935865938321,1
966,2020[Zn][fgl]3[ASR]2,1.00528,7.98061,8.61802,3843.33,0.6652,0.661706,1395.024,0.812899064758912,1
141,2015[CoTm][hcb]2[ASR]1,1.39476,6.03424,6.79596,3354.73,0.55,0.394333,554.245,0.8106385831154979,1
719,2019[Tb][nan]3[ASR]3,1.1567,4.44398,5.90587,3476.94,0.613,0.529958,3777.328,0.8094138569650595,1
376,2017[Fe][kag]3[ASR]1,0.799776,13.61044,15.13602,4155.09,0.674,0.842736,1800.306,0.8041718499637562,1
853,2020[CuYb][stp]3[ASR]1,2.03966,5.08852,6.99405,2933.68,0.4176,0.20474,1954.32,0.8024179422986513,1
835,2020[Co][nan]3[ASR]7,1.00593,6.65179,8.44237,3692.87,0.6271,0.623401,1084.342,0.8012428314083595,1
519,2018[Ni][fmz]3[ASR]2,0.590083,5.38751,14.03896,4063.67,0.7723,1.3088,5680.104,0.7966127819574353,1
749,2019[Zn][nan]3[ASR]2,1.11124,5.56812,7.57136,3638.48,0.6306,0.567472,3596.112,0.795850864170317,1
184,2015[Zn][pcu]3[ASR]7,0.663582,9.14814,10.96002,4117.56,0.7614,1.14741,1998.338,0.7929396328573635,1
1285,2023[Zn][nan]3[ASR]14,1.65953,6.85005,7.78674,3313.37,0.5174,0.311774,1850.352,0.7869033202057356,1
1011,2020[Zr][nan]3[ASR]2,0.907894,6.11302,8.22493,3742.86,0.6437,0.709004,3733.701,0.7849623462494879,1
665,2019[Fe][fmz]3[ASR]1,0.564564,5.39377,13.97976,4046.4,0.776,1.37451,5412.96,0.7815076731660116,1
375,2017[Fe][fmz]3[ASR]1,0.561601,5.45549,14.65302,4062.02,0.7696,1.37037,5412.96,0.7782141681123984,1
752,2019[Zn][nan]3[ASR]5,0.796242,6.83067,9.5711,4037.97,0.7142,0.896963,4804.636,0.7736775737891972,1
370,2017[Er][bey]2[ASR]1,0.888995,8.23795,9.79409,3967.72,0.673,0.757035,826.722,0.7732096207867167,1
89,2013[ZnCr][lon]3[ASR]7,0.708658,6.19792,11.54376,4119.42,0.7329,1.03421,4923.474,0.7709777751866131,1
1105,2021[Pb][nan]3[ASR]1,3.13877,2.82581,3.14223,2184.66,0.3018,0.0961524,1484.772,0.7687802119522946,1
152,2015[ErCo][hcb]2[ASR]1,1.38678,6.09613,6.8217,3389.77,0.5485,0.39552,554.245,0.7682185878775258,1
913,2020[In][nuc]3[ASR]1,0.471215,8.09761,14.76213,3681.71,0.8316,1.7648,5309.172,0.7672709659081538,1
198,2016[Cd][nan]2[ASR]1,2.53681,2.30192,4.01372,2631.35,0.354,0.139545,1903.922,0.7655361316536262,1
183,2015[Zn][pcu]3[ASR]6,0.665684,8.93222,10.17492,4134.47,0.758,1.13868,3992.644,0.7651193292259331,1
340,2017[Co][tfz]3[ASR]2,0.75846,8.88161,9.49114,4030.89,0.692,0.912375,3345.72,0.7626084826948614,1
899,2020[Fe][nan]3[ASR]1,0.929682,7.35488,9.07325,3841.17,0.6464,0.695292,1895.76,0.7625509490350493,1
85,2013[ZnCr][lon]3[ASR]3,0.677748,7.62193,11.66654,4174.72,0.7423,1.09524,4731.486,0.7564960191940251,1
712,2019[Pb][nan]2[ASR]1,1.93177,3.68968,4.91422,2937.33,0.4253,0.22016,1112.972,0.7519537591272387,1
210,2016[Co][pts]3[ASR]6,0.846693,8.06979,9.28335,3974.88,0.6748,0.796983,606.274,0.7507827946797851,1
1104,2021[Pb][llj]2[ASR]1,2.29138,2.51314,3.52066,2759.21,0.3865,0.168676,920.716,0.7494900711729333,1
663,2019[Eu][sql]2[ASR]1,1.63918,3.57624,5.03152,3150.24,0.5001,0.305092,3196.96,0.7450896220840988,1
1146,2022[Cd][crb]3[ASR]1,1.64853,3.52969,4.59063,3186.21,0.5182,0.31434,2204.176,0.7429801448571343,1
656,2019[Er][nan]3[ASR]1,1.08763,4.49388,6.28799,3603.18,0.6288,0.57814,2505.928,0.7416282223678721,1
1079,2021[Eu][kgd]2[ASR]1,1.36232,5.06118,5.76606,3365.71,0.5516,0.404898,1976.716,0.7401645333182507,1
155,2015[HoCo][hcb]2[ASR]1,1.37876,6.07565,7.11092,3421.75,0.5484,0.397749,719.175,0.7399082095049949,1
518,2018[Ni][fmz]3[ASR]1,0.56951,5.40588,14.45825,4129.38,0.7747,1.36029,5464.224,0.7370471852054841,1
834,2020[Co][nan]3[ASR]6,1.03447,6.11171,8.05301,3697.05,0.6192,0.598565,1084.342,0.7354462500179164,1
686,2019[Lu][pcu]3[ASR]1,1.83876,3.65639,4.41362,3001.16,0.4469,0.243045,2052.7,0.7352161094250669,1
1159,2022[Co][nan]3[ASR]1,0.733345,6.91851,8.59564,4010.47,0.7019,0.957122,5807.316,0.7350539932669842,1
454,2017[Zr][csq]3[ASR]1,0.46979,29.28279,30.94298,3423.09,0.8329,1.77292,6277.812,0.7332716746159553,1
352,2017[Cu][nan]3[ASR]4,1.02953,9.30306,11.01739,4032.58,0.6578,0.638934,2890.716,0.7332490925363289,1
1301,2024[Cd][nia]3[ASR]1,0.920364,4.97016,9.37488,3915.35,0.6808,0.739707,2321.848,0.7331418613786722,1
396,2017[Ni][nan]3[ASR]1,0.798725,5.40255,11.72238,4102.18,0.706,0.883909,15114.888,0.7320372803611284,1
589,2019[Ce][nan]3[ASR]1,1.08396,4.51188,6.31211,3615.84,0.629,0.580281,2505.928,0.7301727166436409,1
779,2019[Zr][csq]3[ASR]3,0.459784,28.66113,30.4579,3454.3,0.8347,1.81542,6097.92,0.727434347472534,1
777,2019[Zr][csq]3[ASR]1,0.457711,28.66711,30.5063,3456.66,0.8351,1.82451,6097.92,0.7233310762448886,1
392,2017[Nd][nan]3[ASR]1,1.96606,3.35073,4.57962,2968.61,0.432,0.219729,1416.456,0.7230968727886902,1
447,2017[Zn][sql]2[ASR]1,0.652027,6.02132,10.34037,4143.47,0.7481,1.14735,2892.944,0.7226860297169138,1
599,2019[Co][jaj]3[ASR]1,0.938994,4.76305,7.18655,3750.51,0.6537,0.696171,2680.54,0.7205593827758836,1
1211,2022[Zn][rtl]3[ASR]1,0.537621,9.88295,12.00114,4012.02,0.8064,1.49994,4104.7,0.7204229537684135,1
583,2019[Cd][pts]3[ASR]1,0.984578,6.02273,6.70051,3799.28,0.6618,0.672166,3172.936,0.7198710814398659,1
151,2015[DyCo][hcb]2[ASR]1,1.35485,6.24338,7.122,3454.83,0.5514,0.406984,554.245,0.7180391261923567,1
770,2019[Zn][sra]3[ASR]1,0.797028,6.83006,7.70839,4012.95,0.7073,0.887422,2800.728,0.7177513022724107,1
137,2015[Cd][nan]3[ASR]3,1.99798,2.94653,4.60502,3040.37,0.4611,0.230783,1635.0,0.715940167486923,1
1275,2023[Th][nan]3[ASR]1,1.40761,4.33411,4.98521,3329.22,0.5471,0.388674,968.76,0.7150153627201321,1
633,2019[Cu][nan]3[ASR]8,0.613806,11.18376,12.56126,4203.31,0.7686,1.25219,4232.952,0.7104555632385929,1
339,2017[Co][tfz]3[ASR]1,0.688299,8.12371,10.12414,4154.68,0.7165,1.04097,4358.284,0.7096970719087539,1
1090,2021[In][nan]3[ASR]2,0.851114,5.60775,10.07495,4000.57,0.682,0.801303,5401.836,0.7085512535120091,1
457,2017[Zr][csq]3[ASR]4,0.458643,29.56547,31.30998,3422.38,0.8364,1.82364,5989.548,0.7070899213110744,1
931,2020[Nd][nan]3[ASR]1,1.52568,4.31725,5.39292,3303.97,0.5322,0.348828,1993.044,0.704732838046858,1
778,2019[Zr][csq]3[ASR]2,0.456762,28.92149,30.78209,3484.21,0.8354,1.82896,6097.92,0.7040993903165134,1
403,2017[PrCu][nan]3[ASR]1,2.15211,4.39895,5.34172,2993.95,0.4201,0.195204,6720.268,0.7040210549237107,1
127,2014[Zn][nan]3[ASR]1,0.878608,5.25809,6.54685,3834.0,0.676,0.769399,2224.352,0.7039557056314691,1
984,2020[Zn][nan]3[ASR]20,1.02488,6.32129,8.78178,3873.73,0.6527,0.636857,1138.25,0.7030542714472177,1
904,2020[Gd][nan]2[ASR]1,2.49094,2.31287,2.984,2684.84,0.3469,0.139265,1184.1,0.7021944955907231,1
208,2016[Co][pts]3[ASR]4,0.70214,9.56631,10.27952,4192.03,0.7132,1.01575,1068.628,0.6977391094285603,1
1109,2021[Sm][kgd]2[ASR]1,1.35032,5.05079,5.79661,3408.55,0.5536,0.409975,1368.86,0.6967633436064233,1
555,2018[Zr][scu]3[ASR]2,0.459317,12.22532,15.5599,3688.6,0.8312,1.80964,2032.64,0.6957377275001331,1
168,2015[V][bpq]3[ASR]1,1.03024,6.38971,6.69555,3689.98,0.6178,0.599667,1856.52,0.6955888904132552,1
1333,2024[Tb][sql]2[ASR]1,1.10199,4.52606,6.15996,3648.16,0.6309,0.57251,3729.36,0.6941389728548035,1
1046,2021[Co][nan]3[ASR]5,1.8299,3.05608,3.77911,2890.76,0.3988,0.217936,1082.042,0.6916191897845156,1
632,2019[Cu][nan]3[ASR]7,0.600777,11.06282,12.29824,4207.87,0.772,1.285,4101.336,0.6915742827437754,1
1356,2024[Zn][lig]3[ASR]1,1.13029,3.9554,7.58763,3715.75,0.643,0.568881,1475.896,0.6906763414985988,1
456,2017[Zr][csq]3[ASR]3,0.463974,29.15594,30.53451,3519.87,0.8354,1.80053,5989.836,0.6894166229075376,1
1197,2022[Zn][nan]3[ASR]4,0.867138,9.15483,10.21089,4103.54,0.6726,0.775655,2885.576,0.6883894574134466,1
670,2019[Ho][nan]3[ASR]1,1.07981,4.54715,6.29131,3653.49,0.6284,0.581952,3617.168,0.6871088554096425,1
807,2020[Cd][sod]3[ASR]1,0.834782,10.12509,14.17223,4303.62,0.6791,0.813505,2608.452,0.6865381273297757,1
405,2017[Pr][nan]3[ASR]1,1.93637,3.37191,4.62788,3008.15,0.4313,0.222736,1416.456,0.683088958534074,1
714,2019[Pr][nan]3[ASR]2,1.59835,3.70647,4.8705,3199.77,0.4977,0.311383,990.624,0.6807561166385885,1
133,2014[Zr][fcu]3[ASR]2,0.493165,8.97273,17.52745,4002.05,0.8067,1.63576,10308.96,0.680535058467759,1
180,2015[Zn][nan]3[ASR]6,0.681965,14.81673,16.80153,4346.61,0.7239,1.06149,6341.832,0.678676008669413,1
1138,2021[Zn][nan]3[ASR]9,0.934417,5.61011,9.08794,3988.18,0.6792,0.72687,1709.224,0.6736488540383538,1
166,2015[Th][nan]3[ASR]2,2.12456,2.34591,3.02154,2881.72,0.4013,0.188887,656.464,0.6696725023225962,1
687,2019[Lu][pcu]3[ASR]2,1.90166,3.40898,4.12942,3007.35,0.4282,0.225172,2052.7,0.6651052169487202,1
785,2019[Zr][scu]3[ASR]4,0.916401,5.04415,10.68249,3890.1,0.637,0.695111,4586.04,0.6616066260742561,1
731,2019[Zn][ant]3[ASR]1,0.575121,11.56311,13.76018,4222.53,0.7776,1.35206,5418.62,0.6596084689640795,1
977,2020[Zn][nan]3[ASR]14,1.75109,4.14032,4.693,3148.28,0.4686,0.267605,1104.788,0.6569171724153675,1
382,2017[La][nan]2[ASR]1,1.68325,4.00003,5.99004,3242.37,0.4931,0.292946,1893.842,0.65475301643665,1
119,2014[Eu][esg]3[ASR]1,0.925759,4.49916,6.06564,3811.97,0.6654,0.718762,2373.452,0.6434765405664162,1
626,2019[Cu][lvt]3[ASR]1,0.831356,4.88835,6.93702,3920.25,0.6813,0.819504,1435.008,0.6423869923439689,1
662,2019[Eu][nan]3[ASR]7,1.33916,4.93989,7.02054,3448.64,0.5412,0.404133,1940.956,0.6417024840907584,1
162,2015[PrCo][nan]3[ASR]1,1.04456,5.01053,7.73894,3708.49,0.6107,0.584648,3142.012,0.6373933060740236,1
776,2019[Zr][bey]2[ASR]1,1.47843,3.48398,7.06987,3278.91,0.495,0.334815,3204.118,0.6362279759917762,1
381,2017[In][sea]3[ASR]1,0.873391,5.50836,8.21487,3959.09,0.6693,0.766324,1050.406,0.635588519996175,1
784,2019[Zr][scu]3[ASR]3,0.921084,5.00791,10.65204,3901.28,0.6332,0.687451,4586.04,0.6334991913954011,1
455,2017[Zr][csq]3[ASR]2,0.444258,29.4358,30.98177,3552.73,0.8419,1.89507,6001.644,0.6305366950785308,1
29,2001[Cu][nan]3[ASR]3,0.720658,5.14847,17.01761,4414.67,0.7063,0.980076,4245.84,0.6278698320047916,1
936,2020[Ni][nan]3[ASR]3,0.676112,4.60513,18.13404,4431.84,0.7196,1.06432,4740.612,0.6272534430460921,1
1019,2021[Al][nan]3[ASR]23,1.04921,6.82522,6.9967,3664.58,0.5837,0.556322,720.46,0.6230337655895835,1
421,2017[Zn][crb]3[ASR]1,0.87931,8.24234,9.00373,4088.27,0.6664,0.757867,2452.64,0.6208593014349632,1
1143,2021[Zn][srs]3[ASR]1,0.837968,4.88047,5.89453,4021.65,0.7177,0.856477,921.936,0.6191517464556942,1
293,2017[CdSi][nan]3[ASR]1,1.58377,3.83337,5.53268,3320.61,0.5159,0.325741,3366.404,0.6153559397033326,1
1099,2021[Nd][kgd]2[ASR]1,1.32918,5.06489,5.88282,3486.3,0.5565,0.418678,1368.86,0.6153390030048987,1
819,2020[Co][llz]3[ASR]1,0.92686,4.50365,10.77177,3886.36,0.628,0.677556,10368.528,0.6120567021170118,1
999,2020[Zn][sql]2[ASR]1,1.34828,6.80739,7.97035,3632.46,0.5667,0.420313,4615.696,0.6113947712331811,1
680,2019[La][nan]3[ASR]2,1.10281,4.38818,5.93339,3654.66,0.6133,0.556126,3617.168,0.6099324683195149,1
1193,2022[Y][acs]3[ASR]1,1.40692,3.98335,6.83265,3348.62,0.5087,0.36157,1915.494,0.6080322474231914,1
1245,2023[Eu][nan]3[ASR]2,0.777976,29.74608,30.3514,4106.09,0.6927,0.890388,8850.66,0.6054380154557382,1
1188,2022[Sc][qtz]3[ASR]1,1.3921,2.94067,3.39138,3258.16,0.5173,0.371597,528.108,0.6047760319609905,1
560,2019[Al][fon]3[ASR]2,0.671413,7.21655,10.11649,4293.81,0.7231,1.07698,5035.352,0.6046735192140921,1
1227,2023[Co][ato]3[ASR]2,0.782894,10.83327,11.73744,4300.19,0.6714,0.857588,2287.278,0.6034809979315671,1
619,2019[Co][sxb]3[ASR]1,1.20856,4.8172,5.758,3502.06,0.5589,0.462451,4832.768,0.5976768754332475,1
1106,2021[Pr][kgd]2[ASR]1,1.35222,4.9769,5.83059,3458.54,0.5438,0.402153,1368.86,0.5976539085593722,1
1226,2023[Co][ato]3[ASR]1,0.7669,11.57788,12.79502,4384.6,0.6802,0.886947,2287.278,0.5963705282081104,1
51,2009[Zn][pcu]3[ASR]2,1.46944,2.85127,6.3573,3487.24,0.5728,0.389809,3819.376,0.5951095367016266,1
939,2020[Pr][nan]3[ASR]2,1.40849,4.38599,8.99898,3484.49,0.5296,0.376006,3938.544,0.5938149110532867,1
751,2019[Zn][nan]3[ASR]4,0.887986,3.80357,9.74379,4025.75,0.6778,0.7633,12280.44,0.5936922529031042,1
1068,2021[Cu][sql]2[ASR]4,1.73659,4.16597,4.66581,3362.87,0.5313,0.305944,1314.552,0.5912379778278867,1
620,2019[Cr][acs]3[ASR]1,0.517089,13.60266,14.55008,4146.2,0.7869,1.52179,1140.913,0.5822062354234863,1
11,0000[CrMn][qtz]3[ASR]1,1.30832,4.72231,5.82674,3512.52,0.5599,0.427952,4122.228,0.5810251125019857,1
364,2017[Cu][sql]2[ASR]1,0.910783,7.00637,7.53333,4071.16,0.6773,0.743646,1875.276,0.5808594724445035,1
1037,2021[Ce][flu]3[ASR]1,0.896589,4.17323,8.48584,3914.73,0.6534,0.728762,984.878,0.5808074703296107,1
26,0000[Zn][nan]3[ASR]3,0.886402,3.81766,9.7373,4034.65,0.676,0.762634,12280.44,0.5803143252744192,1
1187,2022[Sc][nan]3[ASR]1,1.01537,7.12073,7.26158,3785.61,0.6023,0.59318,720.46,0.5792356907496476,1
580,2019[Cd][nan]3[ASR]6,1.4561,4.57345,6.38666,3495.56,0.5511,0.378476,3990.632,0.5767708577029371,1
842,2020[Co][pts]3[ASR]1,0.75059,5.94895,6.95463,4137.87,0.7085,0.943924,1540.596,0.5710478503612831,1
664,2019[Fe][acs]3[ASR]1,0.51226,13.5624,14.74444,4151.56,0.7874,1.53711,1152.46,0.5710062469994581,1
907,2020[Gd][sql]2[ASR]1,1.63998,4.05726,4.874,3351.31,0.5188,0.316346,1561.188,0.5700993578755782,1
301,2017[Cd][kgd]2[ASR]3,0.989946,7.52799,8.4504,4022.58,0.6471,0.653672,5216.232,0.567580635140368,1
1132,2021[Zn][nan]3[ASR]3,0.750209,7.33401,8.39434,4298.11,0.7215,0.961732,2700.608,0.5661679995830733,1
554,2018[Zr][scu]3[ASR]1,0.429176,13.67336,16.55771,3689.37,0.8386,1.95398,2032.64,0.565090795560599,1
1137,2021[Zn][nan]3[ASR]8,0.966907,5.20827,9.4584,4041.22,0.662,0.684658,1613.104,0.5644819370803764,1
202,2016[Cd][nan]3[ASR]7,0.754034,6.46187,10.7636,4286.56,0.6941,0.920516,6634.072,0.5616012279428324,1
1369,2024[Zn][srs]3[ASR]1,1.13409,3.91591,4.46614,3705.98,0.6375,0.562127,737.948,0.5588967830205296,1
1244,2023[Eu][nan]3[ASR]1,1.00282,9.61262,11.19496,4055.78,0.6069,0.605195,7268.632,0.5567669417812817,1
472,2018[Cd][nan]3[ASR]6,0.933546,5.91333,8.14266,4008.24,0.6576,0.704411,4342.652,0.5564914101535821,1
384,2017[Mn][hxl]2[ASR]2,1.1993,3.73634,5.16711,3581.53,0.5909,0.492704,1633.94,0.5521499613764098,1
860,2020[Cu][lil]3[ASR]1,0.611163,10.8024,11.94369,4441.66,0.7579,1.24009,4365.96,0.5516171686886553,1
134,2015[Ag][nan]2[ASR]1,2.71981,2.27603,2.92976,2689.1,0.2649,0.0973965,968.572,0.5515628448949107,1
1107,2021[Sc][nan]3[ASR]1,0.714532,20.20069,20.65705,4471.3,0.6915,0.967766,5591.028,0.5509229036603565,1
763,2019[Zn][snz]3[ASR]1,0.693667,13.75598,15.60093,4550.23,0.7276,1.04892,2091.978,0.5498839293982043,1
956,2020[Y][mog]3[ASR]1,1.25566,5.22994,5.84435,3560.89,0.5617,0.447334,498.276,0.54913925247092,1
1370,2024[Zn][srs]3[ASR]2,1.13862,3.90119,4.44679,3689.57,0.6299,0.553215,737.948,0.5487208101060917,1
1022,2021[Cd][kag]3[ASR]1,0.580835,14.42961,18.49829,4381.15,0.7786,1.34048,3076.608,0.5434429636281508,1
1177,2022[In][kgm]2[ASR]1,1.17906,3.18144,8.70658,3713.87,0.6008,0.509559,2670.156,0.5398002839041457,1
308,2017[Cd][pcu]3[ASR]1,1.22425,3.60205,6.95567,3669.41,0.5997,0.48985,3189.908,0.5382888584339346,1
902,2020[Fe][tbo]3[ASR]1,0.450439,8.92157,21.24709,3989.67,0.824,1.82933,2764.416,0.5374099154128608,1
406,2017[Rh][sql]2[ASR]1,1.13119,3.52965,5.38505,3722.27,0.6309,0.557733,676.544,0.5370580738614381,1
122,2014[In][nan]3[ASR]1,1.05655,4.80255,7.0626,3828.2,0.6289,0.595238,11930.448,0.5361925600230139,1
393,2017[NiCo][qtz]3[ASR]1,0.723045,14.73657,15.0078,4552.19,0.7146,0.98832,2936.961,0.5355331677179453,1
1027,2021[Cd][pcu]3[ASR]2,0.756721,6.42666,8.01925,4286.64,0.7176,0.948302,2051.072,0.5350746312114202,1
316,2017[Ce][sql]2[ASR]1,1.13175,4.79885,5.35095,3679.91,0.6031,0.53289,1285.056,0.5331103828068158,1
950,2020[Ti][srs]3[ASR]1,0.641889,4.1592,9.47492,4310.09,0.735,1.14506,3194.544,0.5311963097756973,1
790,2020[Al][fmz]3[ASR]1,0.526238,5.23707,14.47097,4387.98,0.7667,1.45695,4407.75,0.530629292798814,1
409,2017[Tb][nan]3[ASR]2,1.34373,4.58175,5.87816,3481.9,0.537,0.399634,1122.478,0.5296032623145448,1
383,2017[Mn][hxl]2[ASR]1,1.20785,3.4716,5.4627,3565.35,0.5788,0.479198,1633.94,0.5269448176462844,1
993,2020[Zn][nan]3[ASR]8,0.511629,10.45475,16.87479,4271.15,0.7982,1.56011,6485.764,0.5268362208573292,1
140,2015[CeCo][nan]3[ASR]1,1.03321,5.06278,7.51768,3789.31,0.6068,0.587294,3142.012,0.5232311850851705,1
171,2015[Zn][hea]3[ASR]1,0.548186,9.36857,12.05221,4387.9,0.7854,1.43273,8764.062,0.5230461179907508,1
651,2019[Dy][pcu]3[ASR]1,1.84481,3.40308,4.11984,3126.99,0.4255,0.230647,1352.832,0.5228987190426218,1
965,2020[Zn][fgl]3[ASR]1,1.01045,5.8044,8.61383,4033.58,0.6525,0.645749,1479.186,0.5226484015758757,1
90,2013[ZnMn][nan]3[ASR]1,0.817121,5.01687,8.38928,4138.82,0.6847,0.837942,1058.456,0.5205987572757707,1
282,2017[Al][fon]3[ASR]1,0.593343,8.07582,10.22463,4439.4,0.7456,1.25661,4115.536,0.5203002272219501,1
841,2020[Co][nia]3[ASR]2,0.897519,4.51054,8.64781,3967.04,0.6453,0.718982,1994.964,0.5187466882429101,1
540,2018[Zn][pcu]3[ASR]3,0.965805,5.30943,7.84786,3994.82,0.6533,0.676431,4665.696,0.5167534076190259,1
903,2020[Fe][tbo]3[ASR]2,0.449851,8.90867,21.31123,4001.19,0.8276,1.83972,2764.416,0.5156588898849424,1
840,2020[Co][nia]3[ASR]1,0.898639,4.51307,8.68123,3969.91,0.6441,0.71675,1994.964,0.5126018688720992,1
559,2019[Al][fon]3[ASR]1,0.58658,8.24844,10.38394,4457.94,0.7481,1.27536,4115.536,0.5103229385588408,1
491,2018[Co][nia]3[ASR]1,0.872025,4.68406,8.91438,4021.56,0.6517,0.747341,1994.964,0.509983473250243,1
1156,2022[Co][bcg]3[ASR]1,0.944958,5.53341,6.6772,3899.34,0.6358,0.672834,1666.526,0.5095467873854154,1
612,2019[Co][nan]3[ASR]7,1.4611,2.49377,6.32984,3339.11,0.4973,0.340361,2206.462,0.5085611133442356,1
1128,2021[Zn][nan]3[ASR]12,0.901398,6.32449,9.37408,4216.38,0.6748,0.748615,3402.64,0.5014565371026032,1
724,2019[V][bpq]3[ASR]1,1.82841,3.16519,3.4251,3120.95,0.4204,0.229926,619.906,0.49404506117336283,1
1117,2021[ZnPb][llj]3[ASR]1,1.64147,2.96242,4.57296,3328.25,0.4992,0.304118,1051.476,0.4868898309807114,1
288,2017[Al][skl]3[ASR]5,0.629512,6.82335,10.93726,4496.34,0.7235,1.1493,4716.256,0.4845310772801034,1
597,2019[Co][hex]3[ASR]2,0.838175,5.44881,6.63089,4073.25,0.6731,0.803054,3525.452,0.48400800949848904,1
613,2019[Co][nan]3[ASR]8,1.44077,2.56388,6.62409,3381.53,0.5023,0.348634,2206.462,0.48108903253248564,1
292,2017[Al][skl]3[ASR]9,0.641294,7.59212,9.07584,4448.78,0.7239,1.12881,4716.256,0.48088558473145016,1
871,2020[Cu][pcu]3[ASR]2,2.16703,3.83901,5.25034,3146.3,0.4062,0.187446,11630.808,0.4804261235511513,1
972,2020[Zn][nan]3[ASR]1,1.11425,5.06449,8.17629,3925.05,0.6281,0.563696,2257.042,0.4791667189164507,1
289,2017[Al][skl]3[ASR]6,0.632101,6.51334,10.86344,4503.88,0.7226,1.14317,4716.256,0.4744353571365001,1
891,2020[Eu][flu]3[ASR]1,1.02537,5.56052,7.12872,3905.03,0.6248,0.609342,1194.654,0.4720776790197366,1
290,2017[Al][skl]3[ASR]7,0.632497,7.78859,9.39612,4478.65,0.7242,1.14499,4716.256,0.47197856440251446,1
287,2017[Al][skl]3[ASR]4,0.629989,6.71784,10.51065,4503.71,0.7237,1.14875,4716.256,0.47039362116346684,1
291,2017[Al][skl]3[ASR]8,0.634587,7.68858,9.207,4477.28,0.7251,1.14263,4716.256,0.4694948957924164,1
736,2019[Zn][dia]3[ASR]1,1.9285,3.5379,4.62065,3248.66,0.4545,0.235676,1864.968,0.46606251457059905,1
669,2019[Gd][nan]3[ASR]2,1.37849,3.96396,5.70454,3565.04,0.5575,0.404428,2761.752,0.4652258435720806,1
284,2017[Al][skl]3[ASR]1,0.633677,6.4126,10.57915,4506.42,0.7218,1.13907,4716.256,0.46439125617047156,1
60,2012[Cd][nan]3[ASR]5,0.864641,6.02391,8.00821,4140.37,0.6639,0.767834,1971.076,0.4641785043405578,1
377,2017[Fe][nan]3[ASR]1,0.557505,10.59444,14.63467,4539.81,0.7684,1.37828,4123.06,0.458657467552212,1
17,0000[Eu][sql]2[ASR]1,1.62245,4.02158,4.81421,3404.23,0.5073,0.312676,2776.9,0.4574434948565038,1
1101,2021[NiGe][pcu]3[ASR]1,1.81188,3.28853,4.09628,3136.05,0.4053,0.22369,332.861,0.4560851819915495,1
975,2020[Zn][nan]3[ASR]12,1.7212,3.58108,4.63483,3272.0,0.4592,0.26679,1104.788,0.4554584772557338,1
469,2018[Cd][nan]3[ASR]3,0.700989,11.03686,11.83106,4632.65,0.7041,1.00444,5175.88,0.45276766124826257,1
520,2018[Ni][fmz]3[ASR]3,0.636492,5.62966,11.37857,4585.94,0.7322,1.15037,6245.514,0.45212586857036685,1
286,2017[Al][skl]3[ASR]3,0.646098,7.49154,9.02129,4481.13,0.7184,1.11191,4716.256,0.4516949064197803,1
1202,2022[Zn][pcu]3[ASR]2,1.16393,5.69554,7.5259,3853.46,0.6032,0.518244,1510.384,0.4502564678697517,1
147,2015[Cu][nan]3[ASR]1,1.52436,5.56851,6.5922,3552.68,0.5265,0.34539,4852.4,0.44904137430937985,1
675,2019[In][mmt]3[ASR]1,0.546774,9.5265,11.56372,4526.46,0.7682,1.40497,6588.0,0.4475369685258657,1
1118,2021[ZnSi][kgd]2[ASR]1,0.85351,5.65507,8.00076,4197.78,0.6756,0.791555,1050.19,0.4474265564094957,1
1085,2021[Fe][bpq]3[ASR]1,1.17541,4.92571,5.3529,3657.0,0.5735,0.487913,473.936,0.44719163098726294,1
285,2017[Al][skl]3[ASR]2,0.654724,7.09639,8.52757,4452.39,0.7162,1.0939,4716.256,0.44610275939144944,1
1065,2021[Cu][pcu]3[ASR]3,0.621353,9.30371,11.65883,4649.18,0.7369,1.18596,3519.152,0.44544926748840624,1
710,2019[Ni][pcu]3[ASR]1,1.05315,3.553,5.9155,3778.13,0.6161,0.585007,2222.864,0.44405529460478305,1
1092,2021[La][kgd]2[ASR]1,1.2855,5.11347,5.8566,3627.62,0.5582,0.434228,1924.48,0.4432441445115121,1
182,2015[Zn][pcu]3[ASR]2,1.47923,3.57978,4.62741,3480.0,0.5369,0.36296,781.834,0.4428804456801654,1
470,2018[Cd][nan]3[ASR]4,1.28977,3.02021,6.28321,3562.92,0.5539,0.429456,1602.548,0.440918969649301,1
1309,2024[Cu][lvt]3[ASR]1,0.629812,7.06339,9.72422,4605.07,0.7417,1.17765,6221.52,0.4367977556694467,1
237,2016[Co][sql]2[ASR]5,0.957785,4.44166,6.30658,3906.34,0.6344,0.662361,1488.354,0.4365782512931598,1
957,2020[Y][nan]3[ASR]1,1.87426,2.66507,3.77542,3101.41,0.3884,0.207228,444.21,0.4347234171314072,1
81,2013[Sm][kgd]2[ASR]1,1.55696,3.60421,4.47886,3368.19,0.4928,0.316513,560.424,0.43387399595281667,1
516,2018[Mn][bcu]3[ASR]2,0.884009,6.19384,8.2634,4095.01,0.6416,0.725784,2444.092,0.43357773686004614,1
870,2020[Cu][pcu]3[ASR]1,2.08225,3.76458,5.35053,3228.18,0.4257,0.204443,3876.936,0.4315756799647641,1
694,2019[Mn][bpq]3[ASR]1,1.18954,5.02932,5.3412,3621.72,0.5568,0.46808,408.142,0.4287584776205887,1
1282,2023[Zn][nan]3[ASR]11,1.08378,4.60289,6.78027,3885.71,0.6232,0.575025,2052.08,0.4276358846521108,1
811,2020[CeCu][nan]2[ASR]1,2.07776,3.3726,5.44024,3235.34,0.4299,0.206905,10514.368,0.42552767016688925,1
725,2019[V][bpq]3[ASR]2,1.2417,4.68637,6.54051,3660.13,0.5606,0.451477,1196.216,0.4220115527466599,1
958,2020[Y][nan]3[ASR]2,1.84929,2.64112,3.87606,3130.34,0.3968,0.214569,444.21,0.42118822710054366,1
1195,2022[Zn][nan]3[ASR]2,0.962116,8.51203,13.36303,4415.35,0.6314,0.656262,8102.972,0.42088037103366494,1
829,2020[Co][nan]3[ASR]18,1.6268,2.37365,3.2637,3185.71,0.4303,0.264507,2043.333,0.41776264542316455,1
1360,2024[Zn][pcu]3[ASR]1,0.466253,10.64638,14.37106,4158.16,0.8298,1.77972,5479.256,0.4157859184889552,1
1005,2020[Zn][tfz]3[ASR]3,1.58147,3.64813,5.46469,3407.27,0.4936,0.312115,1623.744,0.41428259959342567,1
136,2015[Cd][nan]3[ASR]2,1.70185,3.18274,4.36726,3370.21,0.4937,0.290096,953.55,0.41152579013007196,1
750,2019[Zn][nan]3[ASR]3,1.95175,2.57302,4.71141,3201.43,0.4224,0.216421,4787.248,0.4111948355418161,1
1126,2021[Zn][nan]3[ASR]10,0.909021,5.62669,8.60943,4204.83,0.6615,0.727706,1701.32,0.4080618959571505,1
847,2020[Co][tfz]3[ASR]1,0.8825,6.83273,8.29384,4147.01,0.6398,0.724986,2513.312,0.40464452656685856,1
828,2020[Co][nan]3[ASR]17,1.6623,2.24189,3.17397,3166.35,0.4174,0.251098,2043.333,0.4034452960999823,1
298,2017[Cd][hcb]2[ASR]2,0.806632,8.46391,11.67122,4595.42,0.6759,0.837929,1204.778,0.40280734963341247,1
1305,2024[Co][nan]3[ASR]2,0.997151,4.85825,6.22456,3881.62,0.6162,0.61796,2044.788,0.39915011272855705,1
982,2020[Zn][nan]3[ASR]19,0.909023,8.18257,8.49085,4289.33,0.6546,0.720114,1857.42,0.39738037108820756,1
1038,2021[Ce][kgd]2[ASR]1,1.36058,5.07988,5.72314,3579.82,0.533,0.391743,1440.92,0.3956658519724544,1
572,2019[Cd][ins]3[ASR]2,0.774713,6.41379,9.08543,4482.33,0.697,0.899687,2211.412,0.39436459446627886,1
522,2018[Ni][fmz]3[ASR]5,0.698914,5.00818,11.26978,4599.22,0.705,1.00871,6858.09,0.39118628691329643,1
795,2020[Cd][kgd]2[ASR]1,0.777562,7.03636,8.71332,4414.86,0.6819,0.876972,1574.484,0.38847222684948846,1
373,2017[Eu][nan]3[ASR]2,1.37889,3.30736,5.60813,3580.53,0.5503,0.399088,1192.252,0.3859927388863012,1
205,2016[Co][nan]3[ASR]1,0.705297,8.33335,9.5622,4550.09,0.6884,0.976043,2996.15,0.38509468592119955,1
917,2020[Mg][nan]3[ASR]3,0.813906,8.81354,10.09972,4358.26,0.641,0.78756,2357.332,0.3835933769751602,1
1251,2023[In][neb]3[ASR]1,0.714631,6.7826,8.43343,4483.51,0.6977,0.976308,3101.824,0.38136195484576696,1
792,2020[Cd][fes]2[ASR]1,1.09274,4.43894,5.66875,3874.53,0.6216,0.568844,1590.5,0.3805825122128971,1
1173,2022[Eu][nan]3[ASR]2,1.1317,8.09201,8.67402,3951.07,0.5779,0.510648,2685.62,0.38056743533719656,1
435,2017[Zn][nan]3[ASR]1,1.28721,2.78834,6.78266,3659.99,0.5684,0.441575,1723.848,0.37894678064633486,1
539,2018[Zn][pcu]3[ASR]2,0.79115,8.00479,9.45746,4521.79,0.6823,0.862416,2969.21,0.3780054904198265,1
440,2017[Zn][nan]3[ASR]4,0.974976,4.16232,5.54884,3950.36,0.6418,0.658272,2304.3,0.37665414161065225,1
974,2020[Zn][nan]3[ASR]11,1.85988,3.615,3.95343,3244.48,0.4264,0.229263,1100.756,0.37656238899586114,1
1096,2021[Mn][nan]3[ASR]2,0.615226,14.2697,15.84844,4761.61,0.7154,1.16282,5480.232,0.3749743420632885,1
521,2018[Ni][fmz]3[ASR]4,0.701722,5.24428,10.35645,4570.94,0.7014,0.999541,6888.06,0.37316741026033856,1
1322,2024[La][sql]2[ASR]1,1.06969,4.77489,6.33317,3888.95,0.6133,0.573345,1004.38,0.372777022463077,1
24,0000[Zn][ith]3[ASR]1,0.543673,5.96446,16.25601,4780.16,0.7741,1.42383,8669.544,0.3715372253070139,1
1359,2024[Zn][nia]3[ASR]1,0.932478,4.38542,8.54294,4102.11,0.6434,0.689989,2039.644,0.37004783019555265,1
175,2015[Zn][ith]3[ASR]4,0.543377,5.88107,16.7062,4789.7,0.7721,1.42093,8669.544,0.36965810830606327,1
1061,2021[Cu][nbo]3[ASR]1,0.554504,11.88721,17.15952,4676.47,0.7637,1.37727,6426.828,0.36838309259736723,1
639,2019[Cu][pts]3[ASR]2,0.686124,5.48011,9.06415,4577.72,0.7123,1.03815,3759.5,0.3659881481999842,1
174,2015[Zn][ith]3[ASR]3,0.540663,5.79323,16.40548,4798.96,0.7726,1.42899,8669.544,0.36327983094273336,1
173,2015[Zn][ith]3[ASR]2,0.494223,7.31618,19.49225,4508.36,0.7992,1.61708,7996.248,0.3621984545480259,1
443,2017[Zn][nbo]3[ASR]1,0.85444,4.73604,10.03104,4327.59,0.6659,0.779341,2031.864,0.3614764843340732,1
1057,2021[Cu][djg]3[ASR]1,1.17634,4.10058,6.97784,3759.68,0.5772,0.490676,2032.408,0.36050319401881226,1
468,2018[Cd][nan]3[ASR]2,0.888712,10.17943,13.31328,4593.58,0.6298,0.708666,5175.88,0.35792785756888085,1
346,2017[CuTi][pcu]3[ASR]1,1.26169,6.35471,7.03442,3579.64,0.4967,0.393677,1284.212,0.3535425931560544,1
831,2020[Co][nan]3[ASR]3,0.964058,9.68236,10.62807,4249.53,0.6008,0.623199,4582.602,0.35240276856723485,1
523,2018[Ni][fmz]3[ASR]6,0.683544,5.50486,9.06169,4612.5,0.7109,1.04002,6737.862,0.3484618567005783,1
918,2020[Mg][nan]3[ASR]4,0.827764,8.43917,9.8991,4405.16,0.645,0.779208,1178.666,0.34838000321844,1
129,2014[Zn][nan]3[ASR]3,0.834367,4.84913,10.39542,4411.86,0.6713,0.804562,2950.296,0.34742108098731544,1
808,2020[Cd][sql]2[ASR]1,1.1815,5.60849,7.72728,3919.9,0.5961,0.504527,1093.874,0.34732569837059657,1
608,2019[Co][nan]3[ASR]3,0.766859,6.35015,9.89062,4432.9,0.6661,0.868609,5595.822,0.3472185986170719,1
524,2018[Ni][fmz]3[ASR]7,0.751391,3.94115,9.85444,4450.39,0.6893,0.917365,7301.364,0.3450364172237793,1
571,2019[Cd][ins]3[ASR]1,0.89021,8.25475,9.2342,4453.17,0.6614,0.742971,2155.304,0.3448165008379265,1
34,2007[CuEu][nan]3[ASR]1,1.96567,3.85822,4.40951,3202.83,0.3867,0.196727,1879.824,0.34322224339130475,1
925,2020[Mn][ant]3[ASR]1,1.02954,3.98526,7.51241,3853.44,0.5909,0.573947,2052.712,0.33447838240262157,1
920,2020[Mg][nan]3[ASR]6,0.841078,8.21561,9.78294,4369.48,0.638,0.75855,1178.666,0.33434699770528264,1
78,2013[La][nan]3[ASR]3,0.920261,5.37102,7.71573,4147.0,0.6425,0.698171,5627.128,0.3332432865896936,1
1300,2024[Cd][nan]3[ASR]6,0.840714,7.16286,9.929,4465.85,0.6604,0.785523,12988.8,0.3306471089885424,1
446,2017[Zn][sod]3[ASR]1,0.684243,5.21481,14.89793,5461.47,0.6743,0.985469,5606.712,0.3287095985226589,1
80,2013[Nd][kgd]2[ASR]1,1.51424,3.66385,4.51334,3458.37,0.4959,0.327491,560.424,0.32334417986360464,1
172,2015[Zn][ith]3[ASR]1,0.452533,7.80283,21.77624,4271.75,0.8285,1.83081,7322.952,0.32207803346586644,1
1252,2023[In][neb]3[ASR]2,0.737421,7.088,9.84935,4655.99,0.6858,0.929998,3330.288,0.31991247099660747,1
875,2020[Cu][sql]2[ASR]1,0.578816,5.59047,8.85794,4898.43,0.7507,1.29696,1623.808,0.31715257705627337,1
919,2020[Mg][nan]3[ASR]5,0.834085,8.2007,9.67582,4390.42,0.6376,0.764431,2357.332,0.3148884520873026,1
610,2019[Co][nan]3[ASR]5,1.1763,3.93981,6.72981,3701.87,0.5521,0.469352,3757.22,0.31165605369584826,1
1136,2021[Zn][nan]3[ASR]7,0.953025,5.69069,8.64255,4316.98,0.6575,0.689908,1605.2,0.3078599834318424,1
1229,2023[Co][nan]3[ASR]1,1.03506,4.93859,7.05766,3913.5,0.595,0.574845,1654.726,0.3053983160395903,1
1180,2022[Mg][nan]3[ASR]1,0.711622,5.43436,11.09168,4751.2,0.6895,0.968914,4339.088,0.3030065589066196,1
1326,2024[Ni][etb]3[ASR]1,0.627285,6.60182,11.34734,5297.59,0.7127,1.13617,1992.192,0.30150643125432525,1
1045,2021[Co][nan]3[ASR]4,1.62772,3.30001,5.43308,3311.79,0.4201,0.258092,4180.812,0.2992840469501076,1
1254,2023[In][neb]3[ASR]4,0.734468,7.04302,9.80699,4696.68,0.6823,0.928971,3330.288,0.29300452620289497,1
82,2013[Y][nan]3[ASR]1,0.801467,5.40543,8.32625,4378.64,0.6665,0.8316,2257.944,0.29242444450762967,1
1020,2021[Cd][flu]3[ASR]1,1.547,3.47971,4.50651,3513.24,0.5112,0.330446,1075.724,0.29210130701017456,1
732,2019[Zn][bbf]3[ASR]1,0.920894,3.99424,5.51098,4178.31,0.6729,0.730703,1194.172,0.2908268787253058,1
627,2019[Cu][mrc]3[ASR]1,1.08887,4.53634,6.3896,3921.92,0.6044,0.55507,3188.04,0.2872134455102464,1
1155,2022[CoMn][sql]2[ASR]1,0.953476,7.54394,9.05169,4213.33,0.6106,0.640394,2745.868,0.27848187097215704,1
515,2018[Mn][bcu]3[ASR]1,0.922419,5.9032,7.52583,4106.7,0.6179,0.669869,2444.092,0.2775501384644271,1
255,2016[Mg][hcb]2[ASR]1,0.937448,3.95253,5.23271,4069.14,0.6501,0.693478,625.328,0.277161690901823,1
1286,2023[Zn][nan]3[ASR]15,1.43928,7.2751,8.20323,3773.02,0.5225,0.36303,1583.628,0.2767819695723271,1
1120,2021[Zn][fit]3[ASR]1,1.24334,4.36134,5.78655,3797.57,0.5775,0.464476,1416.95,0.27320653082970514,1
1239,2023[Cu][sql]2[ASR]1,0.599993,5.46009,8.07436,5313.02,0.7243,1.20718,1888.04,0.27192225180872237,1
253,2016[Gd][kgd]2[ASR]1,1.46095,3.49831,4.43995,3543.13,0.5148,0.352373,682.518,0.2649408909112245,1
222,2016[Co][sql]2[ASR]2,0.606579,7.62721,7.94229,5328.3,0.7161,1.18055,735.749,0.2573511593135503,1
1363,2024[Zn][scn]3[ASR]1,1.04474,4.84141,6.79594,4020.73,0.614,0.587708,1579.8,0.25702120397413425,1
1160,2022[Co][sql]2[ASR]1,0.964305,7.51941,9.0054,4178.82,0.5993,0.621484,2761.848,0.2550768676360697,1
1158,2022[Co][hxl]2[ASR]1,1.18193,3.71697,5.48977,3752.32,0.5679,0.480484,1480.094,0.2548883464638502,1
179,2015[Zn][nan]2[ASR]3,0.776235,5.60304,8.67761,4607.23,0.682,0.8786,2358.156,0.2546412878700114,1
557,2019[Al][bpq]3[ASR]3,0.969882,6.57536,6.95943,4047.77,0.5996,0.61822,362.246,0.253844796258534,1
1253,2023[In][neb]3[ASR]3,0.745389,6.99464,9.71655,4666.62,0.667,0.894834,3330.288,0.252154256746516,1
760,2019[Zn][pts]3[ASR]2,0.904611,5.65115,6.59247,4298.42,0.6597,0.729264,2796.664,0.25126427458586675,1
1060,2021[Cu][nan]3[ASR]2,1.26535,4.629,9.35783,3774.78,0.5309,0.419569,4155.336,0.25107095983894984,1
1304,2024[Co][nan]3[ASR]1,1.24756,9.25347,9.66687,3852.69,0.5028,0.403027,2129.004,0.2508638265618927,1
856,2020[Cu][dia]3[ASR]3,0.821251,9.85928,11.14562,4777.39,0.6435,0.783561,1808.628,0.2505090308572362,1
295,2017[Cd][dia]3[ASR]1,1.00531,4.21326,7.09858,4086.71,0.6295,0.626173,3441.572,0.2502595060522169,1
733,2019[Zn][bcg]3[ASR]1,0.967943,4.88122,6.92066,4186.13,0.6436,0.664915,1705.208,0.2472800160800579,1
112,2014[Cu][nan]3[ASR]13,1.13021,4.50633,6.86167,3934.51,0.5951,0.526539,3196.424,0.24577118730537528,1
79,2013[Mn][nan]3[ASR]3,1.09749,3.80539,4.57307,3805.74,0.5871,0.534947,2096.44,0.24485483372571348,1
345,2017[CuSi][pcu]3[ASR]1,0.765355,10.29832,10.43276,4948.49,0.6606,0.863128,1476.388,0.24141551781633647,1
1052,2021[Co][svk]3[ASR]1,0.982385,4.34,6.23706,3990.85,0.6117,0.622668,2324.992,0.23991413380507187,1
1236,2023[Cu][ctn]3[ASR]1,0.505831,7.56799,9.35477,5115.72,0.7781,1.53826,3745.692,0.23642895294567096,1
76,2013[Ce][kgd]2[ASR]1,1.48872,3.68636,4.52767,3527.2,0.4984,0.334784,560.424,0.23609787497003376,1
1316,2024[Eu][nan]3[ASR]1,1.24064,3.85083,5.25535,3719.4,0.555,0.447351,2105.168,0.23607976052987428,1
258,2016[NiZr][ftw]3[ASR]1,0.420413,8.84486,21.37941,4224.45,0.8272,1.96759,4122.843,0.23354108203983412,1
404,2017[Pr][kgd]2[ASR]1,1.04005,5.15375,6.21738,4019.84,0.6105,0.586993,1933.68,0.23217959062209975,1
1091,2021[La][fsc]3[ASR]1,1.2986,4.75335,6.17716,3726.3,0.5397,0.415601,1854.636,0.23162509760384398,1
181,2015[Zn][pcu]3[ASR]1,1.07923,4.43693,5.33411,4033.6,0.6293,0.583103,1624.896,0.23132451309864582,1
430,2017[Zn][hcb]2[ASR]3,0.893598,3.42602,10.02552,4329.03,0.6466,0.723592,5061.808,0.23071238813800504,1
514,2018[InCu][nan]3[ASR]1,1.25332,3.94822,4.87313,3720.11,0.5556,0.443303,5301.952,0.22662865779013208,1
900,2020[Fe][nuc]3[ASR]1,0.408405,7.94712,15.02966,4210.27,0.8315,2.03597,4601.496,0.22506149802373868,1
890,2020[Eu][bnn]3[ASR]1,1.26448,2.72095,4.40099,3683.03,0.5596,0.442555,1058.534,0.22387418675132498,1
802,2020[Cd][nan]3[ASR]7,1.54301,2.73032,4.49111,3563.04,0.5189,0.336291,2122.448,0.22091768277829615,1
416,2017[Yb][mog]3[ASR]1,1.52115,2.54216,4.19469,3512.19,0.5031,0.330737,642.528,0.22074787224897371,1
1142,2021[Zn][sql]2[ASR]3,0.832399,6.44485,9.51483,4582.82,0.6558,0.787844,2010.344,0.21977729289639208,1
1216,2023[Al][nan]3[ASR]1,1.10771,3.9904,5.5774,3791.73,0.5654,0.510423,1368.672,0.21449711364822144,1
1058,2021[Cu][eea]3[ASR]1,1.05888,3.92663,9.17347,4089.5,0.6063,0.572585,2182.488,0.21235639815487017,1
1358,2024[Zn][nan]3[ASR]1,1.19228,3.75719,5.1788,3876.06,0.5947,0.498792,1001.97,0.20593471844582373,1
494,2018[Cu][bcu]3[ASR]1,1.30788,3.80322,4.94642,3728.26,0.554,0.423588,829.495,0.2020969515902275,1
837,2020[Co][nan]3[ASR]9,0.700823,5.11667,6.53405,4752.6,0.7007,0.999824,3217.984,0.19799532728625496,1
989,2020[Zn][nan]3[ASR]58,1.54948,2.70222,4.06796,3525.67,0.5005,0.323012,917.904,0.19297352424290823,1
126,2014[Zn][nan]2[ASR]3,0.870248,11.37417,11.94829,4934.58,0.616,0.707844,4139.18,0.19128907971905346,1
699,2019[Nd][pcu]3[ASR]1,1.65695,3.68205,4.40133,3447.71,0.4543,0.274178,1352.832,0.19123463283984815,1
990,2020[Zn][nan]3[ASR]59,1.54099,2.7482,3.92875,3529.67,0.5019,0.3257,917.904,0.18982211939281002,1
895,2020[Eu][nan]3[ASR]4,1.58487,3.6575,4.49663,3465.22,0.4605,0.290561,1996.97,0.18953985065244902,1
991,2020[Zn][nan]3[ASR]60,1.5447,2.83686,4.04004,3537.85,0.5033,0.325824,917.904,0.18952995228463076,1
444,2017[Zn][pcu]3[ASR]1,0.845633,6.58598,8.64973,4549.42,0.6517,0.770665,1814.956,0.18950621825225905,1
1182,2022[Nd][sql]2[ASR]1,1.12799,3.95942,5.47836,3942.56,0.6023,0.533958,676.496,0.18882721003017722,1
372,2017[Eu][kgd]2[ASR]1,1.05574,4.9909,7.04465,4035.82,0.5986,0.566997,1174.75,0.18691455112243538,1
106,2014[Cu][bcu]3[ASR]2,0.950428,4.66815,5.93777,4230.24,0.6483,0.682113,1718.424,0.18555802829653806,1
1093,2021[Mn][dia]3[ASR]1,0.736026,5.36649,10.29679,4787.59,0.6621,0.89956,3543.208,0.1847379926507881,1
386,2017[Mn][hxl]2[ASR]4,1.10132,3.42155,5.55602,3913.4,0.5976,0.54262,1456.124,0.18337944909015935,1
56,2011[V][sra]3[ASR]2,1.41408,2.60698,4.08067,3576.4,0.5166,0.365327,807.904,0.18082377789303578,1
192,2015[Zr][ftw]3[ASR]1,0.458587,8.47189,17.85523,4687.82,0.7928,1.72879,3965.148,0.17645463465125305,1
988,2020[Zn][nan]3[ASR]57,1.54077,2.74617,3.94097,3538.36,0.5012,0.325293,917.904,0.1751045638323961,1
1278,2023[Zn][eta]3[ASR]1,1.07529,5.95423,7.51287,4245.52,0.6249,0.581143,7716.648,0.17324774622619088,1
824,2020[Co][nan]3[ASR]1,1.18335,3.93834,5.44802,3802.67,0.5619,0.47484,3016.74,0.1715855425347857,1
1094,2021[Mn][nan]2[ASR]1,1.50368,3.82825,4.58815,3491.83,0.4626,0.307645,724.036,0.16849222573928715,1
872,2020[Cu][pyr]3[ASR]1,1.35756,3.85039,5.90011,3753.05,0.5451,0.40153,9032.544,0.16573156623761454,1
759,2019[Zn][pts]3[ASR]1,0.978504,3.97201,5.52196,4156.66,0.6408,0.654878,727.196,0.16571186484373873,1
306,2017[Cd][nan]3[ASR]4,0.955031,5.43937,6.78804,4238.1,0.6304,0.660083,3746.168,0.1644324331252517,1
1203,2022[Zn][pcu]3[ASR]3,0.925547,5.29268,8.44344,4302.87,0.6265,0.676897,2482.812,0.16356598260200667,1
449,2017[Zn][sql]2[ASR]3,0.727537,4.36617,7.76573,5390.78,0.6607,0.908132,2792.4,0.16202619028579718,1
861,2020[Cu][lvt]3[ASR]1,0.857596,4.52575,7.09146,4382.92,0.6539,0.76248,3162.744,0.15432776783510355,1
1354,2024[Zn][fsc]3[ASR]1,0.819168,4.58114,6.73275,4407.62,0.6585,0.803864,2478.328,0.15212124030590152,1
1347,2024[Zn][crb]3[ASR]4,0.935738,5.08238,6.35017,4437.34,0.6642,0.709814,3192.352,0.14958378694967606,1
838,2020[Co][nbo]3[ASR]1,0.908128,10.48012,11.21785,4678.29,0.5964,0.656736,1366.005,0.1473625940736994,1
1003,2020[Zn][tfz]3[ASR]1,0.872302,6.30347,9.63054,4571.73,0.637,0.730252,11898.768,0.14720726967044212,1
876,2020[Cu][sql]2[ASR]11,0.701661,4.22333,7.27434,4990.9,0.6884,0.981101,2728.592,0.1455680435843803,1
1351,2024[Zn][crb]3[ASR]8,0.935738,5.07871,6.37155,4448.55,0.6643,0.709921,3192.352,0.144661376716326,1
681,2019[La][nan]3[ASR]3,1.33605,4.31037,7.15069,3711.78,0.5101,0.381798,2633.852,0.14175516902650032,1
46,2008[Cd][nbo]3[ASR]1,0.998925,9.46658,11.28354,4533.16,0.5882,0.588833,5066.928,0.13889045058911503,1
441,2017[Zn][nan]3[ASR]5,0.820062,8.81418,9.1693,5322.1,0.6291,0.767137,2692.076,0.13480817596252842,1
878,2020[Cu][sql]2[ASR]4,0.791477,5.32419,7.86712,4719.21,0.6681,0.844118,3183.176,0.13400270218572435,1
1154,2022[Ce][sql]2[ASR]1,1.1113,3.99135,5.72041,4011.07,0.6032,0.542787,676.496,0.13019348095405892,1
512,2018[Fe][sql]2[ASR]1,1.17018,4.26235,6.61733,3898.11,0.565,0.482833,2708.478,0.12697346274682297,1
349,2017[Cu][hcb]2[ASR]1,0.970064,8.45898,9.58251,4526.12,0.6106,0.629443,3841.664,0.12629597035937162,1
64,2012[CuCd][hex]3[ASR]1,1.07794,4.12859,6.18188,4062.83,0.607,0.563111,5310.88,0.12182760621738342,1
700,2019[Nd][pcu]3[ASR]2,1.7168,3.49506,4.13076,3429.51,0.4262,0.248253,1352.832,0.11876381170674641,1
55,2010[Zn][pyr]3[ASR]1,0.408029,8.38682,13.81112,4329.58,0.8451,2.07118,4977.436,0.11639762388841124,1
385,2017[Mn][hxl]2[ASR]3,1.08784,3.68839,5.29814,3942.24,0.5895,0.541898,1456.124,0.11611091455683697,1
586,2019[Cd][tfz]3[ASR]2,0.939663,4.84271,6.44414,4274.4,0.6337,0.674391,1648.68,0.11454564674912743,1
59,2011[Zn][sod]3[ASR]3,0.924167,3.46146,11.81446,4863.12,0.6448,0.697709,1365.456,0.11022620197288918,1
562,2019[Bi][sra]3[ASR]1,1.13618,5.12255,6.09529,3966.42,0.5742,0.505377,5429.216,0.10878190188298453,1
380,2017[In][nan]3[ASR]1,1.36058,2.79917,5.1405,3713.5,0.5353,0.393434,2454.14,0.10680809856303108,1
374,2017[FeCr][hcb]2[ASR]1,1.23299,4.21491,6.58186,3856.07,0.5491,0.44534,2644.994,0.0987014256484029,1
77,2013[Cu][sqc]2[ASR]1,1.76952,3.30833,5.08033,3509.39,0.4521,0.255493,4695.424,0.09701921587377951,1
102,2014[Co][nan]3[ASR]4,0.994067,4.78421,7.65443,4138.57,0.5961,0.599658,5584.494,0.09583796675633272,1
407,2017[Sc][nan]3[ASR]1,0.885831,5.0736,6.03816,4298.06,0.6327,0.714245,1453.14,0.0922022548468347,1
593,2019[Co][apo]3[ASR]1,1.05942,3.6671,4.54762,3946.25,0.5906,0.557472,2425.112,0.08944975136639433,1
1194,2022[Zn][kgd]2[ASR]1,0.763129,4.97677,9.27343,5252.56,0.6336,0.830266,1074.574,0.08664065093607048,1
185,2015[Zn][sod]3[ASR]1,0.933117,3.55331,11.72398,4970.28,0.6368,0.682444,1365.456,0.08123399494068989,1
397,2017[Ni][nan]3[ASR]3,0.754862,4.5461,8.68471,4836.67,0.6547,0.867311,1374.778,0.07746627739721551,1
1145,2021[Zn][zst]3[ASR]1,0.994822,10.34801,10.89068,4698.16,0.5836,0.586638,4206.632,0.074828711424544,1
351,2017[Cu][nan]3[ASR]3,1.01975,8.81925,9.73002,4700.89,0.6105,0.598674,2843.388,0.07443839055516216,1
922,2020[Mg][nia]3[ASR]2,0.797815,4.46326,8.64653,4649.26,0.6476,0.811717,1787.196,0.07379014727170657,1
94,2013[Zn][nan]3[ASR]9,0.396669,19.56277,24.50866,4135.15,0.8477,2.13704,28518.984,0.07086749170137374,1
307,2017[Cd][nan]3[ASR]5,1.43174,4.22497,5.06658,3717.23,0.515,0.359703,1470.492,0.07007620173096635,1
1328,2024[Ni][nan]3[ASR]1,0.894638,4.98863,9.13946,4532.5,0.6298,0.703972,1539.303,0.06487023741488779,1
278,2016[Zr][buh]3[ASR]1,0.389439,10.77877,18.84439,4187.6,0.8366,2.14822,27325.632,0.06091112180759653,1
1299,2024[Cd][nan]3[ASR]5,1.12437,5.12344,7.31492,4109.18,0.5854,0.520645,2600.252,0.06041334044826019,1
438,2017[Zn][nan]3[ASR]2,0.462869,15.45739,17.63962,4551.38,0.8151,1.76097,5909.07,0.06001543872930695,1
923,2020[Mg][nia]3[ASR]3,0.809765,4.37801,8.55274,4603.75,0.6424,0.793317,1787.196,0.058176798873111724,1
678,2019[In][sql]2[ASR]1,1.05675,3.87702,6.45976,4141.39,0.6085,0.575822,2332.824,0.05525669776170622,1
1223,2023[Cd][nan]3[ASR]3,1.12437,5.11973,7.31847,4109.7,0.5844,0.519756,2600.252,0.055085475865025046,1
1352,2024[Zn][crb]3[ASR]9,0.935738,5.0342,6.24345,4560.14,0.6567,0.701799,3192.352,0.05419982226718617,1
1337,2024[Zn][crb]3[ASR]1,0.935738,5.03119,6.22847,4562.4,0.6568,0.701906,3192.352,0.05309650916246339,1
921,2020[Mg][nia]3[ASR]1,0.791044,4.31377,8.53784,4672.33,0.6459,0.816516,1781.268,0.05287900616646174,1
1338,2024[Zn][crb]3[ASR]10,0.935738,5.03152,6.23956,4562.77,0.6565,0.701586,3192.352,0.05207936708537181,1
1342,2024[Zn][crb]3[ASR]14,0.935738,5.02946,6.22587,4564.19,0.6567,0.701799,3192.352,0.0518195644657668,1
677,2019[In][nan]3[ASR]2,1.04616,6.51322,6.75073,4219.75,0.5951,0.568842,3683.532,0.05167590064749833,1
1343,2024[Zn][crb]3[ASR]15,0.935738,5.03067,6.22493,4566.9,0.6561,0.701158,3192.352,0.04819087885039214,1
1350,2024[Zn][crb]3[ASR]7,0.935738,5.03032,6.21871,4568.52,0.6561,0.701158,3192.352,0.04733404749909115,1
594,2019[Co][crs]3[ASR]1,0.984461,4.55772,9.86803,4315.75,0.5979,0.607338,9821.832,0.046526683892569254,1
1348,2024[Zn][crb]3[ASR]5,0.935738,5.04233,6.08912,4560.72,0.6555,0.700517,3192.352,0.04328542991347212,1
1098,2021[Mo][lvt]3[ASR]1,1.00653,5.72342,6.79293,4246.37,0.6042,0.60028,3275.016,0.042725298193093064,1
1345,2024[Zn][crb]3[ASR]2,0.935738,5.0331,6.09129,4564.29,0.6555,0.700517,3192.352,0.04168243646581932,1
598,2019[Co][hxl]2[ASR]1,0.895584,4.63886,5.84399,4305.38,0.6284,0.701665,1794.882,0.04079728817596623,1
1341,2024[Zn][crb]3[ASR]13,0.935738,5.01995,6.22311,4576.15,0.6551,0.700089,3192.352,0.03996624220523731,1
363,2017[Cu][rtl]3[ASR]2,1.10472,3.2429,4.22242,3993.64,0.5988,0.542039,1174.9,0.039451935736910526,1
1340,2024[Zn][crb]3[ASR]12,0.935738,5.02076,6.20679,4578.15,0.6552,0.700196,3192.352,0.03908980639890164,1
1321,2024[La][nan]3[ASR]1,1.17971,3.90156,5.34698,3903.85,0.562,0.476387,2052.932,0.039052213645589307,1
701,2019[Nd][sql]2[ASR]1,1.58687,2.99228,4.06046,3530.57,0.4544,0.286349,2417.912,0.03890514413568097,1
1339,2024[Zn][crb]3[ASR]11,0.935738,5.01908,6.21809,4579.68,0.6552,0.700196,3192.352,0.03889792443867596,1
1349,2024[Zn][crb]3[ASR]6,0.935738,5.01986,6.20574,4578.3,0.6551,0.700089,3192.352,0.03853118388184135,1
1346,2024[Zn][crb]3[ASR]3,0.935738,5.02281,6.2026,4580.36,0.655,0.699983,3192.352,0.0373325910179097,1
1344,2024[Zn][crb]3[ASR]16,0.935738,5.02102,6.20073,4580.14,0.6549,0.699876,3192.352,0.03684744956570746,1
960,2020[ZnGd][sqp]3[ASR]1,1.10693,3.7169,7.29121,4030.61,0.5764,0.520718,3580.548,0.03639065197086805,1
934,2020[Ni][dia]3[ASR]1,0.805392,7.05303,8.26266,5085.12,0.6284,0.780241,2120.94,0.03396262945782652,1
248,2016[Eu][kgd]2[ASR]1,1.48285,3.53945,4.39611,3656.35,0.4966,0.334897,1022.476,0.032601023866647594,1
726,2019[V][bpq]3[ASR]3,1.75338,2.40278,3.15426,3385.31,0.3852,0.21969,598.108,0.032175021289216066,1
935,2020[Ni][kgd]2[ASR]1,0.77079,4.78496,8.72752,5156.15,0.6311,0.81877,1067.887,0.03182371623343111,1
242,2016[CuSi][sql]2[ASR]1,1.63982,3.09268,4.36621,3627.12,0.4909,0.299362,2621.056,0.030816650151156477,1
673,2019[In][kgd]2[ASR]1,0.915941,4.1424,8.54135,4397.7,0.6198,0.676682,2591.366,0.02886925983356764,1
270,2016[Zn][hcb]2[ASR]1,0.90919,6.11236,7.74318,4572.0,0.6284,0.691165,11949.968,0.024554716973138435,1
1277,2023[V][sea]3[ASR]1,1.02943,5.01639,5.91852,4074.74,0.5818,0.565165,1376.784,0.024293257475221264,1
1013,2020[Zr][sod]3[ASR]1,0.345229,21.21992,38.91559,4317.51,0.8606,2.49284,17483.328,0.023589698876252715,1
201,2016[Cd][nan]3[ASR]30,1.32942,4.38816,5.58773,3804.28,0.525,0.394909,5529.366,0.02320546860842443,1
193,2015[Zr][ftw]3[ASR]2,0.403686,8.6537,21.35584,4425.86,0.8247,2.04292,3952.812,0.02310176930719246,1
153,2015[Eu][nan]3[ASR]1,1.41892,3.80467,5.16628,3686.04,0.4949,0.348787,4290.268,0.021177829460400532,1
164,2015[Sm][nan]3[ASR]1,1.40562,3.82297,5.11056,3696.87,0.498,0.354292,3074.556,0.01719436187929152,1
881,2020[Cu][sql]2[ASR]7,0.766394,3.55294,6.3821,5158.87,0.6519,0.850607,1695.864,0.01419778702984692,1
321,2017[Co][nan]3[ASR]1,0.898646,3.84459,8.43233,4391.2,0.6186,0.688369,6633.99,0.0132405372606626,1
1357,2024[Zn][nan]2[ASR]1,0.965113,4.80121,6.95837,4311.74,0.614,0.636195,2222.06,0.011107126240676168,1
563,2019[Cd][cem]2[ASR]1,1.21185,4.58476,8.5766,4021.83,0.5506,0.454345,3453.52,0.008944590085430637,1
365,2017[Cu][sql]2[ASR]2,1.03066,6.13394,8.68905,4437.56,0.6043,0.586321,8751.6,0.007329784731136824,1
91,2013[Zn][nan]3[ASR]2,1.38751,3.54033,5.86369,3798.93,0.5262,0.37924,1964.216,0.006283528671447658,1
1238,2023[Cu][nan]3[ASR]4,0.944758,4.58493,6.85707,4392.92,0.6256,0.66218,2958.54,0.0019892791029921253,1
262,2016[Sm][kgd]2[ASR]1,1.47588,3.55732,4.46757,3678.41,0.496,0.336071,718.548,0.0016026468678734251,1
537,2018[Zn][pcu]3[ASR]1,0.899946,4.24797,6.38251,4503.66,0.6433,0.714821,2665.088,0.0005080832059004003,1
1185,2022[Ni][kgd]2[ASR]2,0.815754,3.34396,9.93786,5067.52,0.6251,0.766285,945.721,-0.0026227878737839494,0
387,2017[Mn][kgm]2[ASR]1,1.46462,5.99852,7.37921,3747.3,0.4679,0.319468,1280.874,-0.003124029231335146,0
866,2020[Cu][nbo]3[ASR]1,0.979363,10.00815,10.63307,4824.56,0.5746,0.586708,1379.844,-0.004912471574217758,0
772,2019[Zn][utp]3[ASR]1,0.885577,7.31346,8.57244,4989.52,0.6178,0.697624,4071.152,-0.004976980696458411,0
864,2020[Cu][nan]2[ASR]3,0.783586,3.71343,6.17681,5177.16,0.6458,0.82416,1695.864,-0.006018481371911799,0
415,2017[Y][nia]3[ASR]1,1.03683,4.05011,6.89373,4120.7,0.5853,0.564508,1224.846,-0.008810826348303769,0
189,2015[Zn][sql]2[ASR]4,0.856826,8.36218,9.16744,5056.95,0.5994,0.699559,1564.344,-0.011769426719110132,0
103,2014[Co][nan]3[ASR]5,1.00691,4.56329,7.20709,4194.3,0.5907,0.586648,5584.494,-0.011877780450995579,0
1231,2023[Co][sql]2[ASR]1,1.09924,4.38783,7.12733,4102.31,0.5764,0.524363,1264.69,-0.015273624149312937,0
408,2017[Tb][nan]3[ASR]1,1.26291,5.74222,7.11031,3967.61,0.5337,0.422594,4028.106,-0.019443053924830644,0
95,2013[Zn][pcu]3[ASR]3,0.928568,5.55694,7.27195,4531.5,0.6232,0.671141,5018.208,-0.024263470907991136,0
591,2019[Ce][sql]2[ASR]1,1.5675,3.00698,4.06192,3599.95,0.4658,0.297161,2417.912,-0.026400173342885247,0
1140,2021[Zn][sqc]3[ASR]1,1.02219,6.45473,10.24751,4517.12,0.5869,0.574157,2626.32,-0.02999234233440712,0
1181,2022[Mn][sql]2[ASR]1,1.00781,5.08656,7.31163,4210.44,0.5839,0.579374,2871.688,-0.03135963321751828,0
367,2017[Cu][sql]2[ASR]4,0.793068,3.45944,6.17614,5162.35,0.6399,0.806867,1503.688,-0.036333773743552567,0
983,2020[Zn][nan]3[ASR]2,1.28971,3.98816,7.14217,3979.46,0.5503,0.426686,2275.136,-0.038849377606765156,0
159,2015[Nd][nan]3[ASR]1,1.35969,3.8892,5.30162,3775.13,0.5086,0.374057,3074.556,-0.039322568911987654,0
630,2019[Cu][nan]3[ASR]3,1.11923,6.15041,9.0116,4267.23,0.5683,0.50776,3681.216,-0.040148336556957986,0
649,2019[Dy][bnn]3[ASR]1,1.39151,3.49113,5.37902,3734.37,0.4973,0.357382,2017.624,-0.0426995840276162,0
596,2019[Co][hex]3[ASR]1,0.928459,4.86936,6.85186,4402.18,0.6143,0.661634,4550.62,-0.044038412605568455,0
1004,2020[Zn][tfz]3[ASR]2,0.95221,6.54298,9.63082,4630.38,0.5972,0.627173,9993.504,-0.04433841799787391,0
368,2017[Cu][sql]2[ASR]6,0.784156,3.56342,6.19896,5181.07,0.634,0.808512,3007.376,-0.04669896801612933,0
156,2015[InAg][sql]2[ASR]1,1.31283,4.31858,5.08172,3869.77,0.5322,0.405382,1206.46,-0.05290082490623549,0
682,2019[La][pcu]3[ASR]1,1.63094,3.68397,4.22205,3601.05,0.4503,0.276098,1908.452,-0.053278152183485084,0
658,2019[Eu][nan]2[ASR]1,2.04542,2.30309,3.00234,3370.32,0.3193,0.156105,1872.836,-0.05641153075516395,0
798,2020[Cd][nan]3[ASR]2,1.56842,2.97548,5.16376,3676.19,0.4804,0.306295,6533.956,-0.05668079886931737,0
1355,2024[Zn][hex]3[ASR]1,0.944033,4.32408,6.7635,4401.71,0.6171,0.653685,4297.768,-0.05775996122111654,0
928,2020[Mn][nan]3[ASR]3,1.55795,4.00141,4.84348,3567.52,0.4222,0.270997,1572.33,-0.06028327837925612,0
992,2020[Zn][nan]3[ASR]7,1.36643,2.68446,4.8256,3788.29,0.5235,0.383115,3522.28,-0.06049411438890945,0
150,2015[Cu][sql]2[ASR]1,0.859717,5.73094,7.78812,5212.03,0.6037,0.702208,6201.888,-0.062394466081032995,0
1176,2022[InCu][dia]3[ASR]1,1.17296,4.2915,7.91534,4068.96,0.5541,0.472395,11208.816,-0.06535534299622447,0
652,2019[Dy][sql]2[ASR]1,1.12346,3.96763,6.05861,4123.76,0.584,0.519824,1026.868,-0.06550328691293505,0
1184,2022[Ni][kgd]2[ASR]1,0.827768,3.23317,9.75366,5090.78,0.6082,0.734747,945.721,-0.06803906350172612,0
657,2019[Eu][bnn]3[ASR]1,1.33728,3.82256,5.53761,3805.92,0.5093,0.380848,2625.48,-0.07219511238218501,0
565,2019[Cd][cru]2[ASR]1,1.18259,4.20923,5.5387,4033.85,0.5645,0.477341,3453.52,-0.08092584233131217,0
1043,2021[Co][nan]3[ASR]2,1.13022,3.38644,6.08125,3975.52,0.5521,0.488489,1200.54,-0.08233013795980088,0
1042,2021[Co][nan]3[ASR]1,1.13744,4.64266,5.92374,3980.61,0.5429,0.477298,1200.54,-0.0826797529661274,0
765,2019[Zn][sql]2[ASR]6,1.04677,4.46537,8.93406,4276.16,0.5753,0.549598,1867.203,-0.08755157329540036,0
476,2018[Cd][sql]2[ASR]1,1.02975,5.95747,7.84304,4534.72,0.603,0.585579,2035.264,-0.09111445786165323,0
353,2017[Cu][nan]3[ASR]5,1.12272,4.157,8.60345,4287.45,0.5831,0.519366,3477.132,-0.09418266991314922,0
614,2019[Co][nan]3[ASR]9,1.07976,5.5954,8.53611,4178.8,0.5504,0.509743,4146.108,-0.09501329986412377,0
53,2010[Fe][bpq]3[ASR]1,1.56689,2.7165,2.85375,3563.27,0.4381,0.279598,943.84,-0.09605074266718516,0
683,2019[La][pcu]3[ASR]2,1.65025,3.53365,4.15852,3604.76,0.4406,0.266991,1908.452,-0.09647918138630113,0
768,2019[Zn][sql]2[ASR]9,0.837466,3.73826,6.36001,5113.45,0.6263,0.747851,1947.328,-0.09729514714891824,0
717,2019[Tb][bnn]3[ASR]1,1.38303,3.494,5.39685,3760.81,0.4922,0.355885,2653.324,-0.09932418459566816,0
299,2017[Cd][kgd]2[ASR]1,1.58081,3.91236,4.89423,3732.63,0.4828,0.305414,3918.892,-0.10343936474405202,0
1033,2021[Cd][tfz]3[ASR]1,1.04541,4.51584,6.60193,4297.43,0.5957,0.569824,2780.58,-0.1038529804145531,0
667,2019[Gd][bnn]3[ASR]1,1.37105,3.55411,5.42397,3776.46,0.4953,0.361255,2017.624,-0.10522646169628652,0
600,2019[Co][lcv]3[ASR]1,1.63923,2.61902,3.21867,3588.79,0.4467,0.272506,2528.368,-0.10565030199111822,0
266,2016[ZnFe][nan]2[ASR]1,1.0321,5.86263,6.8367,4320.52,0.5839,0.565741,3127.46,-0.10686506037041404,0
534,2018[Zn][nan]3[ASR]1,0.867685,5.68763,7.98999,4939.08,0.609,0.701868,3299.346,-0.10800747399531135,0
49,2008[ZnSi][nan]3[ASR]1,1.09901,4.94772,7.83042,4233.57,0.5707,0.519288,2444.752,-0.10931303953614041,0
933,2020[Ni][bey]2[ASR]1,0.863322,5.6192,7.09304,5091.84,0.6072,0.70333,1336.598,-0.11510299524876438,0
158,2015[Mn][sql]2[ASR]1,0.847701,5.77983,7.62243,5085.91,0.6015,0.709567,6133.024,-0.11510453214968536,0
806,2020[Cd][rtl]3[ASR]1,1.3512,2.44305,4.2692,3851.99,0.5364,0.39698,1570.612,-0.11835816717216563,0
579,2019[Cd][nan]3[ASR]5,1.60118,3.22965,4.98587,3695.53,0.4702,0.293658,4375.152,-0.11922884432796604,0
1320,2024[In][nan]3[ASR]1,1.20628,4.01309,5.19362,4005.18,0.5544,0.459594,5425.02,-0.1200849757576804,0
1246,2023[Fe][nan]2[ASR]1,0.865488,4.61511,7.21975,4745.82,0.6207,0.717167,5919.5,-0.12030223330805806,0
789,2020[AlFe][rna]3[ASR]1,1.516,3.37899,4.01296,3591.31,0.4264,0.281267,559.944,-0.12334770343658685,0
766,2019[Zn][sql]2[ASR]7,1.00105,4.17886,7.90809,4411.69,0.5964,0.595775,1779.179,-0.128855931443754,0
932,2020[NiMn][nan]3[ASR]1,1.22323,4.36709,5.68267,3934.83,0.526,0.430008,4951.686,-0.1329475467250582,0
803,2020[Cd][pcu]3[ASR]1,1.17602,7.44381,8.04641,4279.94,0.5455,0.463851,5095.324,-0.14125440045898707,0
125,2014[Zn][bcs]3[ASR]1,0.88298,6.23546,6.95347,5311.7,0.5705,0.646107,13224.576,-0.1414472488537018,0
313,2017[Cd][sql]2[ASR]4,0.898524,5.48121,7.32949,4918.88,0.6094,0.678224,824.104,-0.14202452948513805,0
16,0000[Er][pcu]3[ASR]1,1.50732,4.42994,5.73881,3698.77,0.4445,0.294895,1172.946,-0.14243607732978436,0
799,2020[Cd][nan]3[ASR]3,1.18247,6.4263,8.05402,4243.59,0.5497,0.464873,3574.12,-0.14521831765560145,0
545,2018[Zn][sql]2[ASR]7,0.95214,5.76264,8.16609,4989.73,0.5974,0.627429,1847.128,-0.1473463191641518,0
592,2019[CoMg][hex]3[ASR]1,0.905268,4.62255,6.68369,4594.79,0.6122,0.676264,4412.108,-0.15447023019113953,0
131,2014[Zn][sql]2[ASR]1,0.882708,3.76979,5.08449,5126.98,0.62,0.702384,1807.2,-0.1587746617106362,0
930,2020[Mn][sql]2[ASR]1,1.00775,5.18807,7.76931,4401.68,0.5817,0.577226,921.446,-0.15942358143054608,0
674,2019[In][mcm]2[ASR]1,1.13415,4.58056,8.59967,4263.05,0.5624,0.495879,6465.696,-0.15974433094887514,0
814,2020[Co][cds]3[ASR]1,0.993824,5.50673,7.89703,4510.34,0.5886,0.592258,4739.608,-0.1617434274557666,0
425,2017[Zn][dia]3[ASR]5,1.06105,8.58831,9.54271,4799.0,0.56,0.527781,3312.476,-0.16224836013595428,0
452,2017[Zn][unc]3[ASR]1,0.993165,5.49683,5.87971,4583.39,0.6107,0.614903,978.316,-0.1670136507196947,0
685,2019[La][sql]2[ASR]1,1.62617,3.04239,4.0329,3612.98,0.4261,0.262027,3673.272,-0.16904137117277096,0
105,2014[CuNd][nan]3[ASR]1,1.51042,5.73185,6.32079,3790.26,0.4521,0.299321,8258.448,-0.17246195848313578,0
483,2018[Co][nan]3[ASR]1,1.03176,5.21011,9.602,4392.13,0.5606,0.543341,7060.54,-0.17402376318206886,0
567,2019[Cd][fsc]3[ASR]1,1.11086,5.12294,7.52807,4295.56,0.5688,0.512037,3232.95,-0.175070019731353,0
942,2020[Sc][nan]3[ASR]1,0.953061,3.86499,7.14846,4372.42,0.5898,0.618848,1144.97,-0.17695068527496044,0
12,0000[Cu][apo]3[ASR]1,1.10662,3.49272,4.35727,4157.76,0.5847,0.528368,2462.016,-0.17847694072076492,0
1127,2021[Zn][nan]3[ASR]11,1.28059,3.47962,5.28302,4047.4,0.5569,0.434879,1709.224,-0.18095638033823047,0
568,2019[Cd][hcb]2[ASR]1,1.37375,3.74205,4.77123,4001.8,0.5488,0.399491,1346.344,-0.1812027517717576,0
1039,2021[Co][ant]3[ASR]1,1.30423,2.77295,4.33288,3801.03,0.4997,0.383139,3005.028,-0.1835289530206119,0
73,2013[Cd][nan]3[ASR]7,1.32744,4.15466,5.4831,3952.25,0.5248,0.395347,2608.116,-0.18384572154939,0
195,2016[Ag][nan]3[ASR]1,1.89554,4.61648,5.32854,3595.62,0.3799,0.200418,2071.866,-0.18573497310683773,0
294,2017[Cd][bey]2[ASR]1,1.0546,5.01483,7.53249,4442.52,0.5858,0.555473,2231.236,-0.18578600787357863,0
564,2019[Cd][cem]2[ASR]2,1.30533,3.64645,7.34755,3992.68,0.523,0.400665,3453.52,-0.1885128650254288,0
1329,2024[Ni][sql]2[ASR]1,0.886769,4.07252,6.47966,4828.69,0.6163,0.694995,1887.996,-0.18925060389838494,0
167,2015[Ti][sql]2[ASR]1,1.34829,3.48843,4.05757,3830.7,0.5044,0.374103,404.195,-0.1897574656819781,0
1362,2024[Zn][pcu]3[ASR]3,1.2079,4.69219,8.10628,4192.07,0.5481,0.453764,8088.124,-0.19259901195462198,0
354,2017[Cu][nan]3[ASR]6,1.13364,3.94723,7.48031,4246.96,0.5687,0.501659,3477.132,-0.19395911590855924,0
997,2020[Zn][pcu]3[ASR]2,1.0131,8.38551,9.16655,5098.19,0.5451,0.538053,2335.7,-0.19732288501794543,0
1219,2023[Cd][fes]2[ASR]1,0.972281,6.36846,7.60521,4767.22,0.5894,0.606203,3148.112,-0.19835633746424447,0
423,2017[Zn][dia]3[ASR]3,1.07479,8.59358,10.02166,4770.14,0.5449,0.506981,3312.476,-0.2004747050297349,0
544,2018[Zn][sql]2[ASR]6,0.962909,5.65901,7.56109,4968.47,0.5917,0.614492,1847.128,-0.200652076244549,0
705,2019[Ni][hcb]2[ASR]1,0.939898,6.26661,7.09445,5117.93,0.5788,0.615811,1004.414,-0.20270847911990303,0
697,2019[Nd][flu]3[ASR]1,1.0797,5.62691,7.64543,4317.43,0.5594,0.518107,1051.122,-0.20529415843141058,0
99,2014[Co][dmc]3[ASR]1,1.18083,3.3044,4.59157,3968.14,0.5371,0.45485,1048.456,-0.20554774812599752,0
196,2016[Ag][nan]3[ASR]2,1.86031,4.67365,5.5038,3623.64,0.3859,0.207439,2071.866,-0.20619993172302326,0
157,2015[Mn][nan]3[ASR]3,0.988654,2.20659,9.90635,5287.09,0.5489,0.555199,3441.096,-0.2089746947787246,0
369,2017[Cu][sqp]2[ASR]1,0.920981,3.44737,7.21493,4903.73,0.6074,0.659514,4064.44,-0.21550131239033793,0
1000,2020[Zn][sql]2[ASR]2,1.09315,4.42222,4.99177,4284.83,0.5859,0.535975,1238.334,-0.2162516062364272,0
1250,2023[Ho][nan]3[ASR]1,1.25996,3.60083,5.74333,4022.95,0.5381,0.427077,2257.232,-0.21728731422169673,0
1071,2021[Cu][sql]2[ASR]7,0.989302,4.46906,5.80093,4482.76,0.6009,0.607398,1783.896,-0.2178138779510141,0
188,2015[Zn][sql]2[ASR]3,0.911355,5.37104,7.81305,4955.5,0.5863,0.643327,3128.688,-0.2191247901627454,0
243,2016[Cu][hcb]2[ASR]1,0.985614,6.44141,6.99619,4731.29,0.5888,0.597394,1799.652,-0.21962504666774846,0
720,2019[Tb][nan]3[ASR]4,1.40117,3.23236,6.36586,3829.4,0.4802,0.342714,6955.856,-0.2201105677256452,0
37,2007[Zn][nan]3[ASR]2,1.2255,3.08135,4.95649,4098.25,0.5651,0.461116,3848.432,-0.22015616923738834,0
276,2016[Zn][nan]3[ASR]7,0.951977,5.57065,6.92787,4967.64,0.5928,0.622704,3758.448,-0.22027595066830946,0
1036,2021[Cd][tfz]3[ASR]4,1.07512,3.62578,5.8322,4289.8,0.5854,0.544495,1506.37,-0.22102321334236968,0
1070,2021[Cu][sql]2[ASR]6,0.358334,7.90551,12.24169,5217.53,0.8303,2.31711,2112.472,-0.22151422825837536,0
297,2017[Cd][hcb]2[ASR]1,0.994083,4.05625,6.81139,4462.16,0.5925,0.596027,1211.898,-0.22568700009784431,0
1296,2024[Cd][nan]3[ASR]2,1.37583,3.74929,5.33307,3919.64,0.5117,0.371922,2989.172,-0.22571581492631065,0
1049,2021[Co][rtl]3[ASR]1,1.20818,2.65196,4.36261,3918.2,0.5256,0.435036,1200.54,-0.2294317020228363,0
36,2007[Zn][nan]3[ASR]1,1.26993,2.40607,4.69949,4037.12,0.5572,0.438765,3848.432,-0.23065367236880235,0
1240,2023[Er][nan]3[ASR]1,1.28565,3.36448,5.80583,3998.66,0.5308,0.412864,1597.512,-0.23175838769813178,0
97,2014[Cd][rtl]3[ASR]1,0.921866,3.72709,7.73666,4810.89,0.5993,0.650094,3137.552,-0.2333757726094317,0
1035,2021[Cd][tfz]3[ASR]3,1.12421,4.87187,7.4322,4306.11,0.5616,0.499552,2780.58,-0.23556395611898845,0
588,2019[Cd][ths]3[ASR]1,1.39764,4.21863,6.15386,3994.93,0.5191,0.371411,2446.792,-0.23713547003794166,0
833,2020[Co][nan]3[ASR]5,1.04794,7.43378,9.22018,4541.9,0.5446,0.519687,3626.552,-0.2372441312956724,0
863,2020[Cu][nan]2[ASR]2,1.62361,3.75448,5.31593,3811.87,0.4754,0.292805,12197.408,-0.23793463762492562,0
981,2020[Zn][nan]3[ASR]18,1.81941,2.7368,3.70129,3630.65,0.4174,0.229415,897.796,-0.23815067385186378,0
862,2020[Cu][nan]2[ASR]1,1.62361,3.76448,5.3167,3811.89,0.4748,0.292435,12197.408,-0.23979143987137247,0
582,2019[Cd][nan]3[ASR]8,1.04806,4.71224,8.29671,4595.24,0.583,0.556263,7042.644,-0.24118587417147724,0
1034,2021[Cd][tfz]3[ASR]2,1.11589,4.9423,7.43893,4333.79,0.5623,0.503902,2780.58,-0.24778962463966142,0
424,2017[Zn][dia]3[ASR]4,1.0858,8.25093,8.91351,4829.86,0.5486,0.505249,3312.476,-0.25040293609004777,0
68,2012[Zn][bcs]3[ASR]1,1.0177,3.47534,5.57526,4336.33,0.5872,0.576985,5274.76,-0.25417004108625424,0
1237,2023[Cu][nan]3[ASR]3,1.30013,5.73813,7.28525,4069.46,0.5066,0.389653,4379.816,-0.25452401318523615,0
617,2019[Co][rtl]3[ASR]1,1.15956,2.43002,4.39606,4004.61,0.544,0.469145,1212.556,-0.2553192582747966,0
1041,2021[Co][flu]3[ASR]1,1.3602,3.57765,4.47548,3808.27,0.4736,0.348183,2324.784,-0.2621077734802578,0
187,2015[Zn][sql]2[ASR]2,0.958171,4.82447,6.21847,4843.06,0.5986,0.624732,1083.664,-0.2629501358371577,0
1097,2021[Mn][sql]2[ASR]1,0.991129,4.77985,5.88533,4438.91,0.5829,0.588117,2038.992,-0.2687484921725259,0
661,2019[Eu][nan]3[ASR]5,1.38038,3.10195,6.45419,3892.05,0.4891,0.354321,6872.324,-0.26994150574263515,0
448,2017[Zn][sql]2[ASR]2,0.951715,4.87008,6.21655,5170.98,0.5717,0.600705,1512.278,-0.2699652632911819,0
660,2019[Eu][nan]3[ASR]4,1.38038,3.10195,6.45419,3892.08,0.4891,0.354321,6872.324,-0.2699809861255193,0
1260,2023[Sc][bpq]3[ASR]2,0.933059,5.46835,5.71201,4665.62,0.5932,0.635758,1124.972,-0.2700387080603643,0
970,2020[Zn][nan]2[ASR]1,0.935651,4.67007,6.10347,4656.67,0.5952,0.636135,1847.118,-0.2752062539970242,0
1287,2023[Zn][nan]3[ASR]16,1.4371,3.73177,4.41773,3919.84,0.5076,0.353211,1835.968,-0.27803994211198035,0
186,2015[Zn][sql]2[ASR]1,0.958222,4.90468,6.21817,4842.71,0.5937,0.619585,1083.664,-0.28205580303407546,0
1242,2023[Eu][nan]2[ASR]1,1.20574,4.49012,5.95997,4141.06,0.5401,0.44794,1414.964,-0.2828308511145515,0
101,2014[Co][nan]3[ASR]14,1.4088,2.20537,4.52036,3784.36,0.4716,0.334752,3593.344,-0.28300008973214624,0
581,2019[Cd][nan]3[ASR]7,1.06139,4.40841,8.51869,4584.53,0.5743,0.541085,7042.644,-0.28312001910051304,0
1108,2021[SiMn][kgd]2[ASR]1,0.994731,3.24957,6.5621,4386.48,0.5806,0.583675,3677.88,-0.2848705629037384,0
1186,2022[Ni][nan]3[ASR]1,1.1092,6.19081,6.8055,4390.28,0.5545,0.499911,1311.808,-0.2893131518458321,0
206,2016[Co][nan]3[ASR]24,1.17377,4.1796,5.91368,4088.79,0.5294,0.451027,4791.6,-0.2923564372466109,0
74,2013[Cd][nan]3[ASR]8,1.40487,3.96855,5.63906,3941.08,0.4975,0.354126,5216.232,-0.29462281050224715,0
1293,2024[Cd][nan]2[ASR]2,1.65278,3.43816,4.75221,3778.54,0.4544,0.27493,4655.16,-0.2949443183485237,0
496,2018[Cu][kgm]2[ASR]2,1.18701,5.20127,6.76836,4262.79,0.5458,0.45981,1714.188,-0.29755320836801774,0
1259,2023[Sc][bpq]3[ASR]1,0.951349,5.34971,5.81948,4623.92,0.5856,0.615547,1124.972,-0.3001162919034815,0
1201,2022[Zn][pcu]3[ASR]1,0.967358,3.57844,5.39172,4567.68,0.5998,0.620039,2015.1,-0.30064822603304836,0
916,2020[Mg][nan]3[ASR]2,0.97996,4.57999,11.52985,4859.28,0.5401,0.551145,21324.552,-0.3022310362068856,0
432,2017[Zn][muo]3[ASR]1,0.343786,25.1026,26.74314,4195.81,0.8738,2.5417,6517.17,-0.3032751734145428,0
72,2013[Cd][nan]3[ASR]6,1.37492,3.97203,5.6211,3946.32,0.4959,0.360676,2608.116,-0.3068769649376678,0
615,2019[Co][pcu]3[ASR]1,0.956026,5.4487,6.02974,4671.61,0.5835,0.610339,2261.628,-0.3085188757134472,0
22,0000[Tb][nan]3[ASR]1,1.95241,2.77615,3.29699,3579.14,0.3402,0.174246,2772.996,-0.3104203600819683,0
1150,2022[Cd][nan]3[ASR]1,1.2959,5.29154,6.52646,4124.47,0.5177,0.39949,3553.72,-0.31608703565801816,0
820,2020[Co][mab]3[ASR]1,1.01495,5.27665,7.50262,4561.65,0.5658,0.557466,3794.512,-0.32054286702966,0
1324,2024[Mn][pcu]3[ASR]1,1.05845,5.25242,6.88278,4321.43,0.5457,0.515563,3522.376,-0.3234795900632102,0
964,2020[Zn][dia]3[ASR]1,1.04759,3.8424,5.10958,4571.36,0.5975,0.570354,1358.464,-0.324334832981709,0
796,2020[Cd][kgd]2[ASR]2,1.14101,3.97395,6.17283,4274.19,0.5575,0.488603,1664.478,-0.325866539834149,0
624,2019[Cu][lcv]3[ASR]1,1.14002,5.70552,8.44171,4457.16,0.5452,0.478236,5710.992,-0.3263898292480602,0
531,2018[Ni][sql]2[ASR]2,0.963414,5.65582,7.08035,4911.05,0.5679,0.589466,1820.38,-0.32811812819369884,0
1368,2024[Zn][sra]3[ASR]1,1.00542,4.83588,7.28441,5071.48,0.56,0.556982,4103.0,-0.33233116965331105,0
742,2019[Zn][lvt]3[ASR]1,0.977105,3.60732,4.75652,5239.36,0.5617,0.574861,7549.088,-0.3332140938287382,0
1029,2021[Cd][pts]3[ASR]1,1.19721,3.57159,4.67027,4190.13,0.5573,0.465501,1939.016,-0.334602893696153,0
123,2014[Mn][nan]3[ASR]6,1.38601,2.31075,4.54087,3842.77,0.4769,0.344081,3561.384,-0.3404129576294844,0
1248,2023[Gd][nan]3[ASR]1,1.24666,3.36495,5.5188,4106.48,0.5345,0.428747,1597.512,-0.3424817065819336,0
61,2012[Cd][uoc]3[ASR]1,1.06856,6.18728,7.19339,4778.0,0.5643,0.528096,4550.944,-0.34271477951922996,0
926,2020[Mn][kgd]2[ASR]1,0.970864,5.10877,7.62045,4865.8,0.5661,0.583089,2277.408,-0.3428998621420914,0
492,2018[Co][sql]2[ASR]1,0.955836,5.68887,7.14429,4792.68,0.5664,0.59257,1821.34,-0.3431478186835311,0
135,2015[Cd][nan]2[ASR]1,1.64404,3.76343,5.93837,3815.48,0.4411,0.268303,1666.744,-0.34401245460348523,0
379,2017[In][nan]2[ASR]1,1.62926,4.49731,4.79099,3798.61,0.4351,0.267055,820.09,-0.34432109189779087,0
623,2019[Cu][kgd]2[ASR]1,1.23935,3.20296,5.39437,4099.41,0.5338,0.43071,1459.024,-0.3487797103087206,0
609,2019[Co][nan]3[ASR]4,1.03663,5.37504,9.07824,4618.05,0.5472,0.527864,3432.582,-0.3522664482955366,0
474,2018[Cd][sod]3[ASR]1,1.26217,3.04996,5.35859,4146.41,0.545,0.431794,8320.224,-0.3528784534873627,0
595,2019[Co][hcb]2[ASR]1,0.961571,6.36755,6.67043,5004.71,0.5529,0.574997,972.832,-0.35289199337535954,0
1054,2021[CuMn][tfz]3[ASR]2,0.986844,5.39916,7.3738,4747.29,0.5629,0.570404,3182.47,-0.36473425114564734,0
433,2017[Zn][nan]2[ASR]2,0.980922,4.58686,6.62075,4917.83,0.5704,0.581494,4026.884,-0.3697677523589357,0
532,2018[Zn][acs]3[ASR]1,1.35647,5.34202,6.61919,4126.11,0.5052,0.372437,1744.346,-0.37127340939376713,0
96,2014[Ag][ths]3[ASR]1,1.11065,4.37971,6.03937,4469.14,0.5691,0.512403,1765.596,-0.37602871166817814,0
574,2019[Cd][kgd]2[ASR]3,0.973127,3.23146,7.14024,4875.99,0.5745,0.590365,999.442,-0.37889000817515023,0
1124,2021[Zn][nan]2[ASR]1,1.13982,5.57369,6.77378,4418.13,0.546,0.479022,1034.87,-0.3810974622081626,0
1055,2021[Cu][bex]2[ASR]1,1.05286,5.05883,6.66742,4653.86,0.5665,0.538057,2681.892,-0.3880648920805328,0
1171,2022[Eu][hcb]2[ASR]2,1.15355,3.3369,5.14634,4237.94,0.5508,0.477481,2824.112,-0.3955163649099533,0
541,2018[Zn][sql]2[ASR]1,1.00765,3.9361,7.01447,4959.93,0.5622,0.55793,8037.4,-0.39973119825967734,0
1082,2021[Eu][pcu]3[ASR]1,1.91618,2.80356,3.32877,3646.87,0.3439,0.179472,2745.152,-0.39974943197586427,0
160,2015[Ni][nan]3[ASR]1,1.05682,2.20734,9.03942,5163.33,0.5256,0.497339,3463.626,-0.39990136498458123,0
1051,2021[Co][sql]2[ASR]2,1.00269,5.11966,6.03818,4712.26,0.5688,0.567273,1773.428,-0.4000965891414056,0
566,2019[Cd][dia]3[ASR]1,1.05613,3.41102,5.38573,4437.67,0.5718,0.541411,2586.476,-0.4039677344566131,0
762,2019[Zn][sit]3[ASR]1,1.02207,3.96686,7.35718,5005.61,0.5539,0.541939,4135.148,-0.4052780215896526,0
70,2012[Zn][nia]3[ASR]1,1.15816,6.51869,7.44079,4415.06,0.5241,0.452527,1618.824,-0.40640216816473834,0
260,2016[Ni][neb]3[ASR]3,1.11327,5.47053,6.5166,5249.42,0.5127,0.460537,1532.116,-0.4082513428312367,0
100,2014[Co][nan]2[ASR]2,1.02464,4.55032,6.07203,5167.1,0.5368,0.523894,2142.116,-0.41410859739941325,0
318,2017[Co][gra]3[ASR]1,1.03874,7.39369,8.08564,4968.98,0.5157,0.496468,6622.128,-0.4194907096930431,0
689,2019[Mg][nan]2[ASR]2,0.962945,5.48781,5.831,4911.17,0.5576,0.579057,1462.217,-0.4201114720984706,0
1152,2022[Cd][pcu]3[ASR]1,1.02792,4.35738,6.92977,4858.05,0.5602,0.544984,2948.44,-0.42734050879162605,0
1234,2023[CuTi][nan]3[ASR]1,1.11021,4.91034,5.85613,4600.94,0.5647,0.508642,5488.256,-0.42888133346574026,0
1196,2022[Zn][nan]3[ASR]3,1.12818,3.29127,7.41769,4499.66,0.558,0.494601,2366.1,-0.4298065419782306,0
585,2019[Cd][tfz]3[ASR]1,1.18064,3.82169,6.08521,4293.96,0.5418,0.458902,1584.56,-0.430612886152086,0
390,2017[Mn][sql]2[ASR]2,1.00193,5.206,6.69457,4842.57,0.5546,0.553533,1693.034,-0.43091700989186515,0
473,2018[Cd][pcu]3[ASR]1,1.35951,3.56404,4.68347,4039.39,0.5033,0.370206,2416.05,-0.4356769480513329,0
1032,2021[Cd][sql]2[ASR]2,1.1485,3.76933,5.23124,4434.11,0.5654,0.492293,1095.532,-0.4357309396565206,0
529,2018[Ni][nan]3[ASR]5,1.14401,3.82086,5.82343,4289.47,0.5413,0.473161,1969.59,-0.43652574727124954,0
319,2017[Co][hcb]2[ASR]1,0.99702,5.22817,6.75522,4765.83,0.554,0.555656,7157.28,-0.43656392108770853,0
497,2018[Cu][nan]2[ASR]1,1.01468,3.47283,5.72932,5157.86,0.5403,0.532482,4536.82,-0.4389013416610063,0
538,2018[Zn][pcu]3[ASR]15,1.07991,4.13951,6.2005,4551.61,0.5625,0.520878,3902.824,-0.4402133420800168,0
573,2019[Cd][kgd]2[ASR]2,1.52516,3.00983,4.68355,3898.98,0.4632,0.303706,767.284,-0.44355267074347143,0
753,2019[Zn][pcu]3[ASR]1,1.50833,3.81051,4.71283,3936.5,0.4682,0.310409,2022.408,-0.44429891702995344,0
434,2017[Zn][nan]2[ASR]5,1.11639,5.89466,8.75197,4873.93,0.5268,0.471878,2143.284,-0.44446786278982847,0
67,2012[Zn][acs]3[ASR]5,1.7796,2.37503,2.8652,3778.2,0.4299,0.241571,400.862,-0.4450027992544739,0
104,2014[Co][sql]2[ASR]1,1.32509,4.32552,5.40194,4033.83,0.4855,0.366389,3475.478,-0.4453620993549399,0
13,0000[Cu][hex]3[ASR]1,1.24166,4.98552,6.74324,4257.86,0.5169,0.416296,3841.236,-0.4454279848153138,0
261,2016[Ni][neb]3[ASR]4,1.11832,5.80296,6.79813,5145.77,0.5153,0.460778,1524.052,-0.45014354264800954,0
66,2012[Zn][acs]3[ASR]4,1.77399,2.3898,2.87955,3786.87,0.4311,0.243011,400.862,-0.45333088680216843,0
1095,2021[Mn][nan]2[ASR]2,1.03368,5.24567,6.06802,4542.45,0.5493,0.531401,1558.148,-0.4540105674516968,0
399,2017[Ni][sql]2[ASR]1,1.06415,4.65274,5.75291,4446.51,0.5493,0.516185,1296.338,-0.4557173766508274,0
625,2019[Cu][lcv]3[ASR]2,1.1655,5.17766,8.43006,4522.27,0.5291,0.45397,5710.992,-0.4574868040879417,0
389,2017[Mn][sql]2[ASR]1,1.02117,5.0965,6.48596,4816.33,0.5521,0.540655,1697.066,-0.45896019471132116,0
1030,2021[Cd][pts]3[ASR]2,1.06943,5.28189,5.95163,4598.84,0.5526,0.516724,1602.132,-0.46158107154899436,0
65,2012[Zn][acs]3[ASR]3,1.76481,2.40897,2.9024,3800.27,0.4342,0.246032,400.862,-0.4628311395874805,0
1119,2021[Zn][bcg]3[ASR]1,1.11663,2.65955,5.6368,4391.46,0.5593,0.500883,4547.704,-0.4635800743998874,0
420,2017[Zn][apo]3[ASR]1,1.12099,3.38465,6.74432,4434.43,0.5497,0.49037,3789.456,-0.4651993872836753,0
526,2018[Ni][nan]3[ASR]2,1.12276,3.9441,5.64685,4354.75,0.5447,0.485143,3939.18,-0.46552893897099573,0
671,2019[In][bpq]3[ASR]1,1.14337,5.51296,6.1189,4413.61,0.5328,0.465989,1190.586,-0.4702708141461301,0
830,2020[Co][nan]3[ASR]2,1.18156,4.17766,5.84936,4172.92,0.5095,0.431211,3163.666,-0.47133368600103737,0
63,2012[Co][sqp]3[ASR]2,1.47192,3.85484,5.16079,3911.21,0.4459,0.302938,2152.784,-0.4725829703764976,0
703,2019[Ni][fes]2[ASR]1,1.13249,3.87274,7.26486,4394.35,0.5354,0.472764,5336.492,-0.4727788438590846,0
1204,2022[Zn][pcu]3[ASR]4,1.04643,3.43305,6.69981,4692.53,0.5609,0.536012,2836.698,-0.47491514886171654,0
730,2019[ZnSi][pcu]3[ASR]1,1.62116,2.92499,3.85884,3832.66,0.4328,0.266969,1358.192,-0.4754352857665772,0
1183,2022[Ni][crb]3[ASR]1,1.02529,3.73668,6.25769,4628.95,0.5597,0.545894,1816.268,-0.4782062077443326,0
755,2019[Zn][pcu]3[ASR]3,1.10163,3.79239,6.29302,4605.12,0.5592,0.50761,3117.36,-0.4813461371471088,0
1280,2023[Zn][kgd]2[ASR]2,1.60928,3.48777,4.59876,3889.08,0.4443,0.276086,922.016,-0.4815547444525969,0
1002,2020[Zn][sql]2[ASR]4,1.13418,4.05612,5.00072,4444.92,0.5561,0.490309,1282.436,-0.4817823146119397,0
761,2019[Zn][pts]3[ASR]3,1.54267,3.19677,4.93021,3891.52,0.4445,0.288136,2244.352,-0.4831778047776963,0
1235,2023[CuTi][nan]3[ASR]2,1.12043,4.88875,5.78782,4599.46,0.5536,0.494096,2744.128,-0.4851197648060657,0
388,2017[Mn][pcu]3[ASR]1,1.35105,2.27921,4.23989,4098.92,0.5205,0.385257,759.956,-0.4860063970479738,0
391,2017[Mn][sql]2[ASR]3,1.02111,5.10273,6.5807,4815.33,0.5449,0.533636,1693.034,-0.4863974525104629,0
1307,2024[Co][sql]2[ASR]1,0.999745,3.76937,5.74995,5181.93,0.5187,0.518832,3267.28,-0.4868634156848792,0
362,2017[Cu][rtl]3[ASR]1,1.18538,2.48914,4.30499,4243.19,0.5451,0.459853,1231.008,-0.48817271859969386,0
642,2019[Cu][rtl]3[ASR]3,1.34725,2.54328,4.23173,4024.17,0.4977,0.369419,1290.952,-0.4905254569117861,0
688,2019[Mg][nan]2[ASR]1,0.990973,5.11652,6.1478,4872.76,0.5442,0.549157,1462.217,-0.49060900858817474,0
771,2019[Zn][tfz]3[ASR]1,1.27922,3.89874,6.8271,4199.29,0.5055,0.395163,2528.668,-0.4946150601574129,0
611,2019[Co][nan]3[ASR]6,0.994093,3.91144,5.14458,5031.4,0.5459,0.549144,3218.724,-0.4947494785545285,0
794,2020[Cd][hcb]2[ASR]2,1.44129,3.39718,4.17764,4033.85,0.4935,0.342402,793.282,-0.49523917031762504,0
616,2019[Co][pcu]3[ASR]2,1.08616,3.88478,5.40279,4438.01,0.5496,0.506004,3065.784,-0.4970244145420784,0
92,2013[Zn][nan]3[ASR]3,1.26745,3.26241,4.56202,4227.25,0.5334,0.420846,2212.484,-0.5007222814314987,0
644,2019[Cu][sql]2[ASR]3,1.00861,2.87932,6.02458,4945.13,0.5531,0.548378,2212.228,-0.5010237257107897,0
980,2020[Zn][nan]3[ASR]17,1.1595,3.77846,5.70571,4473.26,0.5521,0.476153,4665.52,-0.501596707416119,0
335,2017[Co][qtz]3[ASR]1,1.17603,4.04962,4.89409,4294.16,0.533,0.453221,2677.491,-0.5064139843790445,0
998,2020[Zn][qtz]3[ASR]1,1.28441,7.05601,7.93137,4564.92,0.5057,0.393721,1018.848,-0.508643568883377,0
138,2015[Cd][sql]2[ASR]1,1.11534,3.57485,5.2608,4808.48,0.5641,0.505765,921.656,-0.5094204734396872,0
781,2019[Zr][pts]3[ASR]1,1.53864,4.5909,5.1747,3813.24,0.3692,0.239953,1287.452,-0.5114917271874253,0
641,2019[Cu][rtl]3[ASR]2,1.31546,2.66662,4.33454,4052.62,0.4978,0.378423,1290.952,-0.5137091343266,0
197,2016[Cd][kgd]2[ASR]1,1.0597,5.44523,6.35549,5072.95,0.5146,0.48561,975.364,-0.5140446769865776,0
850,2020[CuSi][pcu]2[ASR]1,1.13663,5.80628,6.60595,4622.79,0.5328,0.468752,2392.056,-0.5144391802506882,0
815,2020[Co][fsc]3[ASR]1,1.18268,3.8908,5.8676,4270.35,0.5209,0.44044,2629.54,-0.5161282906421749,0
71,2012[Zn][sql]2[ASR]1,1.15045,5.14355,5.74177,4355.61,0.5222,0.453911,809.412,-0.5171559688336671,0
1134,2021[Zn][nan]3[ASR]5,1.23569,4.16511,6.36088,4335.97,0.5251,0.424945,8780.456,-0.518447532306155,0
959,2020[Yb][nan]3[ASR]1,1.75432,2.63681,3.77892,3778.63,0.3843,0.219059,3242.928,-0.5222915510453612,0
739,2019[Zn][hcb]2[ASR]1,1.1772,3.80351,4.17002,4477.2,0.5592,0.475024,1158.208,-0.5228711447265642,0
728,2019[Yb][nan]2[ASR]1,1.32706,3.83418,4.69516,4035.23,0.4768,0.359289,2462.484,-0.5243069842965462,0
1289,2023[Zn][nan]3[ASR]18,1.1164,3.87214,6.02667,4516.2,0.5467,0.489701,7520.448,-0.5244165962093932,0
25,0000[Zn][nan]3[ASR]1,1.3658,6.11281,7.05111,4260.05,0.4831,0.353713,2268.528,-0.530419903666177,0
877,2020[Cu][sql]2[ASR]3,1.07871,4.54984,5.84288,4698.33,0.5477,0.507736,1591.588,-0.5329484315358382,0
836,2020[Co][nan]3[ASR]8,1.28942,3.54214,5.09434,4064.87,0.4822,0.373966,1938.938,-0.533956794690498,0
985,2020[Zn][nan]3[ASR]21,1.48338,4.624,5.20335,4129.51,0.4894,0.329923,1110.004,-0.5346403113759228,0
1270,2023[Sc][nan]3[ASR]6,1.24511,2.86917,3.68742,4077.12,0.5009,0.402294,984.696,-0.5353413649704515,0
859,2020[Cu][kgm]2[ASR]1,1.3407,6.20824,6.78992,4279.11,0.4858,0.362347,1624.386,-0.5381137848887383,0
504,2018[Cu][sit]3[ASR]1,1.34639,6.0353,6.3761,4230.13,0.4823,0.358217,1551.09,-0.5384101208859358,0
1265,2023[Sc][nan]3[ASR]13,1.24544,2.85339,3.69099,4077.91,0.5003,0.401707,984.696,-0.5390586535025097,0
1263,2023[Sc][nan]3[ASR]11,1.2451,2.86039,3.67957,4080.28,0.5006,0.402057,984.696,-0.5404441059304361,0
1323,2024[Mn][nan]3[ASR]1,1.26355,4.95141,5.62283,4130.67,0.478,0.3783,2361.056,-0.5409816646072183,0
810,2020[Cd][sql]2[ASR]3,1.06706,3.78773,5.62241,5056.7,0.5284,0.495194,2130.796,-0.5426046756351712,0
1269,2023[Sc][nan]3[ASR]5,1.24421,2.85713,3.68528,4083.06,0.5003,0.402104,984.696,-0.5445212531824237,0
1172,2022[Eu][nan]3[ASR]1,1.45236,3.1049,4.84089,3993.19,0.4654,0.320443,5787.152,-0.5446325951847533,0
1266,2023[Sc][nan]3[ASR]2,1.24405,2.85238,3.68505,4084.79,0.5004,0.402236,984.696,-0.5461121277109013,0
1264,2023[Sc][nan]3[ASR]12,1.24458,2.83821,3.68508,4083.13,0.4999,0.401662,984.696,-0.5468567196932965,0
1273,2023[Sc][nan]3[ASR]9,1.24491,2.82312,3.68045,4086.23,0.5002,0.401795,984.696,-0.5495831774456461,0
1086,2021[Gd][sql]2[ASR]1,1.43296,3.65042,4.94697,4054.8,0.4771,0.332948,2802.464,-0.5500009451299737,0
1262,2023[Sc][nan]3[ASR]10,1.24359,2.8413,3.69075,4086.92,0.4999,0.401982,984.696,-0.5505700649782661,0
1271,2023[Sc][nan]3[ASR]7,1.24332,2.86683,3.69089,4088.36,0.5,0.402149,984.696,-0.5508368132801262,0
1272,2023[Sc][nan]3[ASR]8,1.24295,2.85364,3.69083,4088.39,0.5,0.40227,984.696,-0.5512775892156638,0
1268,2023[Sc][nan]3[ASR]4,1.24158,2.84095,3.69677,4090.96,0.5005,0.403116,984.696,-0.5521412887262047,0
475,2018[Cd][sod]3[ASR]2,1.38339,2.82859,4.50069,4119.98,0.5043,0.364539,4160.112,-0.5524493403230364,0
54,2010[Zn][pts]3[ASR]1,1.25542,3.16837,3.79393,4381.85,0.5515,0.439296,1182.032,-0.5527828190879533,0
788,2020[Ag][pts]3[ASR]1,1.21648,3.21819,5.40456,4327.36,0.5317,0.437081,684.732,-0.5536872121780716,0
1364,2024[Zn][sql]2[ASR]1,1.08589,3.54522,5.59737,4625.6,0.5514,0.507788,2183.304,-0.553917774949864,0
1267,2023[Sc][nan]3[ASR]3,1.24179,2.84027,3.69657,4091.71,0.5002,0.402806,984.696,-0.5541838363979603,0
1056,2021[Cu][dia]3[ASR]1,1.06374,3.36613,4.58508,5149.15,0.5176,0.486586,1687.88,-0.5548846156092497,0
1261,2023[Sc][nan]3[ASR]1,1.24223,2.84087,3.68909,4091.56,0.5,0.402502,984.696,-0.5550412893114267,0
628,2019[Cu][nan]3[ASR]1,1.4695,5.0332,5.76302,4090.65,0.4636,0.315482,1434.192,-0.5556427419613912,0
465,2018[Cd][dia]3[ASR]4,1.19526,5.30608,6.45434,4618.76,0.5307,0.444004,2059.296,-0.5567262907671651,0
19,0000[Ho][bey]2[ASR]1,1.19108,3.53205,5.61617,4377.55,0.5333,0.447747,2793.768,-0.5568708825262763,0
417,2017[ZnSi][nan]3[ASR]1,1.28641,3.57964,6.17602,4267.53,0.5132,0.398939,3619.052,-0.5571327311462175,0
1025,2021[Cd][nan]3[ASR]2,1.15762,2.84838,7.74736,4551.84,0.5346,0.46181,3245.172,-0.5601895134097503,0
996,2020[Zn][nbo]3[ASR]3,0.330726,12.12454,22.41586,4333.68,0.8668,2.6209,18896.784,-0.5637210719568264,0
1281,2023[Zn][nan]3[ASR]10,1.40463,3.41668,5.99546,4162.1,0.4948,0.352264,2861.812,-0.5641353358736931,0
858,2020[Cu][hbt]2[ASR]1,1.47054,3.60346,5.05011,4128.1,0.4933,0.335454,5336.904,-0.5650089536526621,0
495,2018[Cu][kgm]2[ASR]1,1.37823,4.75262,6.59257,4177.5,0.4781,0.346894,1714.188,-0.5669053096054033,0
869,2020[Cu][nbo]3[ASR]4,0.328096,12.15893,22.56317,4300.16,0.8706,2.65349,18808.752,-0.5691463066558715,0
729,2019[Yb][nan]2[ASR]2,1.33415,3.61543,4.74117,4058.51,0.4728,0.354384,2522.544,-0.5732300871851264,0
754,2019[Zn][pcu]3[ASR]2,1.46672,4.01863,5.16294,4148.25,0.4911,0.334828,2723.076,-0.5735967549615673,0
1149,2022[Cd][nan]2[ASR]2,1.14817,5.50156,6.73321,5144.02,0.4781,0.416402,3789.56,-0.5750989964004518,0
1222,2023[Cd][nan]3[ASR]1,1.24351,2.6058,5.28539,4221.07,0.5148,0.413991,1987.14,-0.5755297311020324,0
525,2018[Ni][nan]3[ASR]1,1.25713,3.49043,4.97379,4197.03,0.5052,0.401869,1865.438,-0.576668765317385,0
880,2020[Cu][sql]2[ASR]6,1.08736,3.78765,4.49861,4584.3,0.551,0.506731,1867.584,-0.5767406519879856,0
528,2018[Ni][nan]3[ASR]4,1.25721,3.49278,4.95721,4209.86,0.5071,0.403354,1865.438,-0.5804049596016481,0
839,2020[Co][nbo]3[ASR]2,0.323808,12.16772,22.51791,4302.02,0.8657,2.6735,18587.328,-0.5829853534286047,0
517,2018[Mn][nan]3[ASR]1,1.07797,3.67382,5.46663,4510.09,0.5386,0.499644,3634.432,-0.5839583383284019,0
268,2016[Zn][dia]3[ASR]1,1.13028,4.26969,5.60587,4772.62,0.5408,0.478466,3533.696,-0.5839946148805137,0
1103,2021[Ni][nan]3[ASR]1,1.28204,3.81554,5.09421,4180.16,0.4957,0.386651,2061.566,-0.5862167381230066,0
267,2016[Zn][acs]3[ASR]1,1.66069,3.13994,3.44023,4007.79,0.47,0.283014,801.724,-0.58802158683902,0
994,2020[Zn][nan]3[ASR]9,1.36836,5.60275,7.08404,4320.57,0.4864,0.355463,3282.588,-0.5883836041022144,0
797,2020[Cd][kgd]2[ASR]3,1.31121,4.01438,6.74587,4242.38,0.4925,0.375606,2796.548,-0.5884437277296042,0
350,2017[Cu][hcb]2[ASR]2,1.14721,3.56887,4.24981,5195.11,0.4961,0.432439,1727.756,-0.5927401844149729,0
338,2017[Co][sql]2[ASR]3,1.06296,4.81479,5.75075,4800.59,0.5304,0.498983,1066.818,-0.5936616463301327,0
1161,2022[Cu][bnn]3[ASR]1,1.71659,3.53651,4.45053,3841.19,0.3716,0.216476,3174.784,-0.5937941295421698,0
124,2014[Ni][gra]3[ASR]1,1.07407,3.21461,5.21245,5110.24,0.5097,0.474551,2909.624,-0.594952280641756,0
527,2018[Ni][nan]3[ASR]3,1.29332,3.6731,5.35437,4175.93,0.4909,0.379566,1925.498,-0.5997348794544082,0
422,2017[Zn][dia]3[ASR]1,1.11292,3.76627,5.45121,4872.69,0.5367,0.482246,2127.64,-0.5998670670021222,0
801,2020[Cd][nan]3[ASR]6,1.34974,2.35076,4.48119,4158.14,0.5043,0.373628,1862.848,-0.6034527347915446,0
1073,2021[Cu][sql]2[ASR]9,1.14452,4.99366,7.11342,5056.21,0.4888,0.427077,1952.008,-0.6035786128492011,0
1243,2023[Eu][nan]2[ASR]2,1.23839,4.52351,5.99447,4320.91,0.5031,0.406252,6644.776,-0.6051430720416142,0
176,2015[Zn][kgd]2[ASR]1,1.19117,3.68797,5.66795,4471.39,0.5313,0.446033,1566.824,-0.6057217449059431,0
466,2018[Cd][dia]3[ASR]5,1.19499,4.62248,6.27815,4557.99,0.5247,0.439083,2059.296,-0.6061322539170588,0
199,2016[Cd][nan]2[ASR]2,1.20577,5.69086,6.98842,4624.77,0.5086,0.421806,2263.558,-0.6147897515255583,0
274,2016[Zn][nan]3[ASR]14,1.10689,4.56374,6.15612,4833.35,0.5229,0.472407,2778.676,-0.6174218209256459,0
696,2019[Mn][srs]3[ASR]1,1.08115,4.00185,5.49175,4500.48,0.5277,0.48809,3602.496,-0.6177212375247465,0
467,2018[Cd][dia]3[ASR]6,1.19718,4.65207,6.19232,4535.71,0.5207,0.434937,2059.296,-0.6195748934714536,0
139,2015[Cd][sql]2[ASR]2,1.19781,3.92289,5.91589,4683.9,0.5345,0.446232,1867.12,-0.6216885516950021,0
211,2016[Co][sql]2[ASR]1,1.06612,3.83515,5.60825,4781.06,0.533,0.499943,2783.994,-0.6237867521929501,0
1213,2022[Zn][sql]2[ASR]7,1.20811,3.41765,4.79095,5245.3,0.4624,0.382748,943.644,-0.6247948172371411,0
868,2020[Cu][nbo]3[ASR]3,0.323188,12.55234,22.78188,4312.33,0.8719,2.69781,18808.752,-0.6259602383913836,0
756,2019[Zn][pcu]3[ASR]4,1.17237,5.89259,6.99406,4869.11,0.4982,0.42495,1867.112,-0.6268054165355936,0
757,2019[Zn][pcu]3[ASR]5,1.17359,5.88543,6.8872,4927.53,0.4937,0.420676,1967.232,-0.6274581747891934,0
300,2017[Cd][kgd]2[ASR]2,1.75271,3.10375,4.17984,3862.41,0.377,0.215096,823.304,-0.6290280655482818,0
320,2017[Co][nan]2[ASR]1,1.47031,4.04475,4.22259,3987.19,0.4281,0.291163,1324.628,-0.6390812995495885,0
832,2020[Co][nan]3[ASR]4,1.09146,3.56652,5.79247,4610.91,0.5295,0.485129,7189.248,-0.6438924558384,0
867,2020[Cu][nbo]3[ASR]2,0.320875,12.81334,22.95364,4314.86,0.8712,2.71508,18808.752,-0.6456528902092153,0
530,2018[Ni][sql]2[ASR]1,1.11829,4.56547,5.75139,4729.89,0.5231,0.467768,2000.368,-0.6458748944380652,0
143,2015[Co][nan]2[ASR]1,1.59981,3.10256,4.09445,3879.89,0.38,0.237528,1341.413,-0.6460153652929754,0
793,2020[Cd][hcb]2[ASR]1,1.25706,2.65279,4.71211,5254.93,0.4506,0.358454,1602.344,-0.6478469279016383,0
178,2015[Zn][nan]2[ASR]2,1.66435,4.27733,5.02343,3972.73,0.409,0.245741,1677.396,-0.6485424568911622,0
1053,2021[CuMn][tfz]3[ASR]1,1.09022,3.69565,6.15938,4709.13,0.5256,0.482103,3182.47,-0.6493442075521483,0
505,2018[Cu][sql]2[ASR]1,1.10967,3.1183,6.09567,4799.08,0.5275,0.475365,9215.272,-0.6511303163765212,0
734,2019[Zn][cag]3[ASR]1,1.21021,2.42053,4.50991,4640.04,0.547,0.451989,3192.352,-0.6535734600146155,0
601,2019[Co][nan]2[ASR]1,1.2779,2.86275,5.09885,4152.28,0.4805,0.376008,1260.632,-0.6542452214264372,0
1072,2021[Cu][sql]2[ASR]8,1.13227,3.80324,5.7392,5061.8,0.4942,0.436467,1976.04,-0.6546440352370022,0
1069,2021[Cu][sql]2[ASR]5,1.1346,3.90947,5.09034,4671.68,0.5319,0.468801,2482.364,-0.6553576095343137,0
18,0000[Fe][nbo]3[ASR]1,0.319335,12.32727,22.61205,4346.82,0.8664,2.71314,18439.104,-0.6587149034647453,0
743,2019[Zn][mog]3[ASR]1,1.12986,3.54831,4.78136,4944.91,0.5198,0.460059,3101.792,-0.6640543846259883,0
1129,2021[Zn][nan]3[ASR]13,1.26612,3.83987,5.00517,4353.48,0.5086,0.4017,1214.424,-0.667800454322313,0
823,2020[Co][nan]2[ASR]3,1.10096,3.24914,7.30168,4650.6,0.5142,0.467047,3218.332,-0.6678926034281008,0
889,2020[Er][nan]3[ASR]1,1.68864,2.78999,3.91696,3911.11,0.3962,0.234627,3242.928,-0.668809132732973,0
1151,2022[Cd][nuc]3[ASR]1,1.10193,3.88669,4.92889,4962.18,0.5114,0.464094,3573.256,-0.6715503645740328,0
744,2019[Zn][mog]3[ASR]2,1.17803,3.87036,5.55265,4956.79,0.5083,0.431485,6203.584,-0.6740501710053972,0
1063,2021[Cu][pcu]3[ASR]1,1.15333,4.43281,5.9997,4877.69,0.5084,0.44081,1923.868,-0.6741110364513838,0
888,2020[Dy][nan]3[ASR]1,1.68514,2.61462,3.50566,3920.98,0.4044,0.23998,3242.928,-0.6757804717872227,0
909,2020[Ho][nan]3[ASR]1,1.68858,2.88228,3.90377,3914.44,0.3936,0.233095,4562.368,-0.6759192440457762,0
767,2019[Zn][sql]2[ASR]8,1.12778,2.17974,4.82279,5055.99,0.5023,0.445387,973.664,-0.6807992623472019,0
735,2019[Zn][cag]3[ASR]2,1.24583,2.35878,4.4092,4607.41,0.5416,0.43473,3192.352,-0.681128549546598,0
259,2016[Ni][nbo]3[ASR]1,1.16211,5.80469,7.28288,4680.38,0.4877,0.419666,3018.93,-0.6823758864629061,0
937,2020[Ni][nbo]3[ASR]1,0.31856,12.83641,22.80759,4351.32,0.8694,2.72916,18575.808,-0.687998362560476,0
1064,2021[Cu][pcu]3[ASR]2,1.14995,4.44747,5.9978,4869.51,0.5043,0.43854,1923.868,-0.6911446935979815,0
177,2015[Zn][nan]2[ASR]1,1.69475,4.13385,4.81229,3982.0,0.3988,0.235315,1677.396,-0.693479164964369,0
929,2020[Mn][nbo]3[ASR]1,0.317955,12.16855,22.45958,4400.98,0.8626,2.71296,18395.568,-0.6945714827402671,0
142,2015[Co][hcb]2[ASR]1,1.11202,3.38627,5.79147,5021.2,0.4909,0.44145,2521.944,-0.6955752664995967,0
845,2020[Co][sql]2[ASR]3,1.11271,4.26436,5.54258,4766.91,0.5132,0.461217,1266.964,-0.6993111912129326,0
590,2019[Ce][scu]3[ASR]1,1.44395,2.98094,4.48703,4050.39,0.442,0.306104,1114.988,-0.700378044198052,0
1230,2023[Co][nan]3[ASR]2,1.11602,4.19206,5.72074,4573.3,0.5099,0.456892,2495.822,-0.7044629983637047,0
741,2019[Zn][hcb]2[ASR]3,1.14357,3.34143,4.82272,4967.56,0.5055,0.442036,943.596,-0.7074671148184037,0
558,2019[Al][bpq]3[ASR]4,1.46151,2.23649,2.73344,3936.44,0.4049,0.277042,1448.984,-0.7076020937906147,0
1257,2023[Ni][dia]3[ASR]1,1.26015,3.7032,4.96892,4367.43,0.5024,0.398683,665.858,-0.7083688743927659,0
575,2019[Cd][nan]2[ASR]1,1.17917,4.37375,5.43492,4716.17,0.513,0.435053,2708.352,-0.7103249922592787,0
1141,2021[Zn][sql]2[ASR]2,1.17555,4.33636,6.17587,4693.95,0.5073,0.431544,1794.972,-0.7103416629750956,0
400,2017[Ni][sql]2[ASR]2,1.17221,3.33074,4.70193,4461.75,0.5165,0.440621,1246.278,-0.7104415618311639,0
946,2020[Tb][nan]3[ASR]1,1.67209,2.77635,3.92287,3961.36,0.4052,0.242332,4514.328,-0.712728662095838,0
1062,2021[Cu][nbo]3[ASR]2,0.312648,13.16055,23.7754,4310.99,0.8747,2.79772,18808.752,-0.7154993768542046,0
684,2019[La][scu]3[ASR]1,1.445,2.93319,4.54141,4043.9,0.4338,0.300208,1392.798,-0.7169151297403984,0
961,2020[Zn][bbf]3[ASR]1,1.25677,3.42918,4.55007,5158.45,0.4569,0.363551,1943.316,-0.7178010609241832,0
1297,2024[Cd][nan]3[ASR]3,1.27529,2.9067,4.67032,4345.11,0.5058,0.396616,1899.116,-0.7178025400737309,0
333,2017[Co][pcu]3[ASR]1,1.20211,3.54072,5.26792,4384.0,0.5005,0.416352,2601.5,-0.7179924083730713,0
1021,2021[Cd][hcb]2[ASR]1,1.27175,3.56763,7.27924,4446.33,0.4909,0.386004,1582.288,-0.7180385962663745,0
578,2019[Cd][nan]3[ASR]4,1.50984,3.27191,4.68432,4084.06,0.4438,0.293938,1816.874,-0.7198670304418382,0
48,2008[Cu][pcu]3[ASR]1,1.27729,1.99329,5.16617,4296.7,0.4995,0.391063,2831.4,-0.7210750909855461,0
769,2019[Zn][sqp]3[ASR]1,1.20725,3.31256,5.38302,4564.32,0.5171,0.428329,2353.052,-0.7214326665390736,0
366,2017[Cu][sql]2[ASR]3,1.17524,4.7768,5.86525,4675.52,0.5028,0.427827,2736.936,-0.7219029616728436,0
1050,2021[Co][sql]2[ASR]1,1.17146,3.65398,5.8476,5094.44,0.4622,0.39455,2798.516,-0.7220368707583737,0
296,2017[Cd][dia]3[ASR]2,1.2809,5.25252,6.19416,4435.35,0.481,0.375518,5415.392,-0.7237226751915307,0
1221,2023[Cd][nan]2[ASR]1,1.27081,2.87184,5.00815,4315.39,0.4971,0.391167,2043.248,-0.7247915163020642,0
846,2020[Co][sql]2[ASR]4,1.12404,4.23874,5.38325,4765.54,0.5075,0.451495,1266.964,-0.728489417924846,0
1026,2021[Cd][pcu]3[ASR]1,1.18926,2.31026,5.61702,4681.49,0.5218,0.438762,2327.468,-0.7287666975794402,0
271,2016[Zn][kgd]2[ASR]1,1.18629,2.68384,5.23122,4547.83,0.5194,0.437834,2709.18,-0.7290593386084454,0
1040,2021[Co][dia]3[ASR]1,1.31584,4.03611,4.49053,4203.35,0.4662,0.354299,1524.852,-0.7320920870347143,0
445,2017[Zn][pcu]3[ASR]5,1.19856,3.25271,6.30323,4741.62,0.5086,0.424341,2387.53,-0.7330104452747339,0
745,2019[Zn][mog]3[ASR]3,1.20302,3.48633,4.95199,4954.49,0.4987,0.414539,3101.792,-0.7344530929337012,0
905,2020[Gd][nan]3[ASR]1,1.66716,2.8511,3.8644,3974.87,0.3989,0.239268,3242.928,-0.7403767529577021,0
543,2018[Zn][sql]2[ASR]3,1.29828,3.40153,5.12746,5186.8,0.4234,0.326123,967.658,-0.7414768363548538,0
170,2015[Zn][dia]3[ASR]2,1.3408,5.14827,6.32905,5090.81,0.4327,0.322718,1742.98,-0.7475177542396734,0
1225,2023[Cd][rtl]3[ASR]1,1.3165,3.47458,4.63001,4359.9,0.4971,0.377591,1101.532,-0.7475695315378819,0
764,2019[Zn][sql]2[ASR]1,1.23878,3.52897,5.28574,5101.5,0.4556,0.36778,2447.976,-0.7501128967740951,0
1232,2023[Co][sql]2[ASR]2,1.13099,2.57739,4.29532,4537.59,0.5194,0.459245,702.448,-0.7523066586002065,0
254,2016[La][sql]2[ASR]1,1.38344,3.15211,4.64894,4185.07,0.463,0.334672,2357.216,-0.7573194206167579,0
27,0000[Zn][nan]3[ASR]4,1.15822,3.34242,4.47172,4754.81,0.5139,0.443698,1762.96,-0.7609355146990131,0
394,2017[Ni][dia]3[ASR]3,1.25034,3.51885,4.97777,4456.84,0.5014,0.401011,605.798,-0.7627340881891598,0
746,2019[Zn][mog]3[ASR]4,1.21861,3.71503,5.05403,4943.78,0.4892,0.401439,6203.584,-0.7634254769848197,0
200,2016[Cd][nan]2[ASR]3,1.23484,4.7304,6.80101,4712.18,0.484,0.391954,2319.666,-0.7649513097581855,0
1218,2023[Cd][dmp]3[ASR]1,1.15375,2.17298,5.41278,4770.48,0.5109,0.442818,2555.864,-0.7669458112411882,0
1024,2021[Cd][nan]2[ASR]2,1.19222,3.4667,4.92385,4591.97,0.5092,0.427102,1217.848,-0.7676276253536627,0
1,0000[Co][nan]2[ASR]1,1.07248,3.39533,5.3689,4709.77,0.5046,0.470498,1351.242,-0.7680107951163684,0
144,2015[Co][sql]2[ASR]1,1.20751,5.90955,7.28209,4720.16,0.4612,0.381942,2457.932,-0.7710299209766007,0
314,2017[Cd][sql]2[ASR]5,1.28843,3.87041,5.28806,4361.72,0.4813,0.373556,3764.48,-0.7746220859579995,0
709,2019[Ni][nan]3[ASR]4,1.24538,3.7016,5.39072,4431.4,0.4903,0.393695,2518.006,-0.7764915083489823,0
874,2020[Cu][rob]3[ASR]2,1.33688,5.75806,6.02392,4554.06,0.4729,0.353734,1139.032,-0.7786380132992843,0
361,2017[Cu][rob]3[ASR]4,1.2733,5.55557,6.2648,4822.11,0.4688,0.368176,2342.236,-0.7827984837188018,0
312,2017[Cd][sql]2[ASR]3,1.23008,3.08674,5.24595,4876.83,0.495,0.402413,2267.584,-0.7846178568560891,0
892,2020[Eu][nan]3[ASR]1,1.65352,2.85484,3.85178,4021.09,0.4032,0.243844,4458.64,-0.7849227219917678,0
1292,2024[Cd][dia]3[ASR]1,1.20139,3.92412,5.78772,4896.37,0.4811,0.400452,1438.192,-0.7850037502815621,0
277,2016[Zn][sql]2[ASR]1,1.24339,3.29167,4.96746,5082.74,0.4504,0.362234,5023.696,-0.7858237883942956,0
225,2016[Co][sql]2[ASR]22,1.37912,3.19006,4.44001,4100.43,0.4254,0.308458,335.225,-0.7926213873312715,0
1224,2023[Cd][pts]3[ASR]1,1.32351,4.76453,5.47945,4394.05,0.4698,0.354966,1057.692,-0.7941500329126512,0
569,2019[Cd][hcb]2[ASR]2,1.36333,2.29452,5.83043,5133.54,0.4163,0.305355,5687.92,-0.7943032572348738,0
327,2017[Co][nan]3[ASR]4,1.19937,4.10518,5.27279,4507.29,0.4893,0.407965,2701.616,-0.7951372738380893,0
1241,2023[Eu][mog]3[ASR]1,1.49898,2.63463,5.13688,4078.23,0.4154,0.277123,1306.876,-0.7961399890407659,0
635,2019[Cu][pcu]3[ASR]1,1.26602,3.34018,4.9727,5005.28,0.4665,0.368479,4832.568,-0.8041634663534207,0
1001,2020[Zn][sql]2[ASR]3,1.20147,4.26061,4.95611,4862.92,0.4822,0.40134,923.564,-0.8079016580043568,0
62,2012[Co][dia]3[ASR]3,1.22723,3.40774,4.26728,5061.48,0.4517,0.368064,958.826,-0.8093848362819709,0
6,0000[Co][nan]3[ASR]6,1.17021,5.10639,7.0044,4677.15,0.4636,0.396168,2026.863,-0.8099429039654698,0
337,2017[Co][sql]2[ASR]2,1.20567,3.33407,4.49037,4542.57,0.5005,0.415123,988.448,-0.8104632396744091,0
471,2018[Cd][nan]3[ASR]5,1.33995,3.6545,5.99886,4356.18,0.4668,0.348371,1474.2,-0.812215315716504,0
962,2020[Zn][bey]2[ASR]1,1.2193,4.14554,5.02744,4750.2,0.4906,0.402363,997.464,-0.8136123044703938,0
1122,2021[Zn][fsc]3[ASR]2,1.19759,2.91463,6.40262,4898.33,0.4721,0.394207,1103.774,-0.8150396245244045,0
636,2019[Cu][pcu]3[ASR]2,1.16809,3.53471,4.2937,4879.56,0.4882,0.417947,2188.104,-0.815131652230056,0
3,0000[Co][nan]3[ASR]11,1.17401,4.89728,7.26419,4675.95,0.4615,0.393096,4053.726,-0.8161950079320457,0
279,2017[Ag][dia]3[ASR]1,1.37041,3.54801,4.58322,4301.32,0.4688,0.342088,4677.496,-0.8179026769198012,0
1318,2024[Fe][bpq]3[ASR]1,1.75621,3.63914,3.7988,3997.99,0.3072,0.174922,944.316,-0.8181918612162702,0
1367,2024[Zn][sql]2[ASR]4,1.24597,3.9287,4.46768,5017.78,0.4561,0.366061,2255.484,-0.8186497934061974,0
427,2017[Zn][dia]3[ASR]7,1.29059,2.44126,5.27871,5112.72,0.4169,0.32303,3312.68,-0.8193305455907747,0
50,2009[Zn][nan]3[ASR]4,1.24197,4.87553,5.09137,4820.82,0.4758,0.3831,1586.828,-0.8204563465005896,0
804,2020[Cd][pcu]3[ASR]2,1.26932,3.58233,5.23604,4944.89,0.4679,0.368623,1650.428,-0.826076579910384,0
9,0000[Co][nan]3[ASR]9,1.17214,4.9258,7.03832,4677.82,0.4602,0.392615,2026.863,-0.8273442279229708,0
944,2020[Sm][nan]3[ASR]1,1.62431,2.81988,3.56066,4068.45,0.41,0.252416,3242.928,-0.8274148499010285,0
1028,2021[Cd][pcu]3[ASR]3,1.44002,2.86341,5.2984,4270.74,0.4605,0.319788,4102.144,-0.8285399728833462,0
822,2020[Co][nan]2[ASR]2,1.1714,3.28319,4.94435,4497.32,0.4888,0.417279,1887.65,-0.8297023952211036,0
1353,2024[Zn][fes]2[ASR]1,1.26663,4.42765,5.60433,4635.63,0.4806,0.379433,1750.88,-0.8319076262370875,0
1295,2024[Cd][nan]2[ASR]4,1.37981,4.02325,5.48967,4334.85,0.4582,0.332075,4614.776,-0.8334593667726662,0
740,2019[Zn][hcb]2[ASR]2,1.26621,2.89927,5.58511,5001.14,0.4522,0.35713,2835.888,-0.8336990564290638,0
1144,2021[Zn][tfz]3[ASR]1,1.2956,3.47141,6.98314,4522.24,0.471,0.363539,3381.066,-0.8360530644408641,0
693,2019[Mg][sql]2[ASR]1,1.13852,3.96455,5.32403,4778.59,0.4797,0.421336,5289.224,-0.8369074133999617,0
973,2020[Zn][nan]3[ASR]10,1.49695,5.23684,7.25206,4334.86,0.4214,0.281506,1791.618,-0.8371980453326902,0
226,2016[Co][sql]2[ASR]23,1.20938,3.83048,5.01231,4555.42,0.4859,0.401776,335.225,-0.8385106089200465,0
818,2020[Co][hxl]2[ASR]1,1.33738,2.96153,4.3442,4237.58,0.4551,0.340293,1930.954,-0.8389870229388019,0
2,0000[Co][nan]3[ASR]10,1.17907,4.885,6.95063,4670.75,0.458,0.388442,2026.863,-0.839784010113966,0
336,2017[Co][sql]2[ASR]1,1.21542,3.24192,5.25609,4983.54,0.4542,0.373697,4859.52,-0.8408454630284925,0
7,0000[Co][nan]3[ASR]7,1.18172,4.92736,6.98788,4662.36,0.4566,0.386387,2026.863,-0.8414338327372757,0
1147,2022[Cd][dia]3[ASR]1,1.19099,2.88381,3.91481,4756.26,0.4991,0.419063,1229.968,-0.8415401676945069,0
229,2016[Co][sql]2[ASR]26,1.21131,3.82569,5.00222,4547.56,0.4845,0.39998,335.225,-0.842627860744374,0
927,2020[Mn][nan]3[ASR]1,1.2077,3.22907,4.93668,4446.36,0.4815,0.398692,2749.684,-0.8432070021671492,0
426,2017[Zn][dia]3[ASR]6,1.30022,2.45009,5.23063,5091.76,0.4113,0.316332,3312.68,-0.8447196686037626,0
1327,2024[Ni][fes]2[ASR]1,1.21444,4.10654,5.38432,4771.64,0.4773,0.393022,1792.256,-0.8453763956419245,0
217,2016[Co][sql]2[ASR]15,1.21106,3.81318,5.0117,4587.11,0.4854,0.400805,335.225,-0.8463095392374964,0
4,0000[Co][nan]3[ASR]4,1.15589,5.06226,6.56429,4757.67,0.4539,0.392685,2020.935,-0.8470144107540405,0
963,2020[Zn][bey]2[ASR]2,1.41658,2.88512,4.82527,4287.0,0.4619,0.326066,2352.632,-0.8472807239214342,0
816,2020[Co][fsc]3[ASR]2,1.17078,3.02712,6.23989,4769.3,0.4763,0.406823,2189.824,-0.8492411218312281,0
149,2015[Cu][pcu]2[ASR]1,1.27215,3.12754,3.74076,4675.03,0.5007,0.393586,555.942,-0.8497522744325863,0
482,2018[Co][fsc]3[ASR]1,1.23641,3.82584,4.62849,4467.94,0.4795,0.387816,940.66,-0.8498138716526253,0
451,2017[Zn][sql]3[ASR]2,1.27769,3.09213,5.81954,4559.91,0.4835,0.378416,2333.438,-0.8502768174533222,0
1294,2024[Cd][nan]2[ASR]3,1.26922,3.02217,4.23261,4694.56,0.4977,0.39213,10275.192,-0.8504665561302003,0
230,2016[Co][sql]2[ASR]27,1.20975,3.83127,5.06943,4579.53,0.4829,0.399172,335.225,-0.851963513563609,0
805,2020[Cd][pcu]3[ASR]3,1.2824,3.91049,5.18268,4888.33,0.4662,0.363538,1650.428,-0.8533134970941836,0
1067,2021[Cu][sql]2[ASR]2,1.27691,3.65245,4.32549,4735.23,0.4902,0.383894,1255.84,-0.8538259788809643,0
1148,2022[Cd][fes]2[ASR]1,1.52682,2.89129,4.35154,4179.58,0.4361,0.285626,1776.86,-0.8543884979085143,0
809,2020[Cd][sql]2[ASR]2,1.23174,2.39609,5.06314,4768.19,0.4898,0.39765,1434.08,-0.8546466734934499,0
431,2017[Zn][lon]3[ASR]1,1.19694,2.15382,4.94333,4775.63,0.4901,0.409462,2211.404,-0.8560004958825536,0
1314,2024[Cu][srs]3[ASR]1,1.24497,4.50637,5.05871,4704.09,0.4761,0.38242,1811.668,-0.8572874889667161,0
223,2016[Co][sql]2[ASR]20,1.33765,3.48002,4.41293,4224.48,0.4398,0.328786,335.225,-0.8573892808888377,0
213,2016[Co][sql]2[ASR]11,1.21108,3.83079,4.47889,4541.6,0.4836,0.399312,335.225,-0.8586765834479884,0
326,2017[Co][nan]3[ASR]3,1.18055,2.10397,5.41284,4626.85,0.4905,0.415483,2197.648,-0.8590977338852099,0
238,2016[Co][sql]2[ASR]6,1.20751,3.82974,5.01845,4554.83,0.4794,0.397015,335.225,-0.8616709931341802,0
1123,2021[Zn][hcb]2[ASR]1,1.22503,3.24728,5.32631,4749.71,0.4815,0.393051,1488.22,-0.8622747067001844,0
879,2020[Cu][sql]2[ASR]5,1.27306,3.01258,3.91646,4885.73,0.4795,0.376651,4596.504,-0.8629997833679275,0
216,2016[Co][sql]2[ASR]14,1.24876,3.75144,4.57518,4392.99,0.4678,0.37461,335.225,-0.8630791623153622,0
450,2017[Zn][sql]2[ASR]4,1.23333,3.43895,4.38161,4921.79,0.4659,0.377758,887.528,-0.8636267816521357,0
1031,2021[Cd][sql]2[ASR]1,1.44416,2.55192,3.93642,4252.31,0.458,0.317139,3653.92,-0.8652502955015726,0
8,0000[Co][nan]3[ASR]8,1.19411,4.79465,6.87655,4648.44,0.4498,0.376682,2026.863,-0.872336746773126,0
161,2015[Ni][sql]2[ASR]1,1.38292,2.74134,3.57076,5103.2,0.3823,0.276443,1074.402,-0.8728941359863636,0
844,2020[Co][sql]2[ASR]2,1.18114,2.41092,4.8313,4929.72,0.4613,0.390554,1327.118,-0.8741624567199968,0
821,2020[Co][nan]2[ASR]1,1.18543,3.20688,5.42155,4851.34,0.4662,0.393274,2245.932,-0.8741866414221808,0
227,2016[Co][sql]2[ASR]24,1.39895,2.95132,4.17733,4144.4,0.4141,0.296007,335.225,-0.8746157717682859,0
204,2016[Co][ant]3[ASR]1,1.24631,3.49219,5.03354,4521.85,0.4772,0.38289,4382.668,-0.8750872529864397,0
817,2020[Co][hex]3[ASR]1,1.29389,3.73957,5.52498,4396.47,0.4573,0.35343,1746.045,-0.8761875425810277,0
428,2017[Zn][dia]3[ASR]8,1.24594,3.36088,4.23572,4597.8,0.4875,0.391271,1858.984,-0.8764005635293473,0
1371,2024[Zn][ths]3[ASR]1,1.23899,3.55129,4.49807,4761.47,0.4807,0.387977,906.406,-0.8768046621914016,0
303,2017[Cd][lon]3[ASR]1,1.2961,2.48236,5.38434,4475.58,0.4783,0.369031,2399.54,-0.8770365783538931,0
109,2014[Cu][dia]3[ASR]3,1.30126,4.32975,4.76997,4545.99,0.4722,0.36288,1759.512,-0.8791980844072491,0
5,0000[Co][nan]3[ASR]5,1.19044,4.96028,6.53077,4661.17,0.4483,0.376582,2032.911,-0.8813784109278258,0
1258,2023[Ni][sql]2[ASR]1,1.31539,3.48764,4.20008,4458.66,0.4771,0.362706,1364.028,-0.8815322687689224,0
215,2016[Co][sql]2[ASR]13,1.22399,3.81534,4.43028,4532.13,0.4763,0.389138,335.225,-0.8849180351015533,0
273,2016[Zn][nan]2[ASR]2,1.53087,4.41841,6.08351,4306.27,0.4252,0.277751,4881.34,-0.8851994359001789,0
219,2016[Co][sql]2[ASR]17,1.27853,3.56419,4.30982,4368.8,0.4613,0.360804,335.225,-0.886608604511886,0
398,2017[Ni][sqc]3[ASR]1,1.20986,3.3599,4.99445,4773.34,0.4738,0.391617,4369.312,-0.8866744809775031,0
110,2014[Cu][dia]3[ASR]4,1.30952,4.25475,4.69509,4539.18,0.471,0.359673,1759.512,-0.8870214360496234,0
843,2020[Co][rob]3[ASR]1,1.18713,3.38724,5.62438,4706.16,0.471,0.396754,2165.54,-0.8892503979901538,0
228,2016[Co][sql]2[ASR]25,1.41979,2.83454,3.89254,4130.7,0.4041,0.284619,335.225,-0.8904360482227243,0
1066,2021[Cu][sql]2[ASR]1,1.23582,3.48311,4.69915,4858.21,0.4641,0.375541,3679.584,-0.8913662460962766,0
232,2016[Co][sql]2[ASR]29,1.22317,3.70136,4.737,4567.79,0.4747,0.388089,335.225,-0.8930755701296784,0
1308,2024[Co][sql]2[ASR]2,1.23449,3.9773,4.47376,4883.13,0.4556,0.36906,2229.696,-0.895141062410562,0
214,2016[Co][sql]2[ASR]12,1.2148,3.80872,4.42497,4543.57,0.4739,0.390107,335.225,-0.8953676999002136,0
570,2019[Cd][hcb]2[ASR]3,1.38089,2.81906,4.90778,4480.28,0.4759,0.344634,1963.016,-0.8969335828178246,0
231,2016[Co][sql]2[ASR]28,1.21868,3.79072,4.53857,4589.29,0.4748,0.389602,335.225,-0.8974796535539182,0
1331,2024[Ni][sql]2[ASR]3,1.23331,3.73537,4.8104,4612.78,0.4736,0.384006,334.985,-0.8992494799949446,0
359,2017[Cu][rob]3[ASR]2,1.3759,5.31106,5.60617,4587.1,0.4485,0.325968,2286.128,-0.8992867958344861,0
1336,2024[Zn][bnn]3[ASR]1,1.32296,3.07198,4.63543,4350.22,0.4568,0.345287,765.36,-0.8997023345046375,0
618,2019[Co][sql]2[ASR]1,1.23778,3.29481,4.90154,4908.4,0.4505,0.363958,1569.308,-0.9011252534644418,0
1220,2023[Cd][fsc]3[ASR]1,1.25117,2.79847,4.33662,4785.08,0.4762,0.380602,1422.066,-0.9052231113931641,0
108,2014[Cu][dia]3[ASR]2,1.31666,4.23828,4.69752,4541.75,0.4659,0.353851,1759.512,-0.9052758149247155,0
58,2011[Zn][rob]3[ASR]2,1.2762,2.91819,4.62786,4561.68,0.4789,0.375254,3197.496,-0.9054999908420764,0
239,2016[Co][sql]2[ASR]7,1.22915,3.64386,4.65454,4548.37,0.471,0.383192,335.225,-0.9064988870081108,0
234,2016[Co][sql]2[ASR]30,1.22494,3.70411,4.57164,4582.01,0.4718,0.38516,335.225,-0.9089328899162015,0
107,2014[Cu][dia]3[ASR]1,1.31892,4.18951,4.54582,4588.17,0.4686,0.355292,1759.512,-0.9095536744400812,0
1365,2024[Zn][sql]2[ASR]2,1.26246,3.75144,4.5346,4815.74,0.4626,0.366426,2407.84,-0.9103552616505739,0
235,2016[Co][sql]2[ASR]31,1.22658,3.66873,4.53547,4577.74,0.471,0.383993,335.225,-0.9131200168244897,0
1325,2024[Mn][pts]3[ASR]1,1.19889,3.81211,4.62639,4565.17,0.4676,0.390029,2109.592,-0.9140205880991974,0
203,2016[Cd][nan]3[ASR]8,1.32728,2.56721,3.94565,4915.58,0.4551,0.342882,4230.968,-0.9181278187291324,0
704,2019[Ni][gra]3[ASR]1,1.30537,3.29005,5.3404,4554.66,0.4655,0.356603,3960.904,-0.9217402832660813,0
10,0000[Co][sql]2[ASR]2,1.2454,3.77985,4.61629,4490.69,0.4612,0.370322,335.225,-0.9219342275479723,0
500,2018[Cu][nan]3[ASR]4,1.56798,3.0153,4.15698,4158.16,0.3974,0.253448,1391.092,-0.9221638563518304,0
800,2020[Cd][nan]3[ASR]4,1.43358,4.68099,6.31819,4451.25,0.4312,0.300786,4030.536,-0.922611748335239,0
576,2019[Cd][nan]2[ASR]2,1.26251,2.98467,5.92297,4779.65,0.4559,0.361106,3244.596,-0.9228882967831837,0
499,2018[Cu][nan]3[ASR]3,1.57622,2.91489,4.16062,4152.83,0.3936,0.249711,1391.092,-0.9259735993471057,0
233,2016[Co][sql]2[ASR]3,1.26453,4.22634,4.57651,4774.81,0.456,0.360608,2413.9,-0.926660325689084,0
218,2016[Co][sql]2[ASR]16,1.26836,3.46952,4.66991,4450.76,0.4582,0.361255,335.225,-0.9277491663751458,0
637,2019[Cu][pcu]3[ASR]3,1.62879,2.75437,4.62631,4136.71,0.3795,0.232996,5199.252,-0.9278513572675346,0
498,2018[Cu][nan]3[ASR]2,1.56704,3.00148,4.14659,4164.4,0.397,0.253343,1391.092,-0.9287454644402835,0
240,2016[Co][sql]2[ASR]8,1.23535,3.56609,4.52454,4573.27,0.4667,0.377788,335.225,-0.9303019955881673,0
1153,2022[Cd][sql]2[ASR]1,1.33111,2.36851,5.68434,4557.86,0.4663,0.35031,1237.776,-0.9317016929855468,0
1302,2024[Cd][sql]2[ASR]1,1.31913,3.48809,4.6339,4747.32,0.4644,0.35205,1039.728,-0.9321049384140794,0
419,2017[ZnSi][sql]2[ASR]2,1.29001,2.6525,4.47519,4711.73,0.4721,0.365965,2223.456,-0.9360365633457721,0
1170,2022[Eu][hcb]2[ASR]1,1.32329,3.8275,5.37546,4850.83,0.4392,0.331899,4595.708,-0.9363579189441191,0
241,2016[Co][sql]2[ASR]9,1.23984,3.53303,4.5278,4556.33,0.4641,0.374321,335.225,-0.9372392982085911,0
418,2017[ZnSi][sql]2[ASR]1,1.31423,2.78365,3.96187,4514.77,0.4721,0.359223,2223.456,-0.939510165458642,0
360,2017[Cu][rob]3[ASR]3,1.37519,5.20273,5.45221,4734.23,0.4339,0.315519,1143.064,-0.9402290550416115,0
212,2016[Co][sql]2[ASR]10,1.24368,3.47625,4.4854,4568.85,0.463,0.372284,335.225,-0.9452948458403228,0
334,2017[Co][pcu]3[ASR]2,1.36161,2.5634,4.11424,4276.16,0.4324,0.317565,3145.952,-0.9470055518872731,0
758,2019[Zn][pcu]3[ASR]6,1.28945,3.27614,4.24148,4471.97,0.4587,0.355732,2973.416,-0.9502052197892183,0
302,2017[Cd][kgd]2[ASR]4,1.65857,3.00289,3.60229,4157.89,0.3841,0.231585,945.47,-0.9508940157088446,0
111,2014[Cu][dia]3[ASR]5,1.33735,4.04987,4.48731,4565.9,0.4563,0.341196,1759.512,-0.9517626560341885,0
501,2018[Cu][nan]3[ASR]5,1.54591,3.17931,4.33299,4206.9,0.3988,0.25797,1391.092,-0.9532724193361748,0
502,2018[Cu][nan]3[ASR]6,1.5408,3.17251,4.34342,4228.16,0.4071,0.264213,1391.092,-0.9546750671113438,0
220,2016[Co][sql]2[ASR]18,1.30898,3.39461,4.34865,4379.49,0.442,0.337669,335.225,-0.9558673477575714,0
1048,2021[Co][pcu]3[ASR]1,1.21954,3.27006,4.76743,4737.09,0.4553,0.373337,2129.684,-0.9568036904427004,0
503,2018[Cu][nan]3[ASR]7,1.53594,3.17778,4.3312,4240.48,0.4091,0.266351,1391.092,-0.960061820314998,0
542,2018[Zn][sql]2[ASR]2,1.3331,3.29028,4.88143,4592.87,0.4589,0.344236,977.598,-0.9600712880070807,0
968,2020[Zn][gwg]3[ASR]1,1.31164,3.37311,4.10489,4564.15,0.4625,0.352613,1810.828,-0.9608794626442785,0
1190,2022[Tb][hcb]2[ASR]1,1.33951,3.76418,5.3418,4805.28,0.4372,0.326388,4623.552,-0.9617935586920972,0
244,2016[Cu][nan]2[ASR]1,1.63875,2.62588,3.52917,4204.07,0.4068,0.248238,1600.196,-0.9629532604514011,0
1212,2022[Zn][sql]2[ASR]6,1.31432,2.82052,4.91763,4900.76,0.4256,0.323818,1265.882,-0.9646249307838417,0
1313,2024[Cu][sql]2[ASR]1,1.2818,3.18367,4.67375,4616.62,0.4591,0.358168,1535.4,-0.9657980930482275,0
738,2019[Zn][fsc]3[ASR]1,1.30104,4.07929,5.40554,4651.08,0.4428,0.340344,1255.748,-0.9680436969189439,0
429,2017[Zn][dmp]3[ASR]1,1.29595,2.22098,4.37416,4859.95,0.4427,0.341602,2175.376,-0.9685968326611538,0
1366,2024[Zn][sql]2[ASR]3,1.32669,4.05284,4.80763,4616.32,0.4479,0.337607,2471.836,-0.9715992762544283,0
987,2020[Zn][nan]3[ASR]4,1.3228,2.45694,5.14255,4644.62,0.4579,0.34616,4719.052,-0.9737213352781502,0
224,2016[Co][sql]2[ASR]21,1.36322,3.01481,4.29817,4294.29,0.4195,0.307726,335.225,-0.9757874412918339,0
1175,2022[Gd][hcb]2[ASR]1,1.36943,3.55599,5.17949,4844.92,0.424,0.309618,3987.852,-0.9810479346066125,0
945,2020[Tb][hcb]2[ASR]1,1.3838,4.07019,5.71864,4630.72,0.4355,0.314714,4699.848,-0.982219137250482,0
1121,2021[Zn][fsc]3[ASR]1,1.28747,2.85538,4.46057,4784.1,0.4458,0.346261,1051.698,-0.984571391116712,0
31,2004[Cu][mog]3[ASR]2,1.38697,2.64467,4.89477,4492.29,0.4501,0.32452,5687.616,-0.985260728525357,0
481,2018[Co][flu]3[ASR]1,1.35477,2.80323,4.4469,4347.99,0.4299,0.317323,916.598,-0.9853412540069859,0
221,2016[Co][sql]2[ASR]19,1.32951,3.2418,4.26185,4379.43,0.4328,0.325532,335.225,-0.9867048468538491,0
317,2017[CoFe][nan]2[ASR]1,1.35961,3.02238,4.56264,4437.54,0.4426,0.325534,7794.528,-0.9868036356958414,0
622,2019[Cu][gra]3[ASR]1,1.57483,3.51527,3.87876,4295.19,0.4129,0.262188,1599.544,-0.9899084531326796,0
1306,2024[Co][pcu]3[ASR]1,1.26962,3.52253,5.1316,4658.96,0.442,0.348136,2053.5,-0.9911272184467059,0
1130,2021[Zn][nan]3[ASR]14,1.29542,2.53338,4.46033,4798.19,0.4412,0.340584,4351.084,-0.9942640610781053,0
163,2015[Pr][hcb]2[ASR]1,1.51409,2.32829,4.47729,4280.67,0.4114,0.271715,3479.512,-0.9974975802623789,0
194,2015[Zr][ftw]3[ASR]3,0.291153,10.49686,25.25819,4624.66,0.8722,2.99568,4241.076,-0.999637864027469,0
898,2020[Fe][hcb]2[ASR]2,0.175207,15.58313,22.94791,4287.68,0.9308,5.31257,792.207,-0.9997009369695573,0
1157,2022[Co][gra]3[ASR]1,1.29727,2.17637,5.07114,4526.67,0.4473,0.3448,3940.42,-1.0001424326389965,0
256,2016[Mg][stp]3[ASR]2,0.284192,26.5894,28.05599,4801.7,0.8755,3.08066,2538.096,-1.0001424790639886,0
47,2008[Co][sql]2[ASR]1,1.5197,2.42717,4.78145,4256.24,0.3961,0.260643,2113.08,-1.0003104804561862,0
311,2017[Cd][sql]2[ASR]2,1.32725,3.37778,4.16728,4638.08,0.4483,0.337765,4935.36,-1.003170200516518,0
584,2019[Cd][sql]2[ASR]2,1.42845,3.57123,5.17907,4540.5,0.436,0.305226,1189.732,-1.0049129945076898,0
310,2017[Cd][sql]2[ASR]1,1.35224,3.38803,4.34287,4660.95,0.4437,0.328123,4935.36,-1.0105403144352554,0
873,2020[Cu][rob]3[ASR]1,1.50997,3.74703,4.7834,4403.96,0.4174,0.276429,1086.956,-1.0135824018933863,0
852,2020[CuSi][pcu]3[ASR]1,1.37362,2.77656,3.76701,4569.74,0.4513,0.328547,1196.028,-1.0156340337731493,0
967,2020[Zn][fsc]3[ASR]1,1.31486,2.42402,3.98072,4636.97,0.4497,0.342014,2171.248,-1.0205180293937353,0
506,2018[Cu][sql]2[ASR]2,1.32478,2.34733,3.54412,4849.43,0.4186,0.315976,2464.384,-1.0257957981511447,0
695,2019[Mn][fsc]3[ASR]1,1.29793,3.12646,4.44247,4568.25,0.4371,0.336766,856.572,-1.0284485603783253,0
209,2016[Co][pts]3[ASR]5,1.28355,3.40775,4.15657,4504.1,0.431,0.335787,590.422,-1.0308657639671823,0
1283,2023[Zn][nan]3[ASR]12,1.49396,3.25741,4.90141,4405.24,0.4139,0.277049,3293.476,-1.0317741317431415,0
969,2020[Zn][hcb]2[ASR]2,1.39429,3.45504,4.07411,4692.37,0.4336,0.310982,5047.224,-1.0339048416812526,0
33,2006[Cu][pcu]3[ASR]1,1.36492,3.10635,4.88164,4735.76,0.4237,0.310422,1247.216,-1.0355026915410541,0
643,2019[Cu][sql]2[ASR]2,1.35179,2.72311,4.90648,4692.81,0.4254,0.314693,1252.08,-1.0472135802703675,0
854,2020[Cu][ant]2[ASR]1,1.42679,3.82441,4.6449,4474.73,0.4114,0.288339,975.876,-1.0483927653792764,0
332,2017[Co][nan]3[ASR]9,1.30886,2.57953,5.76378,4768.4,0.3999,0.305532,2278.941,-1.0484710328144577,0
358,2017[Cu][rob]3[ASR]1,1.46806,4.10393,4.94656,4542.55,0.4101,0.279349,1143.064,-1.0507552561310975,0
169,2015[Zn][bey]2[ASR]1,1.40778,3.42744,4.97664,4768.76,0.4014,0.285131,2139.5,-1.0529294448379913,0
924,2020[Mg][rtl]3[ASR]1,1.32281,2.17537,4.11995,4817.64,0.4037,0.305184,1074.044,-1.0535511996436497,0
986,2020[Zn][nan]3[ASR]3,1.48054,4.73698,5.14688,4686.02,0.3816,0.257744,1943.012,-1.0602231892524572,0
546,2018[Zn][vtx]3[ASR]1,1.43499,2.13544,2.88068,4398.58,0.4224,0.294357,3125.43,-1.0612339391023824,0
1023,2021[Cd][nan]2[ASR]1,1.39413,2.39684,4.50498,4697.96,0.4226,0.303127,2575.944,-1.0637143877483537,0
1311,2024[Cu][pcu]3[ASR]1,1.43071,2.66571,3.65033,4441.02,0.4185,0.292512,2702.736,-1.0681801418269878,0
737,2019[Zn][dia]3[ASR]2,1.37884,2.93609,4.07211,4591.63,0.4248,0.308086,921.508,-1.0694368840371886,0
1312,2024[Cu][pcu]3[ASR]2,1.42371,2.33203,4.03129,4418.23,0.4097,0.287768,5405.472,-1.075043591028236,0
1217,2023[Cd][dia]3[ASR]2,1.4381,2.73752,4.17074,4744.84,0.404,0.280926,2772.072,-1.0805611226693699,0
1330,2024[Ni][sql]2[ASR]2,1.32559,2.34605,3.40263,4530.19,0.4229,0.319028,943.998,-1.0843385259290648,0
1284,2023[Zn][nan]3[ASR]13,1.51073,2.30931,4.46718,4462.1,0.4088,0.270597,2909.34,-1.0855728416100427,0
236,2016[Co][sql]2[ASR]4,1.46846,3.14529,4.81235,4439.71,0.3852,0.262316,964.704,-1.0914086277814563,0
851,2020[CuSi][pcu]2[ASR]2,1.40902,2.27821,3.71461,4546.63,0.4184,0.296944,1196.028,-1.0935515851025854,0
401,2017[PdFe][sql]2[ASR]1,1.49245,2.98008,4.46175,4580.51,0.4036,0.270428,4034.392,-1.1003228845155328,0
402,2017[PdFe][sql]2[ASR]2,1.48934,3.01708,4.37433,4596.57,0.402,0.269919,4034.392,-1.1031103352823703,0
1228,2023[Co][nan]2[ASR]1,1.43846,3.21043,4.70502,4663.19,0.3809,0.264798,1817.23,-1.1088574871283383,0
272,2016[Zn][nan]2[ASR]1,1.55981,2.28398,3.76708,4467.36,0.3968,0.25439,1398.524,-1.1139670146819245,0
395,2017[Ni][hms]3[ASR]1,1.52424,2.34169,3.06322,4478.67,0.3773,0.247534,2531.988,-1.136345340025625,0
